-19.96724510 77.77304077 5.04513693
-20.36724663 73.12303162 6.35313702
-20.66424751 73.93603516 5.28813696
-20.99424553 68.87703705 6.07613707
-24.16924477 75.93203735 31.19413757
-24.19924736 75.92103577 31.17213821
-24.22924614 75.91103363 31.14913750
-26.01024437 77.00203705 14.25613785
-27.90724754 66.40803528 19.26413727
-28.16624641 66.63504028 20.29013634
-28.20324516 66.84803772 19.67113686
-28.19924736 66.83103943 19.60013771
-27.93324471 66.05903625 17.80713844
-27.72824669 66.07303619 18.07013702
-27.75124550 66.17103577 18.46113777
-27.81024742 66.31903839 19.17013741
-27.88724709 71.79203796 13.31713676
-27.66524696 72.06103516 13.14313698
-27.96424675 71.66003418 13.66113663
-27.85124779 71.61603546 13.97113800
-28.01024437 82.03103638 21.39613724
-28.14824486 82.17803955 22.08513641
-27.89724541 81.94303894 21.27213669
-27.97524452 82.00603485 21.37813759
-28.01424599 82.04003906 21.43513680
-28.87524605 72.06604004 21.00213814
-28.82024574 71.91103363 20.86413765
-28.48224449 68.14903259 35.94414139
-28.13424492 68.63303375 37.01514053
-29.03724480 68.75603485 36.24314117
-28.71424675 68.76103210 36.41614151
-28.51724434 67.65803528 38.11714172
-28.52424431 80.11803436 20.69613647
-28.65024757 80.22503662 20.59013748
-28.04124641 86.66304016 20.32913780
-33.24224854 68.76004028 34.62413788
-33.34924316 68.26603699 33.85514069
-33.99024963 68.62103271 34.85713959
-34.28924561 69.10704041 34.67013931
-34.01324463 69.01903534 34.67213821
-34.19124603 68.54903412 34.93713760
-34.08924866 68.59003448 34.89813995
-34.03924561 68.60704041 34.87913895
-34.78524780 68.60903931 34.83913803
-34.69524384 69.07403564 34.70813751
-34.42424774 68.84803772 34.78713989
-34.12524414 68.79303741 34.83213806
-34.05424500 68.63003540 34.86713791
-35.36324310 67.97303772 35.92613983
-37.94024658 66.79603577 41.26613998
-37.42424774 66.58903503 41.94314194
-37.41724396 66.58603668 41.95513916
-38.24924469 80.57003784 30.60513687
-37.99624634 80.58403778 31.99513817
-37.82724762 80.72303772 32.62014008
-37.92724609 80.77603149 33.29713821
-27.50024605 84.35903931 14.93713760
-24.98324776 85.56703186 16.11913681
-26.01524544 85.76103210 15.97713661
-25.11124611 86.41403198 16.57013702
-24.72624779 86.88703918 17.08013725
-24.99724770 86.38003540 16.58813667
-25.01524544 86.49203491 16.64913750
-25.39224434 87.13504028 17.23113823
-26.40624428 87.19903564 17.44713783
-25.25724602 87.19903564 17.85213852
-24.20724678 84.08003235 16.05313683
-24.29324532 84.06103516 16.00513840
-24.24624443 84.13103485 16.03213692
-24.69024467 84.30403137 15.80113792
-24.23224449 84.07704163 16.03913689
-24.62924767 83.96903992 15.82513809
-29.07224464 85.54003906 20.48313713
-28.99924660 84.38203430 21.19113731
-28.46624565 81.50503540 20.38013649
-28.96524620 83.76603699 21.34413719
-28.77724648 83.14103699 21.63913727
-28.86024666 83.40503693 21.67213821
-28.93924522 83.77503967 21.43313789
-28.89924431 83.75003815 21.70513725
-28.90124702 83.79503632 21.68113708
-28.87024498 84.34503174 21.55313683
-28.97824669 84.10803223 21.33113670
-28.92124748 84.54103088 21.27113724
-28.75224495 84.93203735 21.40513802
-28.71424675 85.32704163 21.04013634
-28.19224739 86.77603149 22.24413681
-27.94024467 86.82603455 21.17813683
-25.05224419 81.78303528 16.44213676
-25.44024467 81.24703979 17.85813713
-25.93424416 81.13803101 17.64213753
-25.96024513 81.13003540 17.63113785
-32.10224915 84.46403503 6.65013695
-29.13624763 80.47503662 21.22713661
-28.81624794 80.24703979 21.09013748
-28.77024651 80.27103424 20.74213791
-28.67424583 80.16803741 20.91113663
-28.69324684 80.19803619 20.86513710
-28.71624565 80.69503784 20.59213638
-28.67724800 81.05903625 20.54313660
-28.00324440 81.05403137 19.89113808
-24.32224464 81.48803711 17.81013680
-28.17524529 82.19903564 22.18613815
-28.16124535 82.18904114 22.13513756
-28.19024467 82.21203613 22.13613701
-29.06424522 83.16403198 23.47613716
-28.83624458 83.14503479 22.10913658
-28.65524483 82.87603760 21.52213669
-28.54824638 82.61603546 22.12613678
-28.00624657 82.02304077 21.35813713
-28.25724602 82.27403259 22.13613701
-28.76224709 83.10403442 21.66113663
-26.55324745 82.81404114 25.60113716
-29.21724510 82.68003845 26.22813797
-29.53324699 83.46603394 30.54113770
-28.41724586 83.34803772 29.13113785
-30.58524513 83.60103607 30.98713684
-32.00324249 85.37503815 30.33813858
-29.05424690 87.02403259 32.41413879
-31.09424782 83.82704163 33.17313766
-30.92924690 83.69903564 31.76613808
-31.96124458 86.56903839 30.93413734
-28.10324669 84.30203247 36.46014023
-28.76124763 83.89903259 35.35013962
-28.65124702 83.92404175 35.70413971
-28.87424660 83.84503174 35.52014160
-29.34524727 83.85803223 35.15914154
-29.70724678 83.87603760 34.89413834
-29.66024590 83.87503815 34.90213776
-29.69924736 83.87603760 34.87014008
-29.81524467 83.85003662 35.26813889
-29.80824471 83.85403442 35.24314117
-31.17124748 83.87403870 34.41814041
-31.55524635 83.91803741 34.11413956
-32.04424286 83.99103546 34.22713852
-32.61224365 84.13103485 34.17514038
-33.22124481 83.94003296 34.86513901
-33.66124725 83.88603210 34.84413910
-33.61724854 84.03003693 34.91713715
-34.06424713 84.10504150 34.97414017
-34.48925018 84.15203857 35.05014038
-34.48824310 84.16803741 35.05613708
-33.13224792 84.01503754 34.84413910
-34.48724365 84.18303680 35.06113815
-34.48124695 84.28903198 35.07013702
-34.49324799 83.88603210 34.97813797
-34.74824524 83.59403992 34.94513702
-37.15824890 81.41703796 32.89313889
-37.07124329 81.58603668 32.57013702
-37.09524536 81.47003174 32.36213684
-31.26524544 81.23103333 24.62713814
-33.98524475 81.85103607 26.48613739
-33.71724701 81.72603607 27.03813744
-34.42124939 81.73503113 27.59313774
-33.46724701 81.70303345 26.82813835
-40.76924896 71.79703522 11.45513725
-39.87924957 78.55303955 32.02813721
-40.03125000 77.92503357 33.22913742
-38.59224701 80.30003357 33.55913925
-35.66424561 86.00903320 37.50313950
-34.32924652 86.84803772 36.21514130
-27.16624641 84.10903931 37.50313950
-27.03224754 84.12103271 37.96313858
-27.82624626 84.53403473 37.78113937
-27.13024712 84.01503754 37.30913925
-27.02424431 83.88603210 37.16814041
-27.11124611 83.95503235 37.19514084
-27.16224480 84.09903717 37.47914124
-27.64124489 84.28403473 37.28614044
-27.68024635 84.05803680 36.79814148
-27.72524452 84.23903656 37.01613998
-27.69924736 84.23103333 37.04314041
-27.73124504 84.25003815 37.03313828
-27.67824745 84.11103821 36.84214020
-27.75724602 83.56203461 36.67013931
-27.78324699 83.78403473 36.66614151
-27.70824623 83.95103455 36.73313904
-27.88324547 84.06604004 36.62913895
-27.77324486 83.80203247 36.67213821
-27.80624580 83.80603790 36.65414047
-27.84624672 84.23703766 36.74113846
-28.09324455 84.08003235 36.44113922
-28.06824684 84.07904053 36.46313858
-31.35924721 83.86703491 34.55113983
-30.62024498 83.83303833 34.96413803
-30.49724770 83.86003113 34.68313980
-30.71724510 83.83103943 34.84914017
-30.45224571 83.86103821 34.71614075
-30.50424767 83.85903931 34.70213699
-30.09424782 83.86103821 35.01313782
-30.43924522 83.85103607 35.08013916
-29.85624504 83.85303497 35.23014069
-32.10824585 83.97103882 34.48913956
-32.04524994 83.95703125 34.49913788
-32.06024933 83.96603394 34.47113800
-32.10624695 83.97403717 34.47414017
-32.10324860 83.97603607 34.45913696
-34.49724579 83.21403503 34.46913910
-34.17424774 83.38504028 34.44413757
-34.51524353 83.15003967 34.33813858
-34.67024994 82.79603577 33.40113831
-29.29924583 82.40103149 32.28614044
-29.21924782 80.17103577 22.88513756
-29.43024635 80.29703522 22.81813812
-28.52924538 79.44803619 22.26913643
-27.64524651 74.17303467 20.82113647
-29.77424431 71.66203308 21.85713768
-29.58224678 71.64403534 21.54113770
-29.86024666 71.12303162 21.58013725
-28.58024788 66.12603760 17.51213837
-27.66424751 66.04203796 18.02413750
-24.95424461 66.90503693 15.53913689
-24.40024757 67.17003632 15.40913773
-24.24724770 66.09403992 16.41613770
-28.22424507 66.36503601 21.32513809
-28.20424461 66.62303162 20.49913788
-28.39724541 67.24203491 20.71913719
-28.44824791 67.59303284 20.86313629
-28.47924614 67.76103210 20.65313721
-28.37024498 67.22203827 20.02413750
-28.21824455 66.86503601 19.62613678
-28.17724800 66.60003662 20.42913628
-28.07524681 70.21903992 20.24013710
-28.38124657 70.52803802 20.25313759
-28.42324638 70.57503510 20.26713753
-28.63924599 70.92303467 20.40113640
-28.51824760 70.69003296 20.30913734
-28.06324577 70.85603333 19.92913628
-27.57624626 70.46403503 19.78013802
-27.94124794 70.16703796 20.24913788
-27.98024559 70.14303589 20.28513718
-27.41424751 71.15503693 19.25813675
-26.77924538 71.08003235 18.74613762
-27.28524590 71.65003967 14.96413803
-27.68324471 71.27603149 14.47413826
-27.70524788 71.45404053 14.40513802
-27.83024788 71.25403595 14.28913689
-27.84724617 71.22203064 14.27313805
-27.85824776 71.24203491 14.24913788
-27.98224449 71.56604004 13.85313797
-28.31024742 72.06403351 11.57013702
-27.78924751 72.79103088 11.52613640
-23.65824699 77.05603790 5.90813732
-19.80024529 80.56203461 4.61913681
-20.04624557 81.87703705 4.59113693
-19.92824554 81.79904175 4.44913673
-20.02824593 82.39003754 4.37213707
-27.26724434 68.37103271 6.71413708
-27.96824455 70.76803589 10.33613777
-27.62924767 71.35903931 10.58913708
-27.65424538 71.41304016 10.62213707
-28.74924660 70.73703766 10.60113716
-29.29624748 70.38203430 10.50813675
-28.37024498 70.40103149 10.16613770
-28.14024544 71.64003754 10.93813705
-27.61024666 71.39804077 10.60013771
-28.75324440 71.26004028 11.10213661
-28.39924431 71.87403870 11.28313637
-27.26824760 71.59503174 10.54813766
-24.87524605 71.36903381 9.35813713
-24.34424782 70.54303741 8.20213699
-25.62824440 70.71503448 9.54313660
-24.59124565 69.22803497 7.17813730
-20.21924400 73.02603149 6.66313696
-20.18524742 73.38103485 6.80913734
-20.60724449 73.76303101 6.26313686
-20.71524620 70.82803345 5.65713692
-22.09124565 69.60903931 7.45013714
-22.24924660 69.19203186 7.32413721
-20.61824608 73.85103607 6.32213688
-20.56524467 73.26004028 6.09413719
-20.69024467 74.00203705 6.26713705
-21.03924751 68.95003510 5.90413666
-21.00624657 68.99003601 5.90913677
-20.63124657 69.60803223 6.17913723
-20.33624458 77.36103821 5.18213701
-20.36124611 77.34503174 5.19013691
-36.74224854 71.28203583 28.41113853
-36.36124420 86.19104004 39.10514069
-36.24324799 86.61303711 39.08813858
-35.89824677 86.41203308 38.22114182
-36.87024689 86.57904053 40.51113892
-36.55924988 86.84204102 39.98714066
-36.51725006 86.92303467 40.01414108
-35.58324432 86.97803497 38.38814163
-36.03224945 87.04503632 39.49414063
-35.14324951 86.90903473 37.46014023
-35.13724518 86.89903259 37.38713837
-35.24724579 86.83503723 37.32614136
-35.07324982 86.84303284 37.02114105
-28.53024483 85.18503571 39.93413925
-28.38324547 85.17903137 41.04013824
-28.37124443 85.09204102 39.74214172
-28.32524681 85.06203461 39.69113922
-28.08724785 84.88103485 39.05514145
-28.35424614 85.07904053 39.68214035
-27.93624687 78.39403534 22.11713791
-28.19524574 78.89003754 22.09413719
-28.30524635 79.11303711 22.16813660
-28.85324669 79.94603729 22.87513733
-28.06724739 78.56404114 22.01313782
-28.50824547 79.42403412 22.28213692
-28.49724770 79.41903687 22.30513763
-27.70424461 76.80303955 21.81013680
-27.81724739 75.01503754 21.56213760
-27.67524529 75.93303680 21.75313759
-27.69524574 75.43503571 21.72013664
-27.67824745 75.85503387 21.74813652
-27.68324471 75.77603149 21.74413681
-27.67024422 75.85503387 21.76613808
-27.63824654 75.70303345 21.83213806
-28.31824684 73.16903687 21.86613655
-28.16324425 73.47803497 21.79413795
-28.40024757 73.11703491 21.69613647
-28.70224571 72.54803467 22.09413719
-28.74424553 72.49403381 22.12413788
-28.75624657 72.49504089 22.10713768
-29.58124733 71.22903442 23.57613754
-29.99724770 71.06604004 23.59413719
-29.96324730 71.10103607 23.53513718
-30.29724693 71.09403992 23.24713707
-30.01524544 71.06604004 23.57213783
-30.46524620 70.78403473 24.67213821
-31.17424583 70.66003418 24.06013680
-31.13324547 70.67703247 23.85613823
-30.82224464 70.73703766 24.19113731
-30.87624550 70.72503662 24.23313713
-29.77424431 71.30104065 23.22713661
-31.69624519 70.58503723 24.81013680
-31.93424797 70.53603363 24.61513710
-31.46924782 70.60603333 24.41813660
-32.03024292 70.50203705 24.40413666
-32.57624817 70.45103455 24.62813759
-33.84524536 70.56703186 25.99613762
-33.31224823 70.58503723 26.29213715
-35.70524597 71.38103485 29.03013802
-36.65924835 71.31203461 31.96513748
-36.79824829 71.62603760 32.36713791
-37.58024597 72.07103729 31.61413765
-38.32724762 72.58703613 33.33713913
-39.21324921 73.43203735 32.74713898
-39.02624512 73.24203491 32.55513763
-37.02124786 86.06703186 40.37714005
-36.55824280 86.06803894 39.40314102
-36.90524292 86.61303711 40.61914063
-36.89824677 86.63203430 40.61714172
-37.28924561 86.15603638 41.22613907
-36.72224426 87.02003479 41.48114014
-37.19624329 86.77603149 41.62514114
-29.51324654 85.90103149 42.27513885
-29.24824715 85.61903381 43.38513947
-29.10224724 85.53003693 43.71414185
-27.25224495 76.45203400 22.28213692
-32.95824432 70.53603363 25.79413795
-35.95024872 70.50303650 31.56313705
-35.78524780 70.40803528 31.94213867
-36.64424896 70.98903656 31.92613792
-36.45824432 70.70503235 32.02813721
-35.69824982 70.35203552 32.05613708
-35.94324493 70.44104004 32.03113937
-35.43424988 70.24703979 32.48513794
-35.14924622 70.26004028 32.58713913
-34.52724457 70.37603760 30.12813759
-34.94924927 70.36303711 30.40513802
-34.18724823 69.42703247 34.21913910
-32.50624847 68.97703552 34.30413818
-32.58124542 68.82203674 34.49313736
-33.53424835 68.77203369 34.50713730
-32.79124451 68.70303345 34.56713867
-31.83824730 68.74103546 34.52513885
-31.62024498 68.75203705 34.57613754
-31.19824791 68.75903320 34.74113846
-33.34424591 68.24103546 33.78013992
-32.93024445 68.45303345 33.26514053
-24.49524498 70.22203827 15.52913666
-24.34324455 69.39203644 15.29513741
-27.98224449 66.43903351 16.10813713
-27.01024437 67.25303650 15.22413826
-27.32524681 66.51703644 15.92013741
-25.14624596 66.51903534 15.85013771
-24.88524437 67.13703918 15.39513779
-24.84824562 68.51303101 15.06013680
-24.63024712 67.99303436 15.14013672
-24.67324638 67.84103394 15.15113831
-25.55724525 71.12004089 15.94813728
-25.89224434 71.33903503 16.27513695
-26.06424522 71.41803741 16.44713783
-25.26824760 71.21704102 16.56613731
-25.33024788 71.24203491 16.59313774
-24.99524498 70.95703125 16.07813835
-23.57324409 70.89603424 17.31013680
-23.24524498 70.86003113 17.48713684
-33.98925018 68.09703827 35.47914124
-28.67824745 65.75803375 32.40313721
-25.37424660 69.85003662 21.96613693
-25.84524727 70.96803284 18.09413719
-26.44724464 70.69903564 18.91513824
-25.75724602 70.74003601 18.61213684
-26.27624702 71.48503113 17.26013756
-26.22924614 71.43503571 17.55613708
-25.27524757 71.23204041 16.60713768
-26.06724739 71.42303467 16.49013710
-26.09324455 71.40503693 16.86713791
-26.21924782 71.45803833 16.95013809
-26.07624626 71.41304016 16.57913780
-26.33124733 71.49803162 16.46613693
-36.06924438 67.36803436 37.73114014
-36.34824371 67.24403381 38.24914169
-36.30224609 67.27003479 38.13613892
-37.09224701 67.86103821 36.13914108
-37.36624908 86.59303284 42.10913849
-37.34524536 86.39403534 41.69913864
-34.55524445 87.03604126 42.65713882
-34.49524689 87.04403687 42.49214172
-30.04724693 85.94603729 43.93014145
-30.09524727 85.99304199 43.88214111
-29.86824608 85.96504211 43.23913956
-29.85224724 85.96303558 43.19713974
-30.36524773 68.80703735 35.48114014
-30.57224464 68.75703430 35.13813782
-29.89324760 68.65903473 35.27914047
-30.44324684 68.70103455 34.83913803
-30.39924812 68.69603729 34.84613800
-30.43524742 68.69803619 34.81813812
-30.73324776 68.74503326 34.95713806
-30.39124489 68.67103577 34.38913727
-30.18224525 68.68003845 35.02214050
-28.40424538 68.65003967 21.30113792
-28.40924644 68.61503601 21.24713707
-28.49624443 68.50003815 22.01613808
-28.46424675 67.55803680 20.97013664
-28.47024727 67.95103455 21.00713730
-28.55624580 67.64903259 21.53413773
-28.40224648 68.65803528 21.26213646
-28.38924599 69.08803558 20.88213730
-28.48124504 68.77703857 20.82213783
-28.47924614 68.82603455 20.81413651
-28.23524666 69.43803406 20.92413712
-27.80324745 70.00903320 20.47013664
-27.80324745 69.70103455 21.67713737
-28.30424690 68.59503174 33.74213791
-29.69824791 68.62203979 33.41513824
-29.24424553 68.59903717 35.52814102
-28.89824486 68.57503510 35.57014084
-28.92224693 68.59903717 35.82913971
-28.82524681 68.58103943 35.99214172
-28.85224724 68.57603455 35.95114136
-29.56824684 68.58703613 35.26414108
-29.47824669 68.60303497 35.58314133
-29.45224571 68.64203644 35.77613831
-28.93624687 68.64603424 36.14913940
-25.78724480 75.64903259 30.19613838
-25.60724449 75.65303802 30.33813858
-25.75424767 75.33803558 30.28513718
-25.50824547 75.42503357 30.42513847
-25.08424568 75.45803833 30.59613800
-25.51124763 76.51103210 30.41313744
-25.29224586 75.68904114 30.48013687
-24.38524437 75.64303589 31.07313728
-25.26524544 77.18303680 30.64713860
-25.27724648 75.22503662 28.60913849
-28.42124748 67.96703339 38.85813904
-29.15124702 67.37103271 40.14413834
-29.37724495 67.16304016 41.13314056
-29.42524529 67.11303711 41.35813904
-29.46624565 67.07803345 41.40214157
-29.43824577 67.10103607 41.41413879
-28.99524498 67.50203705 39.58113861
-36.90724945 66.85903931 40.20814133
-37.65625000 66.80103302 40.88013840
-36.98724365 67.01004028 39.45114136
-36.99724579 66.87703705 40.14313889
-36.96724701 66.87403870 40.15113831
-38.48424530 67.48003387 38.89313889
-41.94224548 73.35203552 34.98714066
-32.56524658 86.84403992 43.29314041
-34.49124908 87.03003693 42.70014191
-29.57824516 85.61203766 44.73413849
-29.38424492 67.13203430 41.69514084
-31.82624626 66.08003235 43.51813889
-36.00624847 66.29303741 42.39514160
-36.39524841 66.34903717 42.21714020
-36.13424683 66.29603577 42.49713898
-38.63824463 66.83203125 42.61314011
-37.60724640 66.45003510 42.76013947
-38.66024780 66.91803741 42.04413986
-30.42124748 66.17203522 42.45413971
-30.98524666 66.01603699 43.45613861
-31.22624779 66.29603577 43.74113846
-32.11524963 66.22103882 43.72513962
-31.91524696 66.10003662 43.52114105
-31.98924446 66.08003235 43.50214005
-31.99824715 66.09803772 43.51314163
-40.38724518 81.96103668 41.32413864
-27.02524757 72.10603333 42.21414185
-27.29124641 71.75803375 42.61914063
-27.19324684 72.01403809 43.23213959
-41.34924316 76.22303772 37.47114182
-41.35324860 76.29303741 37.47114182
-33.05224609 82.14203644 38.55213928
-36.44924927 86.98603821 40.04814148
-36.88624573 86.62503815 40.58113861
-26.64124489 70.91503906 18.71513748
-26.66124535 70.76603699 18.89513779
-27.87524605 70.05703735 20.37013817
-29.22624779 70.93903351 20.89613724
-34.41124725 83.09103394 33.99514008
-34.55624390 85.90403748 35.47813797
-28.14324760 81.87203979 20.59913635
-28.23424721 81.82503510 20.47413635
-28.31224632 81.76403809 20.40313721
-28.03924751 81.67103577 20.22513771
-26.40524483 87.20803833 17.57213783
-26.41424751 87.21103668 17.62413788
-25.26824760 87.20204163 17.90113831
-25.34024620 87.20603943 17.88013840
-25.69724464 87.22003174 17.77813721
-26.33424568 87.21003723 17.59413719
-24.83524513 85.76403809 16.25913811
-35.24524689 70.36303711 32.20213699
-25.88424492 76.13504028 29.91213799
-25.78724480 74.11703491 37.07814026
-35.68924713 69.15403748 13.02913666
-28.57824516 82.99703979 11.79213715
-29.29724693 83.53703308 11.67213821
-28.85124779 83.28804016 11.98613739
-37.93024445 86.05603790 42.09413910
-24.34424782 75.03603363 26.26713753
-24.10124779 74.79603577 25.54113770
-26.61324501 71.74403381 30.22513771
-21.20724678 68.82803345 5.78313732
-21.35724449 68.96003723 5.56013680
-24.13624763 69.87803650 15.51413727
-25.49924660 75.56303406 29.03513718
-40.54524994 83.92404175 43.93114090
-34.00325012 84.46103668 23.27813721
-34.35624695 85.33003235 23.07913780
-41.19424438 81.73103333 10.91513729
-31.62024498 65.90503693 33.05014038
-30.08224678 65.73903656 32.64213943
-27.74724770 84.76303101 39.85314178
-24.10524559 79.33303833 43.57114029
-42.58824921 77.44503784 34.96213913
-41.61924744 78.03303528 34.94813919
-25.07524681 79.20404053 8.02213669
-24.47824669 79.29003906 8.08713722
-33.73925018 70.45103455 25.00813675
-40.37724304 69.61503601 21.69313812
-43.23925018 71.95703125 38.19013977
-43.49324799 72.60903931 37.91714096
-44.97324371 76.46303558 4.17013693
-31.12924767 87.04703522 30.53013802
-28.32224464 68.62903595 36.61814117
-37.02924347 68.52603149 41.22214127
-37.77124786 68.90603638 40.12014008
-25.83524513 84.95603943 4.90413713
-25.36424446 85.38403320 4.58013678
-39.94424438 82.90403748 5.76813698
-28.16924477 68.43303680 37.27313995
-27.18324471 69.01803589 37.24214172
-39.80524445 70.16403198 41.32714081
-23.13324547 70.50903320 7.56613731
-21.58124733 69.94403839 7.58013725
-39.59124756 69.11103821 23.77513695
-36.08524323 68.05403137 18.99613762
-29.25324440 71.13504028 11.71413803
-33.99424744 66.16403198 44.32614136
-27.23024559 69.09703827 45.12913895
-19.41324615 80.19104004 5.89813709
-40.34624481 85.22403717 4.93213701
-26.07524681 71.45603943 25.51113701
-23.42624474 68.72903442 24.48413658
-31.16324806 84.19903564 41.73714066
-31.11824608 84.30104065 40.46213913
-44.36324310 79.14903259 23.46613693
-43.75024414 79.10303497 43.19913864
-36.91524506 85.46203613 44.50114059
-24.01424599 83.19003296 24.59213829
-39.11224365 85.41803741 24.74113655
-40.47824860 84.50003815 26.08713722
-40.62624359 84.19903564 26.39013672
-24.52824593 75.70203400 26.73813820
-42.70824432 71.53103638 43.21813965
-34.63924408 82.29703522 32.78614044
-35.19524384 82.84603882 33.78213882
-34.68224335 82.82203674 33.48114014
-28.10424614 84.85103607 7.83313704
-34.19924927 82.37803650 32.59013748
-42.20424652 73.02603149 25.86713791
-41.71324921 72.96704102 26.45313835
-26.79024696 80.11503601 36.93114090
-28.82724571 83.11303711 22.14413643
-28.84124565 83.15003967 22.14613724
-28.20324516 75.94303894 8.67813683
-20.88524437 82.38304138 7.47313690
-40.27724457 69.32903290 19.22513771
-36.30324554 68.67203522 16.70213699
-26.20924568 80.76004028 45.62414169
-26.84424782 80.61103821 45.54814148
-43.65324402 73.70203400 36.76813889
-24.45524406 86.22703552 25.96113777
-38.35124969 72.37103271 30.59113693
-41.84224701 83.37803650 40.64213943
-37.74824524 84.62503815 35.50313950
-25.97124672 81.14203644 17.68613815
-29.79924583 69.71703339 20.89813805
-28.70524788 70.50503540 20.48213768
-31.32724571 85.52503967 45.21014023
-31.91524696 84.93203735 45.12913895
-28.22924614 84.27803802 14.91313744
-31.07324791 67.82503510 4.86913681
-27.67124748 72.95303345 36.22713852
-26.75924492 74.78603363 18.38513756
-27.24924660 72.48204041 15.83713722
-23.23924446 82.89403534 16.78913689
-25.29724693 81.53804016 9.88613701
-37.63524628 83.26403809 7.31613684
-37.55324554 83.47703552 7.89513731
-36.12324524 84.30104065 5.66213703
-28.35524559 82.90003967 36.51113892
-21.42424583 66.74303436 19.15313721
-28.13224602 69.38504028 21.80613708
-32.06624603 85.09503174 16.44713783
-33.17024994 85.11403656 17.26313782
-28.26924706 78.60603333 34.34814072
-21.29124641 82.68503571 7.30813694
-21.66524696 84.32704163 6.06113720
-25.37924767 76.54503632 45.59513855
-24.19724464 76.14303589 31.15313721
-24.15024757 75.93904114 31.20913696
-41.76224518 70.00503540 17.91513824
-25.98824501 75.86303711 34.17613983
-29.74024773 66.74003601 43.15314102
-43.84124756 75.69403076 24.83313751
-24.94024467 67.69403839 15.14013672
-25.40324593 74.98403931 6.39613724
-26.01724434 74.98703766 6.53313732
-26.04224586 74.61303711 6.98913717
-41.35924530 77.96903992 8.97813702
-33.58324432 65.86503601 40.45814133
-34.17824554 65.85503387 40.91413879
-24.43024635 68.67603302 15.17513657
-24.25924492 69.29603577 15.30613708
-26.52024651 71.59703064 17.23213768
-44.21524811 79.41603088 43.02214050
-36.98224640 67.35803223 21.75713730
-22.48824501 68.45803833 7.02513695
-23.89524651 68.62003326 6.81313705
-41.38424683 83.30104065 25.52913666
-24.97124672 67.16103363 4.14813709
-24.51024437 66.89303589 3.93813705
-24.54524422 68.13803101 5.87413692
-24.89524651 68.18103790 5.39813709
-44.25624847 72.06303406 16.84013748
-31.07524681 69.98803711 12.48113823
-32.14724731 70.63203430 26.66813660
-41.08024597 68.96103668 3.54813695
-40.75624847 68.85103607 3.71913695
-38.85025024 69.04603577 5.41213703
-33.75024414 86.37203979 35.47513962
-28.64624596 87.12004089 18.55913734
-27.59824562 87.19503784 18.39213753
-34.62924957 83.14804077 34.49813843
-34.60724640 83.30803680 34.68513870
-35.01424408 83.50503540 34.95314026
-19.66524506 82.49803162 7.25013685
-41.18124390 81.48303223 26.60813713
-41.38024902 83.13304138 25.94713783
-35.97324371 70.51503754 6.29313707
-38.09324646 85.90703583 40.74813843
-41.21424866 68.93203735 4.38113689
-30.93324471 65.95503235 30.00813675
-42.16324615 81.31703186 12.02313805
-29.17124748 67.20203400 44.68814087
-42.71024323 80.21503448 43.46813965
-42.46424866 79.13803101 43.50513840
-24.31424522 69.08703613 6.99913692
-31.50224495 67.06403351 19.34913635
-30.68024635 67.24703979 19.36513710
-32.76324463 86.54003906 43.96913910
-33.30824280 86.75804138 43.74314117
-25.79924583 75.45503235 29.65813828
-25.83824730 75.41903687 29.77713776
-28.31524467 67.78003693 35.50914001
-26.87124443 77.50303650 6.84913731
-25.90724754 74.84103394 30.01813698
-45.77724457 78.55203247 20.94213676
-43.71824646 81.68103790 20.50313759
-28.48324776 70.11203766 39.53614044
-27.44724464 82.45503235 13.31613731
-38.39924622 67.97103882 43.84714127
-27.83424568 82.47803497 45.51013947
-36.72224426 71.67103577 31.32113838
-38.07824707 84.69403839 13.17013741
-20.91024590 69.11403656 17.67413712
-21.15224648 69.79803467 17.57313728
-20.95224571 69.11203766 17.30413818
-28.61524773 70.64804077 25.25613785
-30.31624794 69.72203827 27.53213692
-20.26024437 72.76103210 7.32013702
-27.65224648 77.75403595 20.90413666
-26.37724495 80.99403381 16.79413795
-29.73024559 81.59103394 38.91313934
-44.43325043 72.36803436 21.47313690
-23.42624474 84.33303833 5.03813696
-41.57124329 77.61903381 6.43013668
-23.04924583 81.88003540 8.45213699
-42.66124725 74.45903778 11.51413727
-35.93224335 83.79603577 25.21413803
-32.12924957 81.70603943 24.02313805
-37.80924988 68.27003479 35.24314117
-26.53524590 80.53203583 15.28813744
-26.53424644 80.75203705 14.93413734
-26.45124626 79.94503784 16.32613754
-24.12924767 75.37403870 24.89713669
-24.27324486 75.87803650 24.78013802
-29.02224541 68.38403320 24.28413773
-39.08124542 68.02203369 24.41713715
-24.81224632 70.91304016 41.06414032
-34.38724518 67.45203400 35.12213898
-34.13024902 67.66803741 34.80213928
-34.99624634 70.40103149 32.42514038
-36.99424744 81.91903687 32.38513947
-39.44725037 81.95003510 6.70213699
-39.19124603 82.21303558 7.15213728
-32.87825012 70.35103607 29.19813728
-24.41624641 80.17103577 9.06613731
-36.94224548 85.64203644 21.15413666
-28.64824486 68.81003571 29.63213730
-37.42524719 69.30703735 26.38213730
-41.06324768 83.75003815 25.03713799
-32.16424561 86.86603546 42.75313950
-29.34624672 82.70003510 25.89013672
-29.49224663 82.79503632 25.77213669
-36.80124664 69.91703796 37.80313873
-34.67424774 68.13003540 40.39113998
-35.02124786 86.86703491 43.18714142
-35.57924652 86.43503571 43.19414139
-24.45124626 75.75603485 24.40913773
-27.22324562 75.28903198 22.30313683
-29.29024696 82.81604004 25.33913803
-29.56424522 83.00003815 25.33913803
-28.09024620 86.16903687 3.31313682
-25.00824547 69.23003387 7.91713715
-25.18924522 69.04103851 7.99113703
-27.00124550 87.25203705 21.09613800
-26.10224724 79.06404114 13.46413803
-39.40324402 72.40303802 8.73113728
-36.57224274 71.14103699 7.15213728
-36.01725006 70.88103485 7.16013718
-41.41024780 83.50503540 20.18313789
-41.79324341 83.19603729 20.60613632
-32.19624329 65.93603516 43.40713882
-43.35224915 79.76403809 12.72013664
-43.85624695 79.17403412 13.31713676
-28.21924782 84.93103790 36.64614105
-28.88524437 86.38403320 38.11513901
-40.73124695 71.32403564 40.06814194
-40.99124908 71.65903473 40.17813873
-23.79624748 65.57103729 19.19013786
-21.87424660 68.61403656 4.31113720
-22.35324669 68.57203674 4.93413687
-42.73124695 73.64603424 35.04513931
-38.78424835 69.20903778 15.11113739
-36.46924591 68.68903351 16.20313835
-41.23324585 80.76403809 41.15414047
-35.65924835 66.94803619 38.26113892
-33.19224548 69.66603851 8.15113640
-41.63324738 69.48303223 39.30614090
-41.30825043 69.64903259 37.52214050
-29.29124641 86.08803558 41.67713928
-27.44024467 84.56103516 9.10913658
-38.27024841 85.08403778 26.04513741
-20.26024437 71.65203857 4.45413685
-20.52124596 71.25003815 4.42713690
-19.77824593 72.40203857 4.37513685
-41.70324707 69.08203125 41.64413834
-27.12324715 68.38403320 41.10514069
-25.61924553 69.75503540 38.82213974
-29.98024559 85.97403717 16.16813660
-25.59424782 75.55003357 6.19813728
-23.54024696 76.03303528 5.74913692
-28.34924507 70.51703644 34.52914047
-28.50124550 71.21803284 34.33813858
-29.99524498 84.15503693 12.63313675
-30.15024757 84.19303894 11.54013634
-30.45524788 84.50903320 11.10913658
-24.43224525 81.04703522 40.59014130
-23.60624504 79.18003845 39.39313889
-23.50424767 78.72403717 39.66313934
-26.74624443 83.31103516 45.36114120
-28.23624611 85.08303833 41.85514069
-43.74924469 76.29803467 25.04713821
-28.94524574 81.32103729 20.70713806
-40.84424591 77.00703430 29.89113808
-41.18824768 77.05803680 28.90113831
-40.78125000 75.53804016 29.73513794
-40.69725037 75.88603210 30.26013756
-26.92024422 66.53804016 32.39213943
-39.31224823 85.55703735 4.68813705
-27.88924599 78.61603546 8.43313694
-27.69924736 78.71903992 8.86113739
-28.25224495 77.68203735 7.71313715
-39.62724304 82.46403503 9.08913708
-39.46324921 82.25403595 8.27913666
-31.52424812 70.56604004 27.61413765
-28.48924446 68.78403473 20.80013657
-28.54624748 68.40803528 20.70313644
-26.05024529 79.23603821 8.50413704
-25.23224449 80.28604126 9.34413719
-36.54224396 68.84603882 5.38013697
-36.11324310 67.90003967 4.45113707
-26.88224602 71.21803284 14.99413681
-24.04324532 79.38103485 7.92513704
-23.77724648 79.62103271 7.87713718
-23.86424446 79.66703796 8.10913658
-37.14924622 82.76603699 26.46013832
-36.16324615 70.49103546 32.03213882
-27.20224571 77.85003662 35.38114166
-27.05324745 77.44803619 35.86214066
-30.75724602 70.23803711 11.37713814
-27.06024742 72.73403931 17.05713844
-26.79524422 74.60303497 39.14813995
-26.51124763 76.97903442 39.22814178
-21.73424721 85.92203522 20.09413719
-23.92624474 87.10504150 18.66513824
-32.61524963 67.55103302 44.56414032
-30.66824532 68.76703644 41.14213943
-38.41824341 80.43503571 33.21213913
-39.08924866 79.72003174 32.13813782
-40.59624481 80.25003815 6.76713705
-39.49924469 79.23503113 31.99513817
-33.19624329 66.49503326 34.37913895
-32.26424408 66.09503174 32.85513687
-34.91324615 68.87503815 14.55313683
-25.72924614 74.81404114 39.61314011
-35.75224304 84.84503174 10.32713699
-41.37324524 83.06404114 36.75513840
-39.13824463 83.07403564 35.29214096
-24.49024773 80.84603882 42.11714172
-36.31324768 81.05703735 38.14413834
-43.31124878 80.74403381 38.33813858
-41.84724426 82.57203674 36.91114044
-33.72624969 67.03703308 20.61313629
-30.50124550 67.05503845 19.14713669
-37.17624664 84.31703186 41.71313858
-39.98124695 69.93303680 43.53414154
-35.95424652 68.00703430 43.91114044
-38.01024628 83.96103668 41.70513916
-38.57324982 83.64403534 42.02214050
-39.59324646 84.80503845 44.09014130
-21.46224403 83.74403381 18.12513733
-43.91624451 72.10603333 3.48913693
-33.09124756 68.39803314 34.58013916
-32.80724335 68.53103638 34.34513855
-24.12024498 81.75503540 17.41913795
-22.23524666 82.98103333 21.39113808
-42.01624298 72.85003662 11.91113663
-20.56724739 83.57403564 4.56913710
-20.34024620 83.03503418 4.64613724
-20.62924767 83.75603485 5.02813721
-20.59524727 83.86803436 5.22713709
-26.60924721 76.56903839 11.04513741
-24.16424751 82.81404114 23.84213829
-35.51424408 86.17404175 22.18013763
-35.00624847 86.24803162 20.64513779
-42.81424713 82.08203125 14.67713737
-28.28524590 70.75103760 14.19213676
-30.14024544 69.94803619 14.00313759
-43.12024689 79.62503815 43.36613846
-42.39824677 77.23103333 39.90713882
-41.17324829 72.39203644 26.60913658
-39.43024445 73.36903381 30.62413788
-26.97524452 68.04103088 32.72913742
-38.73424530 69.25003815 26.51013756
-38.43724823 68.88803101 26.36413765
-37.77524567 70.24203491 10.89713669
-28.04724693 73.78703308 21.75113678
-27.38224602 69.86503601 36.83613968
-28.05224800 69.21603394 36.72713852
-28.55424690 69.65703583 36.35314178
-39.41524506 68.76703644 25.73213768
-22.97924614 86.55303955 17.42413712
-22.97424507 86.86603546 18.12913704
-38.13524628 71.59103394 6.49313736
-40.55624390 79.85403442 28.14813805
-40.28724670 80.26203918 28.11113739
-28.02724648 69.85803223 28.83613777
-26.27224541 71.19503784 28.99013710
-26.38424492 70.80803680 28.69413757
-22.43124580 81.27503967 7.59113693
-22.44324684 84.21704102 6.21413708
-38.53125000 72.14703369 6.97813702
-37.67224884 71.69503784 7.19713688
-27.49824715 71.53503418 44.96514130
-26.30224419 77.91403198 17.03413773
-26.23224449 77.79803467 16.83813667
-22.67524529 82.21003723 7.48713732
-45.77124786 77.71003723 21.53413773
-24.73524666 74.77703857 24.27113724
-25.10024452 72.09703064 25.27413750
-22.07824516 74.01603699 7.53913689
-24.60124779 73.26603699 25.29813766
-33.45624542 69.60403442 8.89413738
-24.77924538 73.99403381 27.21013832
-31.40824699 69.36603546 14.37813759
-29.77124596 85.13103485 15.47713661
-31.72924614 84.94803619 13.96113777
-27.15324593 80.73603821 42.81513977
-27.66224480 81.48004150 42.79513931
-35.73324585 81.61303711 29.98713684
-20.10224533 83.37004089 5.51813698
-20.07024574 83.57603455 5.78613710
-19.93524551 83.69403839 6.61713696
-25.87324715 86.64903259 27.95113754
-25.70224571 86.93904114 26.26513672
-29.57124519 84.15703583 24.72613716
-25.46324730 79.06604004 24.59013748
-25.73124504 78.95003510 24.29513741
-37.48424530 86.11303711 41.62313843
-40.53924561 77.17203522 30.84113693
-41.01024628 77.30903625 29.29513741
-40.91224670 68.19503784 42.86114120
-26.71324730 76.20503235 22.64813805
-44.26124573 79.43904114 42.78614044
-23.48124504 65.58603668 20.70613670
-27.08924675 81.38603210 10.42413712
-29.02624702 82.14603424 35.79814148
-27.17624474 82.68703461 36.83113861
-28.10324669 82.44303894 36.55714035
-22.24124718 66.02203369 19.88813782
-22.26724434 66.25203705 20.80013657
-26.90824699 80.22803497 9.97913742
-34.58624268 85.94603729 35.52613831
-34.54324341 85.93403625 35.47414017
-30.26224709 69.64303589 38.66513824
-34.95824432 66.85303497 36.12913895
-25.81524467 77.91304016 41.46313858
-26.09724617 77.69703674 45.42013931
-33.31224823 84.73303223 41.42514038
-32.42924500 86.43904114 20.72013664
-32.72624969 84.80703735 7.88513708
-35.84524536 84.97603607 11.16413689
-27.84424782 69.98403931 20.49513817
-27.81324577 70.01503754 20.45313644
-26.57424736 72.94903564 42.14113998
-26.71524620 73.09204102 44.95814133
-32.81924438 84.65503693 41.49813843
-29.96824455 67.98403931 26.37213707
-25.34224510 80.43603516 45.69013977
-26.37524605 69.13103485 42.42813873
-38.61724854 85.39703369 23.01213646
-37.63024902 69.06003571 38.37913895
-37.81324768 69.18603516 38.22013855
-34.39824677 82.28804016 32.58913803
-41.11224365 80.59903717 27.05913734
-28.51024437 81.93503571 20.62713814
-27.42824745 71.74303436 10.63813782
-41.75924683 77.45404053 37.53913879
-23.52624702 78.12403870 37.74314117
-44.49424744 75.53203583 40.21913910
-44.48925018 76.27304077 39.97914124
-44.47024536 77.70703125 40.65813828
-20.45024681 73.89103699 6.90113735
-24.95924568 78.90203857 24.99213791
-34.21924591 84.17303467 6.55413723
-28.35624504 83.52403259 30.05713844
-26.39724541 83.30503845 27.06813812
-27.36924553 77.20103455 34.70314026
-27.20824623 77.86403656 35.12113953
-27.11624718 77.69303894 36.49914169
-26.99124718 77.28403473 36.15813828
-26.94224739 78.68403625 36.87313843
-33.56224823 69.19203186 13.44113731
-37.95724487 68.91503906 41.17813873
-38.65024567 69.00303650 43.53113937
-35.68024445 85.87004089 4.72413683
-21.44224739 82.96203613 18.44913673
-32.12524414 69.67303467 6.10413694
-31.21324730 69.50603485 6.15213680
-26.96424675 81.48103333 29.09213829
-28.36524773 86.05803680 38.82714081
-28.39224434 85.78003693 39.34114075
-26.34524727 65.54803467 24.27013779
-36.67724609 71.74504089 30.87213707
-44.01224518 71.53403473 17.85213852
-29.30124474 86.25703430 24.67313766
-23.71024513 73.08503723 7.76213694
-20.15424538 70.16603851 3.92913699
-37.45624542 71.50603485 28.65613747
-37.43424988 71.71903992 29.29113770
-30.22624779 83.12503815 35.13513947
-29.27824593 82.69603729 35.98514175
-29.12324715 82.42203522 35.93214035
-19.92524529 77.59303284 4.98513699
-23.78424644 76.35403442 44.03113937
-33.71724701 86.97403717 42.91514206
-29.88424492 85.97503662 20.15113640
-28.14924431 86.80403137 19.77813721
-40.31824493 82.32103729 43.37414169
-32.93124390 83.64403534 34.53913879
-32.12324524 83.77104187 34.70013809
-23.19224739 75.32303619 5.77313709
-22.15424538 75.39003754 5.53913689
-28.19224739 67.75703430 36.27413940
-36.63624573 68.08103943 4.74013710
-38.00024414 68.20003510 4.66113710
-37.86324310 68.09703827 4.19413710
-28.93324471 66.42203522 36.14813995
-26.89124489 66.30303955 31.94913864
-27.48824501 66.35803223 33.17813873
-27.66024590 66.15203857 33.03913879
-19.87424660 79.62303162 5.02013683
-19.84224510 79.08903503 4.98513699
-30.21024513 85.98503113 44.20413971
-30.25224495 86.02304077 44.19614029
-35.32924652 85.69104004 36.28514099
-29.78424644 85.61903381 45.12913895
-29.84524727 69.28303528 44.00413895
-31.14924812 68.56503296 43.63814163
-31.78224754 68.29303741 44.07213974
-24.93124580 71.12703705 16.48813820
-25.77624702 69.66603851 38.35713959
-26.56224632 69.36003113 37.28514099
-32.41624451 85.04803467 13.63013649
-31.63324547 84.85103607 12.19213676
-31.07624626 70.66703796 25.52513695
-30.72124672 70.70703125 25.18413734
-31.13624763 84.93403625 28.46113777
-31.01224709 84.04803467 28.75413704
-28.79924583 68.60803223 5.42713690
-40.85324860 77.43503571 7.68213701
-40.77024841 79.49003601 7.68113708
-40.63824463 79.94003296 7.71913719
-40.77724457 79.42403412 7.31813717
-27.39724541 70.61103821 25.99513817
-21.52724648 66.86003113 16.73113823
-23.41924477 83.60603333 8.00713730
-22.78524590 67.02403259 23.51913643
-22.96024513 84.40903473 4.81913710
-22.25424767 84.61303711 4.62413692
-23.24224663 84.76503754 4.66013718
-22.04924583 85.49103546 4.03513718
-28.41924477 68.97603607 14.83613777
-39.19324493 85.58903503 42.38013840
-38.90524292 85.80203247 43.64714050
-37.94824982 83.96903992 39.43313980
-38.68924713 83.58203125 40.29914093
-40.58625031 84.54103088 40.63314056
-40.90924835 84.51303101 42.70513916
-30.01024437 67.68503571 26.21213722
-39.70624542 70.49003601 5.70013714
-38.31324768 71.47203064 6.31913710
-21.52324486 85.64203644 3.62613678
-27.86324501 70.55803680 14.44013786
-27.08524513 77.20903778 33.44313812
-27.33324623 77.12903595 34.05014038
-21.51324654 69.47303772 7.49013710
-23.90024757 72.62703705 40.58113861
-27.40424538 80.64303589 18.97213745
-45.84224701 77.36603546 21.45913696
-25.55424690 68.89803314 27.18013763
-26.19024467 68.85003662 27.34313774
-35.29924774 87.12903595 40.97513962
-33.75724792 85.00003815 34.00513840
-44.93325043 80.44303894 3.89113688
-41.91324615 79.31604004 41.13414001
-42.46324921 77.47503662 41.35813904
-42.63724518 77.15003967 42.21313858
-27.52124596 81.23004150 39.30313873
-27.25824547 81.08403778 39.41114044
-27.81424522 81.71403503 39.33214188
-27.74124718 81.75603485 39.44113922
-36.78924561 66.44503784 41.61214066
-30.59024620 71.03103638 22.25213814
-44.44324493 81.67703247 3.53913689
-44.54224396 81.68003845 3.80213690
-44.29224396 81.98303223 3.64013696
-43.68524933 82.93303680 4.70713711
-38.62124634 68.83903503 17.66413689
-38.61524963 83.69503784 43.60913849
-36.78524780 84.40003967 43.29513931
-36.48324585 84.44104004 42.79714203
-39.85025024 78.65903473 34.57613754
-33.61924744 82.37703705 30.53713799
-34.35924530 82.07003784 29.80213737
-27.21324730 79.59303284 9.70813751
-34.02824402 68.38603210 38.27914047
-40.18325043 75.41203308 34.53913879
-40.25524902 76.40303802 33.98714066
-43.65424347 75.02003479 5.71613693
-21.29124641 68.52503967 6.81913710
-20.91124535 69.02503967 6.76713705
-19.49724579 74.62903595 4.33513689
-34.67024994 86.11403656 35.70713806
-34.82924652 85.99504089 35.92613983
-34.64724731 85.68803406 35.51213837
-39.52824402 84.08503723 21.24713707
-40.01924896 83.94403839 21.29913712
-33.91424561 85.68003845 18.12913704
-39.75624847 69.23103333 16.72013664
-40.46724701 84.55104065 24.61213684
-41.73624420 83.05903625 14.55413818
-20.70624733 73.87103271 6.10613728
-24.75024605 70.89003754 39.54114151
-20.75324440 73.27603149 5.33313704
-36.48624420 82.21704102 32.13113785
-20.84624672 69.58903503 4.16113663
-21.39124489 68.57803345 3.96913695
-33.62624359 84.75003815 33.89213943
-34.00024414 84.60303497 34.60213852
-35.47024536 85.17604065 12.11813736
-29.03324699 82.24603271 34.11113739
-26.66424751 79.54303741 45.11613846
-31.26124763 84.18904114 45.00114059
-29.07724571 82.69403076 25.68013763
-42.26924896 71.25903320 14.35713768
-19.32324600 80.65203857 4.13213682
-24.32824516 67.90803528 15.21213722
-26.58324623 83.59603882 28.60013771
-26.21524620 83.77304077 29.00713730
-30.33424568 86.80803680 16.74313736
-28.06624794 81.90403748 20.80013657
-27.72624779 81.73004150 20.43813705
-28.03624535 81.92604065 20.91113663
-21.81724739 83.66203308 6.85013676
-26.17624474 78.27903748 45.48614120
-35.04924774 84.69203186 43.68513870
-20.66624641 77.94803619 6.12613678
-40.88124847 75.21303558 29.19813728
-28.68624687 69.06803894 20.57013702
-32.41924286 69.46503448 32.47913742
-26.77624702 81.48703766 20.02213669
-33.51124573 66.99603271 33.63314056
-32.31924438 66.42103577 31.51713753
-45.96624756 76.64703369 16.92313766
-32.86724854 86.36503601 44.11714172
-27.81124687 74.19803619 8.58713722
-27.62024498 74.26703644 8.17713737
-24.56524467 82.31703186 16.24013710
-25.75124550 84.90803528 29.94613838
-33.02524567 86.35903931 44.28013992
-25.32024574 66.72003174 15.66413689
-25.55824471 66.60803223 15.75713730
-40.25924683 76.75903320 32.55014038
-40.11124420 77.63103485 33.25513840
-27.50924492 81.78503418 11.76013756
-42.58224487 70.50003052 20.09713745
-25.24724770 65.93103790 16.62613678
-35.09524536 66.96003723 37.07614136
-38.96524811 80.07403564 30.68413734
-36.39724731 67.28703308 20.72113800
-38.85025024 68.03703308 23.13513756
-25.32124519 66.74703979 29.17713737
-41.15524292 80.15703583 9.54513741
-42.18024445 80.89003754 11.60213661
-38.49224854 68.80603790 18.61213684
-24.96824455 66.95803833 28.57013702
-38.45924377 81.33603668 28.10813713
-38.49224854 82.93003845 27.24213791
-38.95024872 82.71303558 27.44113731
-23.80724525 67.83703613 4.45913696
-29.05224800 66.75403595 18.79313850
-45.98825073 74.81604004 18.61213684
-45.98724365 74.88603210 19.39313698
-46.01024628 76.38903809 20.95613670
-26.86224556 78.66803741 7.51513720
-42.65924835 71.96704102 35.66513824
-37.86524963 82.97003174 35.24013901
-36.61425018 71.01903534 32.39714050
-36.58524323 71.06803894 32.80813980
-27.65624428 86.06903839 3.77013683
-29.11524773 68.75003815 27.29713821
-29.80424690 68.63803101 28.41113853
-27.56624794 68.84503174 28.45113754
-26.94224739 80.10903931 30.29313850
-23.94324684 75.03403473 44.45413971
-31.32224464 68.29403687 29.89513779
-30.47824669 68.67303467 29.40113831
-26.27324486 83.45803833 37.77814102
-32.82624817 86.95903778 35.07313919
-42.02124786 78.03003693 38.01013947
-42.04524994 78.43904114 38.74514008
-42.04824829 77.28604126 37.67113876
-27.13024712 80.84403992 26.11313820
-31.07424736 81.29003906 26.35713768
-30.90924644 81.36603546 26.78813744
-42.91724396 81.07904053 23.89313698
-28.01524544 67.79203796 41.51813889
-31.72624779 81.74103546 28.49213791
-34.09024811 67.70603943 4.85313702
-39.33424377 81.78703308 37.91614151
-31.95024681 66.83803558 16.90313721
-32.34324646 67.05403137 16.85413742
-39.25724792 85.29303741 4.91813707
-26.91924477 84.08903503 41.42113876
-29.45924568 66.32803345 37.27914047
-41.95924377 79.13203430 26.89913750
-41.96724701 78.58103943 27.10913849
-40.56724548 78.57203674 29.47913742
-37.88724518 67.49203491 38.05813980
-37.68024445 66.99503326 39.99414063
-45.01224518 72.51803589 18.30613708
-44.31724548 77.62503815 13.62513733
-44.89724731 77.73303223 14.72713661
-24.66124535 85.35203552 4.41513681
-31.50024605 84.25003815 29.78713799
-38.13324738 67.57903290 23.99513817
-23.95724678 70.06003571 21.12713814
-25.70324516 77.46203613 41.11114120
-23.70124626 79.49803162 7.67613697
-40.93524933 76.88603210 7.15513706
-40.12324524 73.79403687 8.07213688
-42.49224854 84.07303619 4.37813711
-31.24624443 69.17903137 14.81713676
-30.36024666 67.71403503 15.40213776
-19.21624565 81.49903870 6.21213722
-28.95224571 83.37603760 21.20713806
-28.79224586 82.74103546 21.09313774
-27.23724556 73.95503235 19.47313690
-27.21824455 70.05203247 9.46813774
-27.44524574 70.34403992 9.80813789
-31.11824608 86.50804138 43.90814209
-41.12024689 83.53804016 14.65413666
-41.05724335 83.66403198 15.08813667
-23.75324440 65.59203339 21.63613701
-24.47324562 84.39604187 27.01713753
-21.65524483 83.01603699 20.35513687
-31.22824669 66.69104004 18.75613785
-31.38824654 66.56803894 18.53113747
-30.28524590 66.52803802 18.38513756
-21.67324638 86.07803345 18.49313736
-39.52224731 70.70803833 26.52213669
-38.79524994 70.26303101 26.82513809
-26.94624519 83.21003723 36.95914078
-26.88224602 83.44903564 37.05514145
-27.25324440 82.94403076 36.84513855
-27.11524773 84.60504150 6.26113701
-27.61524773 84.81203461 7.36913729
-28.05424690 84.79603577 7.09613705
-29.44124794 83.61103821 31.75613785
-29.86624718 83.73703766 32.99013901
-27.30124474 85.96603394 15.84213829
-27.35524559 86.22903442 16.03013802
-31.97224617 67.83603668 30.42013741
-31.45624733 67.99103546 29.65113831
-27.84524727 70.22403717 20.15713692
-43.36524963 71.30503845 41.10414124
-42.83625031 70.01103210 4.99113703
-42.67324829 69.67503357 4.57613707
-21.03524590 73.83903503 7.53013706
-28.18424797 71.54803467 20.02813721
-28.02424431 71.89303589 19.97713661
-42.08924866 77.50203705 6.14713669
-42.35324860 76.95303345 6.04413700
-26.97324562 71.75003815 39.72414017
-27.56224632 71.12503815 41.00914001
-30.80224800 84.37703705 5.92813683
-30.20324516 84.42404175 6.07213688
-36.59924316 66.22303772 41.09914017
-26.85024452 84.40703583 32.09713745
-28.24124718 84.70303345 36.34814072
-28.59624672 70.02803802 27.03913689
-24.32024574 69.97903442 7.69413710
-43.82924652 81.66104126 17.07213783
-42.90824890 82.46103668 16.35213661
-44.59224701 77.93003845 42.47314072
-44.21324921 74.34603882 42.92013931
-25.36624718 81.24803162 17.61713791
-25.15724754 81.28003693 17.83813667
-36.88124847 84.90003967 12.00513649
-37.70024872 84.63803101 11.95113754
-37.43524933 82.59204102 35.20914078
-25.26424599 70.23204041 9.12513733
-21.06024742 76.51103210 5.30313683
-21.03924751 75.82403564 5.24013710
-21.00024605 74.88703918 5.27013683
-20.71424675 74.71704102 5.15913677
-31.32324791 69.95203400 22.12613678
-41.45824432 74.86603546 27.84313774
-25.68424416 74.96704102 29.40413857
-37.10025024 67.84103394 24.84713745
-23.28824425 67.95303345 6.37713718
-23.17124748 68.37903595 6.75613689
-25.17424583 83.60603333 27.06613731
-35.98624420 67.93703461 44.08414078
-32.32724762 86.66603088 20.11313629
-29.41824532 83.66503906 11.44313812
-29.29824638 83.67604065 11.19113731
-39.71824646 69.43203735 25.77613831
-39.92224884 70.08303833 25.63013840
-40.15024567 69.98204041 24.23513794
-33.34424591 68.57603455 34.98913956
-33.71724701 68.47403717 35.28614044
-31.99324608 68.19903564 44.21514130
-32.82424927 67.93703461 44.40114212
-34.46324921 68.30903625 17.17013741
-35.05624390 68.32203674 17.59813690
-41.28724670 71.47503662 42.99914169
-41.56424713 71.99003601 42.76213837
-26.12524605 76.49403381 12.76313782
-23.29024696 78.07103729 38.14113998
-25.21724510 65.71603394 17.97313690
-39.06324768 68.01803589 23.92913818
-23.97524452 76.92303467 44.92914200
-23.90524483 77.44803619 44.46213913
-24.01024437 75.73303223 31.47513771
-25.75624657 75.53804016 33.65313721
-25.10524559 75.37703705 32.62813950
-28.77924538 69.77503967 14.57613754
-27.43324471 66.04603577 19.03913689
-33.13924408 82.33403778 30.29613686
-21.55224419 69.94203186 18.84413719
-29.48624611 68.12403870 5.03713703
-28.68524742 67.72103882 4.84613705
-28.91824532 67.54203796 4.74413681
-43.18424988 79.55104065 35.50614166
-43.09724426 79.85803223 35.53813934
-41.69024658 81.87603760 35.44713974
-41.98824310 81.82003784 35.57913971
-22.08924675 82.23403931 18.90513802
-23.26624489 81.75603485 18.79513741
-29.39424706 66.46003723 24.94513702
-29.50124550 66.77003479 24.95313835
-29.21924782 66.69003296 24.23513794
-28.29024696 67.10703278 4.36213684
-27.19424629 66.84003448 3.65413690
-30.13124657 66.71903992 26.43913841
-23.52424431 77.43303680 5.97113705
-23.75224495 77.89103699 6.15113735
-36.77324677 83.86703491 35.31613922
-26.29524422 66.84403992 3.44513679
-26.24124718 66.80903625 3.71313691
-22.90324593 66.92703247 3.54513693
-23.30124474 66.96503448 3.61113691
-32.78324890 69.87003326 6.91413689
-24.23324776 77.25503540 37.49914169
-32.45624542 69.60603333 5.97913694
-31.00324440 67.27003479 44.72513962
-40.09024811 75.61303711 33.57213974
-40.05224609 75.08403778 34.21613693
-31.52424812 84.21103668 21.48713684
-30.10824776 82.76803589 21.19213676
-30.33224678 70.66203308 21.80813789
-25.23724556 83.33103943 15.57813835
-39.58424377 74.04703522 32.55313873
-39.40625000 73.81503296 32.37113953
-20.54824638 83.59503174 5.88713694
-21.12424660 84.23204041 6.36613703
-43.32424927 79.25503540 35.35013962
-32.53724670 69.41103363 9.14813709
-32.81724548 86.98103333 42.12514114
-34.17624664 87.04303741 42.33613968
-35.49024963 70.37703705 31.85013771
-37.23724365 69.86403656 11.39513779
-29.40424538 82.97903442 25.01213837
-28.58724785 82.48903656 23.10713768
-31.55824471 66.93003845 16.55313683
-38.28824615 83.74103546 39.09114075
-39.58024597 82.54603577 38.32614136
-39.73724365 82.58403778 38.88314056
-27.75624657 71.45003510 10.67913723
-28.97524452 69.69003296 34.77513885
-27.22924614 81.29603577 27.20413780
-41.62624359 79.96503448 40.75513840
-21.46924400 83.90103149 20.80513763
-19.36724663 74.48403931 4.10613680
-19.29424477 73.93603516 4.12113667
-45.86624908 75.06503296 17.17713737
-26.85024452 76.67604065 36.55313873
-20.12524605 77.89903259 5.19913673
-20.14624596 78.08103943 5.36413670
-26.70624733 75.52803802 35.38713837
-23.78524590 79.69403076 37.72914124
-40.13924408 71.17303467 37.77914047
-40.07824707 73.66103363 6.84613705
-41.16224670 74.70603943 6.37313700
-38.26924896 69.37503815 38.60414124
-23.39724541 74.02803802 37.89714050
-23.17324638 76.14503479 38.87313843
-26.27524757 78.54503632 29.96013832
-26.09424782 79.78103638 28.56913757
-31.95624733 69.40703583 32.93813705
-31.65724754 69.31903839 32.97013855
-36.41624451 66.19303894 43.16913986
-38.63224792 72.37103271 34.62913895
-31.61924553 68.43403625 41.47414017
-33.35924530 67.87103271 44.31613922
-37.48724365 83.64103699 26.47513771
-38.10524750 83.81003571 26.83213806
-21.84724617 82.78703308 18.05813789
-22.05924416 83.68904114 17.46513748
-36.42424774 66.28503418 43.52413940
-35.25724792 66.04803467 43.61413956
-24.94424629 81.46503448 19.33513641
-23.26224709 73.32803345 7.68313694
-38.10524750 66.71103668 43.81914139
-26.35524559 66.22803497 16.20913696
-28.33024788 72.10203552 23.06413651
-28.02724648 73.17303467 22.25913811
-36.06124878 70.77304077 26.78213692
-30.58224678 85.04904175 15.18713760
-29.67924690 84.81404114 5.42313671
-28.94724464 84.48204041 5.94713688
-33.07124329 85.20204163 14.85413742
-26.33124733 87.26303101 23.48913765
-25.32324409 87.23903656 21.44713783
-39.21424866 73.64703369 34.12913895
-39.47124481 73.85503387 34.55813980
-26.39424706 74.41304016 16.37113762
-44.68024445 72.04903412 18.97013855
-40.51324463 77.13303375 34.83813858
-36.13524628 70.85403442 30.50913811
-19.86224556 82.35203552 7.48213720
-19.80224609 83.17503357 6.99513721
-42.20824432 80.98103333 25.21413803
-41.69824982 82.18003845 24.46413803
-30.62424660 81.07704163 24.19013786
-36.58724976 71.72703552 30.13713837
-36.24424744 71.64503479 29.96413803
-36.09724426 71.39303589 30.28713799
-40.19624329 74.82203674 37.51314163
-40.89624786 75.55403137 37.47414017
-40.66724396 74.48303223 37.47713852
-30.16224480 86.76803589 39.49914169
-31.70824623 85.07704163 14.81513786
-31.81324577 85.01203918 14.43813705
-29.81524467 84.52603149 14.28313828
-29.88824654 80.80903625 22.14113808
-36.53524780 68.38403320 41.01713943
-41.89624786 82.06203461 43.65914154
-31.29324532 86.82603455 41.94813919
-30.06824684 86.61003113 41.31414032
-23.83224678 74.39403534 7.07213688
-23.97924614 74.03303528 7.44713688
-24.35724449 85.63003540 3.82813692
-24.95224571 74.36103821 7.18713713
-24.86824608 74.68503571 6.77413702
-34.85324860 69.66703796 34.55213928
-28.53924751 79.71103668 22.85613823
-31.88924599 86.20103455 45.10514069
-29.65924644 86.76903534 35.99113846
-29.18024635 86.57704163 36.08314133
-40.96824646 78.67604065 7.04813671
-40.30624390 74.36403656 7.56013727
-39.39724731 68.42003632 36.85514069
-39.50224304 68.76803589 35.89213943
-42.21924591 74.65003967 39.47114182
-34.07724762 81.69104004 27.70213699
-33.02224731 84.60003662 44.25014114
-38.39624786 69.90103149 12.28813744
-38.43924713 69.44803619 13.75613785
-41.88524628 73.62903595 39.21014023
-25.58224678 72.42303467 24.53813744
-38.76725006 84.20603943 21.78213692
-38.76124573 84.22303772 21.93413734
-19.33924484 81.18603516 7.21413708
-19.13924599 79.94703674 6.87013721
-25.27724648 81.33003235 45.38914108
-42.99724579 81.35303497 38.38713837
-43.83124542 72.51303101 40.19713974
-41.57724762 77.15703583 9.43613720
-41.48024750 76.38803101 9.33613777
-36.35124969 85.84004211 37.49013901
-38.09224701 85.52703857 37.49514008
-44.68824768 73.16603088 22.29213715
-38.62524414 84.66803741 18.72113800
-39.18325043 84.57203674 15.59613800
-37.00824738 71.49003601 34.23913956
-37.73024750 71.94003296 34.49313736
-25.49724770 71.39804077 26.73213768
-37.47824860 85.61103821 36.90314102
-37.04324341 85.74304199 37.18613815
-37.01824951 85.62103271 36.42913818
-26.14024544 79.10403442 41.22713852
-23.23724556 81.82203674 8.86413765
-23.97924614 80.54503632 9.12413692
-30.28524590 67.30003357 3.15313697
-42.18224335 73.04603577 42.97414017
-29.22724724 67.06503296 3.59613681
-29.20024681 67.07403564 4.07513714
-26.22324562 70.20003510 14.94713783
-26.23324776 70.48603821 14.96913719
-44.14125061 79.68803406 23.40413666
-44.52424622 80.20603943 22.01313782
-44.34924316 80.14203644 22.50613785
-30.35324669 68.64703369 20.35913658
-33.37224579 85.81903839 33.28013992
-29.87824440 68.71703339 31.06213760
-30.40824699 86.01004028 44.50014114
-36.83424377 67.29703522 23.06013680
-39.84224701 74.55903625 32.88713837
-19.59124565 79.58303833 5.67713690
-36.11624908 70.39603424 33.17713928
-36.30724335 70.74203491 33.14213943
-35.20424652 70.12003326 33.28614044
-32.47524261 70.84903717 28.40313721
-31.73324776 70.72503662 27.36713791
-32.04324341 70.71403503 28.33613777
-38.96125031 83.46803284 43.37014008
-34.48824310 82.16304016 30.35813713
-34.73424530 82.05503845 29.92013741
-27.13024712 72.62203979 23.34913826
-26.80324745 72.35503387 23.80813789
-30.64224434 66.31503296 28.12813759
-20.29024696 70.58603668 6.30213737
-20.34624672 70.66304016 6.14013672
-42.18824768 83.12803650 19.33613777
-36.11425018 68.07203674 35.19913864
-37.28224945 69.03203583 34.89313889
-37.09124756 68.66304016 34.95413971
-20.34024620 70.53703308 7.12413692
-28.40724754 86.06404114 20.68213654
-28.61724663 85.59603882 20.92213631
-29.91024590 71.73503113 38.62514114
-38.86024475 72.99303436 31.49413681
-38.63524628 72.84703064 31.74113846
-39.30724335 73.61103821 32.70413971
-39.25924683 73.57603455 32.31913757
-46.05124664 75.58903503 17.75613785
-21.42924690 67.41304016 16.60813713
-21.19424629 68.18203735 16.75613785
-21.17324638 67.77803802 16.84313774
-23.66124535 79.04203796 40.66014099
-45.03424835 79.17503357 3.52613688
-45.07024384 78.70003510 4.20913696
-25.53824425 76.67903137 39.97513962
-22.51624489 85.90403748 22.19013786
-22.64824486 86.22703552 21.87813759
-19.61624527 76.93904114 4.66813707
-19.67024612 76.51403809 4.57213688
-29.61924553 69.21303558 34.47613907
-30.66824532 65.96403503 36.01913834
-28.57324791 70.15903473 41.23213959
-39.67824554 83.87303162 12.30413818
-26.17124748 80.84303284 26.87813759
-27.14624596 80.44003296 25.28613663
-30.52724648 65.86903381 34.10213852
-31.26124763 66.00003815 35.15813828
-28.58924675 67.49103546 41.42113876
-28.66824532 67.60403442 40.23714066
-32.25124359 66.04603577 35.13813782
-26.14624596 74.81703186 43.42113876
-26.17924690 74.36703491 43.09114075
-28.59724617 68.39903259 22.54013824
-25.68524742 85.20003510 29.79813766
-24.23924446 85.98903656 25.94613838
-29.10724449 68.86003113 36.17913818
-28.91224480 68.84503174 36.31613922
-26.39224434 74.17703247 14.53113747
-43.71824646 80.78903198 41.87813950
-32.23424530 81.97203827 29.85313797
-27.78424644 68.45303345 6.35513687
-43.65824890 75.98103333 35.20413971
-43.81824493 74.40403748 36.73313904
-23.15624428 66.71703339 24.12313652
-23.27724648 66.13003540 23.18913651
-42.33924866 76.10704041 38.79713821
-42.23324585 75.10903931 38.88914108
-26.38324547 74.54103088 31.06513786
-25.94524574 66.98703766 3.97113705
-26.82524681 67.44303894 4.57513714
-25.45624733 66.95303345 3.92213678
-25.39824486 66.78103638 3.61713696
-24.93524742 66.70103455 3.61113691
-37.25724792 86.79703522 41.94813919
-37.27224731 86.61203766 41.67314148
-19.96424484 83.79503632 3.74313688
-27.09924507 73.12703705 9.95113754
-31.94324684 69.25403595 14.31013680
-37.46824646 84.73703766 19.06113815
-35.30524445 85.00804138 17.49313736
-25.98524666 70.93203735 27.38613701
-30.70024681 86.26103210 3.48513699
-31.05224800 86.26803589 3.83413696
-35.31024933 67.79603577 3.58813691
-28.47424507 80.42903137 33.39513779
-44.09624481 81.65803528 5.33613682
-40.72224426 74.69803619 8.45013714
-43.73224640 72.79303741 14.55013657
-43.93325043 73.34603882 14.27613831
-36.43824768 84.14604187 8.52513695
-27.61024666 71.63803101 14.57013702
-42.65224457 70.73103333 21.10713768
-42.61425018 71.52304077 23.37613678
-43.67124939 72.01603699 22.34813690
-24.10924721 77.57403564 45.26113892
-25.29624748 82.49703979 39.45114136
-24.98124504 82.10603333 38.74514008
-29.62524605 87.18203735 30.12213707
-30.68624687 87.16703796 32.47013855
-41.63524628 84.74903870 4.59213686
-41.76524353 84.56604004 4.84113693
-20.54224586 72.95303345 7.69013691
-21.69024467 72.77603149 7.79313707
-30.46724510 81.33103943 22.27313805
-30.92124748 81.54003906 22.50313759
-28.79024696 86.40303802 23.53813744
-31.68724632 81.39103699 24.56413651
-25.97624779 85.94903564 4.22813702
-38.73724365 80.18603516 33.71113968
-37.64624786 81.14703369 33.83313751
-21.18624687 84.76703644 19.23313713
-21.18624687 84.24203491 19.82713699
-23.92224693 76.52803802 31.60613823
-24.12324715 77.06903839 31.51213837
-24.12124443 77.07203674 31.66313744
-20.78924751 74.50203705 5.25413704
-24.09824562 75.39804077 25.58413696
-21.73424721 86.09503174 18.31213760
-38.83024597 66.90303802 43.69913864
-38.71624756 67.18203735 43.75614166
-32.67524719 83.66003418 38.70114136
-32.38424683 84.16104126 38.82514191
-26.43124580 79.47403717 11.73213768
-41.17024994 82.30104065 26.60813713
-40.93124390 83.53903198 26.60513687
-28.28424644 83.87203979 36.33813858
-28.26624489 84.17103577 36.08913803
-26.71724510 77.16503906 36.85813904
-27.26724434 78.63304138 36.75214005
-43.88524628 81.21003723 5.50613689
-43.56024933 82.72103882 5.32613707
-43.45624542 82.94903564 5.09413719
-26.49824715 66.97903442 15.43913651
-26.27324486 66.58103943 15.78813744
-29.93024635 70.07503510 25.97413826
-36.24924469 82.50903320 33.07213974
-22.46624565 68.02703857 4.21913719
-28.13124657 84.41403198 35.88513947
-41.07824707 72.15103149 11.41813660
-42.77824402 72.45303345 13.39513779
-34.20924377 81.63003540 29.22313690
-25.94624519 73.93603516 39.59313965
-25.11224556 79.05503845 27.08813667
-25.59524727 79.52803802 27.94913673
-25.55624580 79.13703918 28.08413696
-42.55024719 79.64804077 11.26613808
-41.25824738 70.21203613 35.62213898
-41.20924377 69.94403839 36.18613815
-25.61824608 79.87004089 27.74413681
-31.89324760 84.36003113 42.88414001
-31.79724693 84.29603577 43.56114197
-43.00724792 70.14203644 3.85213685
-29.19724464 69.72703552 42.05414200
-29.71824455 69.37903595 42.13613892
-43.24424744 70.61203766 4.93313694
-43.11224365 70.32803345 5.00713682
-42.79124451 75.98903656 42.56513977
-43.00024414 76.16403198 43.24914169
-43.45624542 71.17803955 3.28713679
-37.44424438 85.00903320 15.53813744
-25.83724785 76.49803162 30.14613724
-38.01524353 84.46704102 20.47513771
-37.22624969 84.63703918 19.70413780
-34.37224579 85.06503296 17.20113754
-27.80524635 67.29203796 34.60713959
-26.99724770 67.06303406 33.02313995
-26.65124702 66.80103302 32.15013885
-44.59824371 75.78703308 14.20113754
-23.23324776 83.30803680 8.03313732
-23.16624641 82.91903687 8.20713711
-27.20224571 74.33203125 36.53614044
-26.76824760 65.86603546 18.26613808
-26.71224785 65.87003326 18.00113678
-27.30124474 65.95703125 18.13413811
-43.03524780 79.99803162 24.86813736
-38.79924774 81.94503784 27.50113678
-27.48124504 65.67803955 23.13213730
-27.86124611 65.73303223 23.35013771
-32.30524445 68.38203430 5.16413689
-30.74024773 83.55003357 29.09013748
-31.32024574 83.84204102 30.28713799
-37.50024414 70.09603882 5.81313705
-39.54224396 84.65003967 5.24113703
-43.98925018 77.95603943 37.04914093
-44.38424683 77.62703705 39.75914001
-42.99524689 74.96103668 25.78813744
-39.50624847 71.20404053 5.89413691
-40.12324524 72.62103271 6.18713713
-24.83824730 79.21803284 45.58514023
-43.17624664 76.72903442 25.83713722
-42.08824921 75.27503967 27.09513664
-28.58824730 67.68603516 20.10613632
-42.32924652 80.05104065 35.17213821
-27.47524452 77.13504028 22.19613647
-23.87824440 69.42303467 23.73713684
-28.36424446 81.40803528 39.10813904
-24.74224663 84.92903137 15.82913780
-24.97524452 81.13403320 44.45314026
-40.12324524 68.70603943 4.98513699
-29.59924507 82.79503632 26.03313828
-29.49024773 82.73703766 26.09213829
-26.60924721 79.89203644 11.67813683
-41.05424500 84.42903137 43.71913910
-28.78724480 82.56503296 44.99813843
-28.66524696 82.53903198 45.30813980
-20.10124588 71.93103790 6.84513712
-20.13824654 71.64703369 6.74413681
-36.35224915 85.91403198 38.47214127
-27.40624428 81.02803802 45.34114075
-29.58224678 69.95803833 26.76113701
-27.35224724 74.30503845 19.96013641
-38.42324829 81.54003906 35.14014053
-38.04524994 81.67103577 35.06613922
-24.61324501 72.75503540 8.69413757
-24.26424599 72.29403687 8.19213676
-39.20624542 84.82203674 36.56013870
-30.48724556 85.25403595 15.78813744
-40.65724945 76.09603882 30.50913811
-40.14324951 75.60203552 32.97013855
-40.16024780 75.79703522 32.70113754
-44.58524323 78.02103424 5.56013680
-44.18624878 78.08003235 5.68013668
-27.80724525 86.07003784 15.87813759
-28.48124504 87.09703827 17.50313759
-31.45924568 83.05803680 32.99913788
-31.52924538 83.62903595 34.71213913
-31.44724464 83.47703552 34.50313950
-27.78624535 80.62103271 36.56113815
-36.95024872 86.46003723 42.44514084
-26.22724724 73.09204102 39.85314178
-26.48824501 72.90003967 41.47314072
-38.18524933 83.24303436 6.12613678
-37.04724884 81.75503540 32.38414001
-36.81124878 82.32704163 32.86413956
-27.74524498 76.61203766 9.52013779
-23.56624413 77.56203461 42.17214203
-30.36824608 70.19203186 10.82213783
-26.90624428 77.01603699 34.82513809
-39.78024292 73.22103882 8.13913727
-41.04425049 73.92303467 6.21313667
-41.49524689 74.39403534 6.12513733
-40.70724487 72.74103546 6.03913689
-23.56924629 86.71303558 22.68713760
-40.11824799 67.67203522 42.32014084
-30.76424599 68.73303223 39.03514099
-28.78524590 66.99403381 3.84613705
-45.97525024 78.83303833 18.90513802
-37.56724548 67.62103271 21.67213821
-33.87324524 82.45603943 32.16114044
-30.17624474 73.32803345 38.60913849
-29.28924751 74.85503387 38.75413895
-22.66224480 66.74403381 16.05813789
-27.01924706 84.63103485 8.64113712
-26.76824760 84.71103668 8.09213734
-32.23924255 68.22303772 31.28213692
-31.68224525 68.50203705 30.82513809
-40.90024567 79.47103882 6.78513718
-39.55524445 81.84204102 7.06313705
-25.94224739 69.40303802 39.46014023
-26.53624535 68.84503174 40.80514145
-24.78024483 75.96303558 32.84513855
-39.29524994 85.43803406 41.07614136
-38.89524841 85.60103607 40.74914169
-34.54524994 86.40303802 43.77413940
-34.49824524 86.24504089 44.04413986
-34.08724976 85.76103210 44.20613861
-30.51824760 86.89604187 18.21113777
-35.16824341 66.80203247 36.87213898
-26.62724495 74.32703400 12.11013794
-37.96924591 70.84003448 27.39013672
-38.62024689 70.17603302 26.86513710
-21.24524498 66.84303284 18.01713753
-32.16324615 68.07003784 15.98013687
-32.71424866 68.43903351 15.96113777
-39.48824310 69.82203674 26.20113754
-38.65024567 69.63403320 26.70613670
-32.95424652 69.58403778 32.59713745
-26.82624626 82.47703552 10.17013741
-25.92224693 76.90603638 45.53514099
-36.63124847 66.38003540 40.34214020
-36.69424438 66.56503296 40.68914032
-20.23224449 69.78903198 3.27913690
-25.92924690 77.29603577 42.85013962
-25.92224693 76.73903656 42.97914124
-23.24924660 84.10903931 6.46313715
-31.12724495 84.30903625 39.57413864
-32.37624359 84.67604065 40.45814133
-26.73424721 72.21403503 39.42713928
-28.62224770 70.17703247 39.02214050
-24.36724663 84.54603577 15.99513817
-28.72824669 84.81203461 22.81413651
-28.70324516 66.92003632 22.36213684
-41.61924744 73.05703735 34.93214035
-41.51424408 73.64003754 34.93214035
-20.68424416 69.15003967 3.66213703
-25.14724541 77.54203796 31.36913681
-23.83024406 81.54904175 9.37713718
-23.21424675 81.17103577 8.78313732
-23.33224678 80.63304138 8.57913780
-39.73224640 74.37403870 34.56013870
-30.82124519 69.42003632 31.33713722
-29.30324745 69.52603149 30.52613831
-22.86724663 85.09703827 16.83713722
-35.86224365 86.09903717 4.03713703
-27.49924660 71.40903473 19.26613808
-33.39124298 70.35003662 30.29713821
-41.26424408 78.27203369 28.25113678
-25.03524590 69.15503693 25.41113663
-23.32924461 74.45003510 38.99813843
-40.68325043 78.64103699 29.14313698
-40.86324310 78.13603210 29.11713791
-40.14324951 79.93803406 28.61713791
-25.04224586 72.97203064 8.97813702
-25.55624580 74.91403198 31.24813843
-26.29524422 74.37203979 30.69413757
-26.68624687 80.66803741 16.81013680
-24.55724525 68.44803619 6.43713713
-38.48824310 69.02503967 15.63413811
-37.62825012 68.83903503 15.72113800
-31.25724602 86.41403198 44.24514008
-44.63824463 76.38903809 14.21013832
-43.31824493 77.30903625 11.84613800
-40.98024750 69.61103821 18.99713707
-45.31624603 77.59303284 22.62213707
-45.12825012 78.86903381 22.38513756
-27.55324745 74.34703827 20.66213799
-27.51424599 74.64403534 20.62113762
-42.50024414 69.69303894 4.89613724
-42.31924438 69.52803802 4.97013712
-42.37825012 69.49103546 4.10813713
-31.88124657 83.52304077 22.17113686
-31.63424492 83.06803894 22.18413734
-33.42824554 83.51503754 23.33513641
-33.05424500 82.91104126 23.32713699
-23.43024635 70.24903870 7.51213694
-22.74024773 70.12303162 7.45313692
-40.34424591 82.59503174 43.87113953
-39.16524506 83.59903717 44.12414169
-28.72724724 68.50203705 36.05514145
-35.90324402 83.85704041 6.66313696
-27.99424553 74.68904114 7.79513693
-27.77824593 74.78203583 7.54213715
-28.37724495 68.36103821 37.11014175
-28.32724571 68.44003296 36.60314178
-37.64824677 68.74303436 20.13313675
-24.41924477 66.01403809 25.57813835
-30.35224724 67.32803345 15.65813828
-28.76924706 85.83503723 20.44013786
-28.82224464 86.57904053 19.61313629
-42.05424500 70.91003418 23.07213783
-26.84424782 81.58503723 14.23613739
-43.95224762 71.38504028 19.72313690
-39.25124359 80.20404053 34.92813873
-39.24724579 80.01503754 34.84713745
-40.07225037 78.52603149 34.79613876
-40.84524536 68.09303284 43.36714172
-41.47424316 68.65203857 43.09814072
-39.21224976 79.45503235 33.81513977
-26.55924416 71.26503754 15.29113770
-44.61324310 75.00303650 23.53513718
-34.96024323 85.04503632 18.59613800
-35.33824921 84.94203186 18.36113739
-34.20424652 85.07603455 17.61213684
-37.61425018 68.56403351 43.43814087
-37.49224854 68.67603302 41.67113876
-23.45324516 83.40703583 8.31413651
-30.97324562 84.03703308 39.04914093
-44.70824432 74.46903992 5.09613705
-24.06224632 85.81203461 25.80613708
-37.56824493 86.19703674 44.38713837
-38.24524689 86.00303650 42.75214005
-40.11624908 69.78903198 23.23313713
-39.80624390 69.60303497 23.28813744
-25.65024757 75.78503418 41.10314178
-36.17624664 68.44003296 24.83313751
-34.91924286 67.85603333 23.07313728
-42.99624634 80.78604126 12.93013763
-25.93524742 75.59603882 45.50614166
-35.14824677 82.07203674 31.68613815
-40.80724335 83.64403534 21.16613770
-41.63924408 82.71203613 23.09613800
-41.57225037 82.44503784 24.05813789
-43.74624634 72.09603882 40.96113968
-33.08924866 86.70803833 33.72414017
-27.28024483 80.44503784 18.83813667
-29.94624519 66.29203796 40.29214096
-20.33224678 80.05203247 7.81413698
-20.02724648 81.84003448 7.63813686
-43.74324799 74.24303436 13.30313683
-25.48124504 71.92604065 27.69713783
-26.11124611 72.24703979 29.36913681
-34.67924500 82.53203583 24.76413727
-27.28124428 77.80303955 19.99013710
-27.61324501 79.73503113 19.48313713
-39.24024963 84.53003693 18.61213684
-25.24524498 72.47903442 27.57113838
-22.18224525 80.34103394 7.61413717
-21.67524529 80.81203461 7.59913731
-19.06524658 74.13203430 3.22813678
-19.29424477 75.99703979 3.79213691
-28.06124687 71.63303375 35.75714111
-25.31624413 69.05303955 8.13813782
-22.58824730 79.47403717 7.52213717
-22.22424507 79.13504028 7.44013691
-44.76924896 81.14903259 4.85113716
-29.78424644 86.85403442 16.59913826
-45.95824432 78.83903503 18.35213852
-46.14524841 77.14403534 17.89013672
-46.19924927 77.40303802 18.50413704
-44.28624725 75.95803833 5.61513710
-41.25325012 69.21303558 38.96113968
-39.23624420 68.69503784 5.23213673
-41.64824677 79.55303955 27.08413696
-42.78524780 79.67503357 25.47713661
-30.68724632 81.04903412 23.33813667
-31.26024437 81.29903412 23.82313728
-28.91324425 79.88403320 22.17313766
-41.84924316 71.11503601 43.37714005
-37.36724854 69.17503357 37.90013885
-31.78224754 84.94403839 11.67513657
-26.14324760 81.25903320 18.50913811
-26.42024422 81.36803436 19.28013802
-26.17624474 81.13803101 17.83013725
-37.77324677 72.15703583 31.18913841
-33.00424957 68.72203827 34.67713928
-32.75924683 68.81403351 34.50214005
-24.01324654 75.93403625 25.33513832
-37.39324951 71.96903992 30.66113853
-45.11425018 80.39804077 19.59013748
-45.06424713 80.50103760 18.80213737
-27.78424644 74.34703827 34.47513962
-20.89024544 68.91003418 18.12813759
-20.98524666 69.35103607 18.13913727
-45.34524536 73.13903809 18.17513847
-31.55224800 85.51004028 29.32213783
-21.95124626 66.90803528 21.20613670
-44.64824677 76.54603577 41.75413895
-44.47024536 75.88504028 42.89113998
-26.97124672 79.73103333 10.97513771
-26.82124519 79.96503448 11.37613678
-34.98824310 66.11803436 43.34814072
-44.57225037 77.75303650 42.67314148
-44.49024963 77.88803101 42.89113998
-27.98124504 74.31703186 9.24113655
-36.17324829 66.04003906 43.85314178
-35.91824341 66.09903717 43.41714096
-21.95224571 66.07303619 17.99213791
-23.81624413 65.69303894 17.51113701
-23.05024529 65.68203735 17.87513733
-30.51224709 81.75203705 27.76813698
-25.50324440 86.99403381 16.98313713
-33.52324677 86.70603943 35.64913940
-27.42624474 79.05303955 9.11313725
-32.46524811 84.73703766 21.89513779
-36.07124329 69.79103851 10.77213669
-36.40924835 70.05303955 10.05613708
-26.47524452 80.28604126 15.18313789
-26.67324638 83.66703796 37.36613846
-26.34724617 83.28403473 37.24414063
-25.55224419 82.24203491 37.25014114
-33.69924927 70.58603668 31.32913780
-28.59824562 70.69803619 34.11314011
-28.48624611 70.23903656 34.34313965
-28.57224464 70.74203491 34.21014023
-34.81024933 70.48603821 30.87413788
-43.06824493 82.31404114 20.31513786
-31.29824638 85.50503540 20.68513680
-31.11024666 84.91003418 20.90613747
-30.79724693 86.03203583 20.21413803
-33.46524811 66.81303406 18.16013718
-34.16124725 66.86803436 18.72713852
-36.39424896 67.31303406 20.59913635
-30.66324806 84.66203308 13.96213722
-21.55524635 84.07603455 6.70013714
-40.47324371 81.16703796 6.27313709
-29.61624718 83.51903534 40.16114044
-39.14524841 67.26703644 41.35713959
-39.15625000 67.64903259 39.48614120
-38.85025024 67.25903320 40.63914108
-36.28125000 81.79303741 30.56313705
-35.54224396 84.82303619 44.60713959
-43.08924866 71.14903259 5.30113697
-31.50624657 67.65803528 19.77813721
-31.70724678 83.91003418 34.48413849
-31.72124672 83.86603546 34.66313934
-44.13324738 73.71003723 39.57213974
-35.77224731 70.57503510 30.40313721
-35.93324280 70.63803101 30.70513725
-30.70224571 65.82803345 34.06813812
-31.58124733 65.89903259 34.44313812
-30.94324684 65.85203552 34.36113739
-35.92424774 70.35003662 33.35813904
-36.07824707 70.66703796 34.13013840
-28.79324532 65.66103363 30.23213768
-44.64424896 80.81503296 5.30213690
-21.84424400 74.20303345 7.39113712
-37.89424896 81.35903931 37.99914169
-40.32724762 80.91703796 37.81214142
-32.08824921 83.98303223 34.38813782
-28.85424614 65.65103149 29.41113853
-27.46024513 78.62303162 32.10113907
-28.72224617 83.63504028 10.69513702
-26.60424614 78.29203796 30.74013710
-26.99324608 78.45903778 31.28913689
-26.81824684 78.06203461 31.24813843
-29.63924599 83.23103333 35.90713882
-21.14124489 78.18904114 6.70513725
-22.92424583 78.18303680 6.43213701
-27.95224571 85.77903748 15.67413712
-30.37924767 84.43503571 13.23013687
-29.94724464 84.41603088 13.87313652
-30.77624702 84.52403259 12.45413780
-28.38524437 71.85303497 11.23913765
-28.40824699 71.92103577 11.44013786
-23.35724449 84.98403931 16.53513718
-23.57224464 85.38003540 16.54313660
-22.55324745 85.83003235 3.59813690
-22.99524498 85.45003510 4.08713675
-22.92724419 85.59503174 3.84713697
-28.90724754 83.71603394 22.58513641
-38.25824738 85.35203552 25.49813652
-39.00624847 85.23103333 25.84513664
-33.33024597 85.22503662 11.09413719
-32.75124359 85.16203308 10.46013737
-43.43124390 73.87803650 35.46514130
-22.77124596 83.98603821 6.54213715
-21.70524406 83.30503845 17.88813782
-21.73924446 84.10704041 17.71513748
-34.64624786 67.73203278 3.50413680
-27.20824623 86.75003815 30.69813728
-27.55424690 87.16304016 27.39613724
-20.88124657 84.02903748 4.66913700
-20.50424385 83.73503113 4.35013676
-22.20424461 84.26703644 17.27713776
-41.55825043 83.35203552 38.83113861
-38.93624878 69.05903625 43.65814209
-26.29724693 74.34503174 44.26314163
-31.34024620 69.78903198 13.03713799
-24.08824730 85.09603882 4.17013693
-27.57324791 87.19703674 18.89813805
-28.15024757 87.12703705 19.03213692
-25.36624718 72.49603271 24.72513771
-42.58824921 71.16703796 37.40513992
-42.83924866 71.88403320 36.54914093
-42.78824615 70.86903381 39.24314117
-30.30024529 69.21703339 20.74113655
-29.04424477 68.66903687 20.33513641
-26.65824699 65.89303589 30.16113853
-26.87624550 66.07203674 31.30913734
-25.32824516 66.08103943 27.94313812
-23.16924477 76.92003632 38.15113831
-29.80224800 68.15003967 19.97113800
-30.82424736 67.49703979 19.60313797
-40.22824860 77.21403503 32.53614044
-40.42124939 83.51503754 23.62913704
-40.21324921 83.95404053 23.50613785
-31.17524529 69.00403595 15.03913689
-38.60924530 69.67503357 38.18914032
-40.01924896 78.02603149 32.48114014
-40.03524780 77.96303558 33.00114059
-26.31524467 79.60603333 40.73913956
-26.77224541 80.18303680 42.42514038
-28.66124535 67.04903412 38.40013885
-28.93724632 66.46003723 36.78013992
-29.25124550 66.22803497 35.94414139
-28.64824486 66.57703400 36.50614166
-30.43424797 66.07503510 37.82413864
-30.39924812 66.13603210 37.69913864
-33.17324829 86.92203522 43.08214188
-22.58724403 68.21203613 5.09013700
-22.95524406 67.81103516 4.19113684
-33.75824738 70.40603638 24.82313728
-40.66324615 85.19203186 4.71913719
-25.50224495 82.17203522 43.82514191
-20.64824486 72.53203583 7.80013704
-27.51924706 68.53903198 32.91814041
-26.44324684 68.45103455 30.78913689
-42.00124359 84.46103668 4.03713703
-41.99824524 84.45003510 3.51613688
-21.63924599 82.68003845 7.23213720
-21.62124443 82.12403870 7.37413692
-25.67924690 84.67903137 29.66313744
-37.39924622 71.14703369 8.48213768
-29.48224449 68.77903748 29.56213760
-40.24824524 68.58703613 4.09313679
-39.96524811 68.52803802 4.26713705
-27.37724495 70.04603577 29.12913704
-27.34624672 70.13303375 29.88213730
-27.68824577 69.94303894 30.03813744
-20.83224678 71.10103607 5.48113728
-20.72324562 71.42903137 4.78613710
-44.02824402 71.41903687 18.84713745
-29.58724785 69.59203339 29.60813713
-28.58824730 69.66703796 29.55613708
-34.12424469 69.58803558 33.75914001
-34.00524902 69.36003113 34.14413834
-30.93424797 84.61903381 20.95913696
-34.81924438 85.07803345 17.22813797
-24.62024498 86.52304077 25.64613724
-26.11824608 86.89503479 27.28613663
-31.69024467 69.06203461 14.92813683
-28.49824715 66.09703827 23.11613655
-28.69724464 79.90003967 21.20713806
-34.43824768 85.02403259 35.02214050
-34.07324982 85.26803589 34.52313995
-30.78224754 68.60603333 29.55813789
-30.34524727 68.31103516 28.01113701
-30.03724480 82.87004089 34.45613861
-18.88824654 77.80703735 3.79513693
-34.43024445 69.57303619 10.58713722
-34.64924622 69.65203857 10.21013737
-25.66124535 86.51004028 27.95713806
-25.46224785 86.32303619 27.88113785
-25.49824715 73.88703918 23.64913750
-26.00024605 73.83203125 23.29513741
-43.25624847 79.92103577 35.77214050
-29.07124519 83.57704163 23.17113686
-36.61124420 71.36803436 31.16513824
-36.60924530 71.28804016 31.41613770
-27.64924431 70.25403595 36.65013885
-28.32824516 70.19303894 36.33314133
-29.11124611 69.44803619 33.56513977
-29.28824806 69.39703369 33.54113770
-29.07724571 69.41903687 33.20213699
-34.60924530 69.75903320 33.91313934
-24.87724495 82.82203674 15.84513664
-41.93024445 76.28203583 37.51514053
-42.21724701 76.71303558 38.01514053
-21.91424751 67.96303558 6.02113724
-22.01724434 68.03303528 5.74613667
-22.27724648 68.39403534 7.03113699
-26.86924553 73.21903992 13.14213753
-27.25624657 73.15403748 11.94913673
-42.11324310 79.01503754 42.01713943
-42.63824463 82.82803345 17.04613686
-25.69824409 79.66003418 8.95613670
-26.23324776 77.66703796 30.64513779
-26.24624443 77.80603790 30.38513756
-38.63924408 68.16603088 25.64313698
-24.80724525 76.96103668 24.16113663
-25.42024422 78.45903778 24.23513794
-32.14924622 66.11203766 36.92314148
-32.75224304 66.10803223 36.45914078
-33.88324738 84.88003540 39.07014084
-25.74524498 76.03903198 39.45914078
-37.70224762 67.96603394 36.16114044
-27.23424721 78.73403931 22.98413658
-24.07124519 85.52003479 16.33713722
-23.85424614 85.70303345 16.52413750
-26.64824486 73.17103577 43.87414169
-26.97524452 72.51603699 44.15013885
-45.15625000 76.92403412 23.03313828
-30.48024559 76.56203461 38.66913986
-29.86724663 83.55903625 25.56513786
-41.96424866 69.76503754 5.19213676
-29.43224525 86.27903748 4.07413673
-29.06924629 66.24803162 35.53713989
-27.84524727 66.83203125 34.42413712
-28.40924644 66.76403809 35.30213928
-39.84324646 74.49203491 32.99913788
-39.97824860 74.99603271 32.92813873
-31.86724663 86.20003510 4.16613674
-29.03624535 84.27403259 14.76913834
-28.55724525 86.97103882 24.07013702
-31.59624672 86.91403198 30.97113800
-43.44524384 70.89603424 4.77713680
-30.29324532 70.45603943 11.97413635
-27.62924767 68.99903870 36.94013977
-40.13624573 68.62203979 3.62613678
-40.96224976 72.34903717 37.74214172
-29.83524513 83.34204102 44.48413849
-42.01824951 72.64203644 25.81613731
-28.07824516 78.00303650 34.05113983
-27.88524437 77.93603516 33.48413849
-27.44624519 65.90003967 20.13913727
-32.16824341 70.26103210 29.10113716
-32.58924866 70.07603455 29.40413857
-29.44224739 82.88803101 27.31913757
-37.37724304 82.21603394 26.84513664
-36.54124451 82.39703369 26.19313812
-31.94424629 69.78203583 29.61913681
-31.12324715 69.94903564 28.39113808
-31.15424538 69.66403198 28.85313797
-35.07424927 85.24803162 12.54013824
-35.80024719 82.48903656 32.92013931
-29.43624687 82.80503845 27.01513672
-37.91524506 84.65403748 12.40613747
-31.22124672 69.48303223 30.81413841
-31.54824638 69.54503632 30.10813713
-31.54924583 69.76403809 29.32813835
-41.52424622 83.00503540 13.83213806
-40.48124695 83.59503174 13.10813713
-26.33424568 76.34503174 34.75713730
-22.67524529 69.94803619 16.26813698
-29.00024605 72.16103363 22.32613754
-26.37424660 78.95103455 7.84813690
-32.49524689 66.35003662 32.06813812
-28.68924522 86.30803680 37.28813934
-33.40224457 67.37003326 32.93013763
-33.45124817 67.64403534 33.08013916
-27.12724495 80.51004028 45.04214096
-27.13024712 80.63903809 45.43313980
-32.22424316 66.65103149 30.98113823
-31.84824562 66.53203583 30.35913849
-26.38524437 74.19104004 14.01813698
-26.49924660 73.89503479 13.79113770
-26.46224785 74.28303528 13.79513741
-35.99324799 70.52503967 8.26613712
-28.97724724 65.76203918 26.04713821
-22.86224556 67.86503601 5.85813713
-27.14624596 74.68303680 36.18214035
-35.63224792 87.06803894 42.41514206
-36.17524719 87.08003235 41.74013901
-30.24224663 69.63203430 21.03713799
-30.47024727 69.71703339 21.20513725
-21.75624657 66.50803375 19.81013680
-39.37324524 82.89003754 9.45713711
-40.37624359 82.64903259 10.86413765
-29.21124458 82.93603516 36.14714050
-23.09924507 73.07803345 7.72613716
-45.61824799 78.18803406 21.68313789
-45.31024933 78.10903931 22.44013786
-38.33924866 84.07503510 10.85213661
-43.72324371 71.77803802 42.91413879
-29.05324745 68.82503510 8.33713722
-38.86224365 83.27803802 38.73114014
-38.87124634 83.14703369 38.32913971
-39.43524933 82.98204041 40.24314117
-39.22224426 82.60603333 8.49513721
-39.01324463 83.23204041 9.54413700
-32.14824677 70.37004089 23.31713676
-31.66724586 70.49003601 22.90813828
-39.48024750 71.43203735 34.81913757
-38.13424683 71.36003113 34.67613983
-37.89724731 71.37403870 34.66713715
-35.61724854 68.35903931 18.03013802
-35.74024963 68.44903564 17.81213760
-27.40724754 87.17203522 20.75613785
-24.67624474 81.39003754 18.46213722
-39.70024872 80.05503845 29.12813759
-36.61224365 71.05104065 31.59813690
-38.58424377 68.78303528 35.17613983
-44.52924347 81.66403198 4.85213709
-24.44924736 74.41103363 45.30813980
-24.43124580 74.06103516 45.26713943
-27.49924660 78.65103149 36.37313843
-44.09324646 81.52803802 19.43713760
-43.88324738 81.77503967 18.55413818
-42.89225006 82.65803528 17.64613724
-24.17024422 74.81803894 45.07814026
-28.32624626 69.05003357 24.39313698
-26.76824760 80.84103394 18.26413727
-43.90124512 77.59603882 24.73313713
-43.50124359 77.92403412 25.22313690
-42.33924866 78.04203796 26.82613754
-42.32924652 77.40703583 26.96813774
-34.19524384 66.87903595 34.68713760
-26.58024788 81.00804138 18.33313751
-26.34024620 81.09003448 17.98113823
-26.47524452 80.90903473 17.88313675
-36.95224762 70.33103943 26.86413765
-24.54824638 71.79403687 9.03613663
-24.63724709 72.30403137 9.01113701
-34.48424530 84.85504150 44.52114105
-37.40524292 71.19203186 6.47013712
-26.46024513 76.09103394 11.38613701
-27.32924461 78.79603577 7.94813728
-27.86424446 77.43403625 7.25513697
-32.10924530 68.70903778 34.41114044
-30.37624550 68.98103333 41.14014053
-21.16924477 83.25403595 19.12913704
-30.70924568 84.38903809 5.81213665
-31.64324760 84.31303406 5.96013689
-44.51124573 74.14703369 3.40613699
-40.70124817 74.31303406 6.56913710
-35.29524994 85.46504211 5.09013700
-22.65624428 68.25503540 4.83613682
-24.88024712 66.08103943 16.36613655
-34.17324829 85.72803497 4.81413698
-32.00924683 86.23803711 4.02513695
-31.02524757 86.25503540 4.15813684
-24.99124718 69.36903381 8.21113777
-25.33324623 69.26603699 8.38513756
-24.68124580 70.22303772 8.68413734
-28.50424767 82.31103516 21.03213692
-38.15124512 68.46603394 26.04013824
-38.17624664 68.80103302 26.28413773
-37.82324982 68.67103577 26.08913803
-26.40624428 81.15303802 27.82313728
-25.96924782 80.61403656 27.75013733
-25.90024757 80.65703583 27.47013664
-34.01324463 70.35403442 29.66813850
-34.72724915 70.41603088 29.74713707
-39.52224731 73.93703461 32.19813919
-30.06824684 66.42103577 16.78513718
-30.79224586 66.68903351 16.54513741
-34.19424438 82.17503357 25.17613792
-34.86824799 82.23803711 25.28113747
-39.98324585 74.93303680 32.33213806
-19.75124550 71.73803711 4.13413715
-27.65824699 70.78503418 14.52513695
-26.49724770 69.48003387 44.90214157
-26.42624474 69.70703125 45.17214203
-26.94024467 73.03203583 16.47013664
-31.74024773 68.87303162 34.97314072
-36.99224854 84.99504089 17.06913757
-37.29124451 70.40503693 5.96713734
-38.23524475 70.34303284 5.83013725
-20.02924538 83.19903564 7.20313692
-20.17024422 83.10103607 7.36013699
-26.99824715 72.94903564 15.91613770
-19.41424561 72.11203766 3.27413678
-19.43024635 72.31303406 3.62613678
-28.35224724 67.94104004 36.06914139
-28.22924614 68.04603577 36.33013916
-36.03024292 68.62403870 16.78813744
-34.32424927 68.64003754 16.04913712
-33.55524445 68.69603729 15.75613785
-29.03024483 85.10303497 45.37313843
-34.89924622 85.72903442 4.80513668
-30.94724464 70.48903656 26.60113716
-39.01224518 70.94903564 10.73113728
-26.91224480 73.12303162 17.24613762
-20.30324745 82.93003845 4.78913689
-28.63624763 68.65803528 7.38813686
-40.98624420 77.76503754 7.92213726
-40.86324310 70.20103455 35.21313858
-30.74124718 86.36303711 44.06314087
-30.50024605 86.18904114 44.32814026
-23.97724724 72.30603790 39.36513901
-23.77724648 72.81303406 39.51414108
-45.71724701 75.78003693 16.30013657
-24.43424416 66.74703979 3.50813699
-31.53024483 69.19403839 33.61113739
-31.87024498 69.26004028 33.36113739
-33.05524445 84.44003296 33.20013809
-21.83424568 74.88903809 5.70713711
-24.28324699 70.44503784 15.79113770
-34.60024261 68.18703461 39.18914032
-35.05924988 68.18203735 39.61314011
-39.90824890 69.50003815 25.34413719
-40.19524384 70.13703918 24.91913795
-26.70824623 81.47203827 10.23813725
-36.12324524 86.44703674 42.92013931
-36.67224884 86.35003662 42.77114105
-26.49424553 82.00003815 15.23313713
-27.59524727 87.27104187 24.51313782
-23.55524635 85.41803741 3.66013694
-24.05524635 85.17604065 3.86713696
-42.30724335 74.15603638 11.19313812
-44.30024719 73.96704102 14.40613747
-25.09824562 72.81103516 24.71213722
-36.24124908 67.11203766 39.27914047
-36.37924957 67.14803314 38.69813919
-21.82224464 74.70903778 6.06113720
-21.64524651 74.31803894 7.08913708
-36.12424469 70.01103210 5.90213680
-35.28424835 70.07503510 6.05313683
-31.93124580 70.99504089 38.35414124
-33.73124695 70.39903259 38.12113953
-36.83924866 71.40203857 37.80714035
-20.88924599 76.93203735 5.26513672
-20.48024559 76.27703857 5.12813711
-35.42824554 86.39303589 37.24813843
-35.29524994 86.06103516 36.82014084
-31.17424583 82.61703491 31.31113815
-28.63324547 67.13903809 19.39113808
-29.02524757 67.49103546 19.57313728
-28.84224510 67.30103302 43.51213837
-26.12524605 82.99203491 25.91313744
-24.05024529 77.88003540 44.85913849
-24.05824471 78.33903503 44.57413864
-26.22524452 74.86603546 6.73413706
-39.30324554 69.59703827 42.84814072
-39.40324402 69.59003448 43.25814056
-19.26724625 74.93103790 3.76413679
-28.03624535 85.30503845 37.68914032
-28.05824471 84.99504089 37.77714157
-28.78424644 65.78903198 30.92813683
-29.53424644 65.70603943 31.43113708
-25.45924568 82.41104126 42.25614166
-30.38124657 68.67903137 44.81414032
-29.50524712 69.20503235 44.94414139
-30.10924721 68.63504028 44.86114120
-28.71824455 65.71803284 31.75413704
-36.39225006 83.95103455 7.80413723
-36.91624451 83.57003784 7.16013718
-37.07824707 83.73303223 8.02513695
-45.68224335 74.84204102 16.63713837
-26.85624504 71.27003479 10.33913708
-28.30024529 69.96103668 14.54213715
-29.51224709 69.75103760 14.50913811
-43.61824799 74.83703613 12.82513809
-26.53124428 74.83903503 12.32813644
-44.37124634 74.55903625 5.46013689
-44.26024628 73.02703857 5.08513689
-37.17324829 80.96403503 30.95013809
-37.05124664 81.00903320 30.45413780
-37.58324432 80.80903625 31.31213760
-31.48824501 65.93903351 35.49013901
-40.43524933 84.14903259 16.61513710
-39.85624695 84.38403320 16.48413658
-26.48324776 75.12903595 12.12913704
-26.71624565 74.56703186 11.62013817
-36.79724884 81.15703583 30.68713760
-36.39225006 81.52403259 30.46313858
-37.63124847 72.05403137 33.27713776
-38.90324402 68.95103455 20.19513702
-39.40424347 69.19203186 21.18013763
-30.74124718 86.36303711 19.97613716
-29.75924492 86.37503815 19.81113625
-34.94224548 70.43203735 6.54513693
-35.61425018 70.69104004 6.67913723
-22.96224403 84.85504150 4.55313683
-32.41124725 86.81203461 32.38113785
-31.52324486 86.79703522 30.48013687
-32.09124756 81.49703979 27.19913673
-31.56724739 81.30303955 26.22213745
-32.80724335 81.58803558 26.57413673
-26.82724571 79.92403412 9.65313721
-26.49224663 80.04503632 9.56713676
-27.29224586 78.19603729 9.91613770
-27.51524544 77.33703613 9.71713734
-27.66424751 77.63303375 9.54113770
-24.09324455 72.41403198 7.99013710
-26.31424522 81.14003754 10.10713768
-24.35124779 74.41703796 26.22313690
-30.90424538 69.59303284 29.19113731
-42.65724945 74.52103424 42.73114014
-42.76324463 74.50503540 43.13713837
-26.77224541 77.03103638 22.65313721
-26.89824486 76.82904053 22.55313683
-42.50424957 75.53303528 40.78013992
-42.79724884 75.34003448 42.76613998
-45.05524445 72.80703735 17.43113708
-44.73024750 72.35503387 17.44113731
-27.76724434 72.56503296 19.74113655
-27.79924583 73.88303375 20.89313698
-22.23224449 82.16304016 19.01113701
-23.19024467 81.79203796 19.09413719
-23.65824699 81.75603485 19.53813744
-39.48524475 68.50303650 25.14613724
-27.74024773 69.11603546 24.88913727
-22.09124565 70.34603882 18.99913788
-23.50224495 84.08203125 6.69213676
-25.62424660 77.45503235 39.75014114
-40.80924988 79.14303589 28.40313721
-41.02924347 79.50804138 27.83613777
-20.50824547 70.05303955 6.04213715
-26.12624550 77.67003632 44.95114136
-28.87724495 72.49504089 21.93513680
-21.24524498 67.30003357 16.90013695
-36.08024597 68.16703796 35.02113724
-20.84724617 68.40103149 17.78413773
-20.94824409 68.45103455 17.12613678
-26.65124702 73.99203491 13.12613678
-23.30424690 82.25603485 17.17813683
-30.16024590 68.28103638 15.14813805
-41.49624634 80.78604126 10.47313690
-25.69324684 75.23903656 32.89413834
-25.23724556 82.37004089 37.66913986
-26.62724495 67.75603485 4.73413706
-37.55824280 83.97203827 35.37614059
-38.16524506 83.66803741 35.36513901
-39.30924988 83.88703918 35.49113846
-26.69624519 71.74003601 16.22313690
-31.21524620 84.93203735 5.43313694
-32.59024811 85.03604126 5.34613705
-28.48524666 84.61804199 5.37513733
-26.72124672 71.80003357 16.93013763
-27.16424751 72.28804016 16.76713753
-35.80124664 82.18503571 31.40413857
-28.45124626 68.95303345 8.87413692
-35.46524811 70.07703400 25.60413742
-42.93325043 78.34703827 5.89213705
-42.33625031 78.81903076 6.00313711
-37.32424927 84.95404053 13.47613716
-28.30024529 83.70303345 36.40414047
-28.62124443 83.64503479 36.20613861
-30.16724586 83.85003662 39.54013824
-35.36524963 70.38103485 25.84813690
-38.18924713 83.66003418 38.49414063
-32.80324554 68.17603302 32.33313751
-32.49624634 68.13203430 31.63513756
-42.65724945 69.76203918 4.27413702
-43.04824829 69.96403503 4.35313702
-33.05224609 67.59903717 32.23613739
-29.94224739 66.87903595 25.94913673
-30.11724663 67.16304016 26.29813766
-41.81624603 84.29303741 4.87413692
-40.62224579 81.57803345 27.16313744
-31.56424522 86.64203644 43.70513916
-43.14424896 72.28603363 36.94813919
-44.68325043 74.27503967 4.30113697
-44.95224762 75.94703674 4.54813671
-25.47724724 80.22603607 26.18413734
-25.86824608 80.68403625 27.21613693
-24.34624672 74.33803558 24.75113678
-24.72524452 74.00803375 24.45713806
-25.54824638 71.32303619 26.27513695
-19.62024498 83.05803680 6.81813717
-42.96624756 70.76004028 17.56913757
-19.40424538 82.61803436 6.24413681
-36.25124359 82.74803162 33.90513992
-35.87224579 82.75804138 33.81113815
-27.81124687 78.48803711 32.97313690
-26.59224510 78.70404053 30.45513725
-27.15424538 83.96803284 37.16814041
-37.05424500 84.88903809 25.52413750
-34.83424377 84.93303680 23.73513794
-35.06924438 84.22303772 24.30713654
-41.21324921 71.15503693 43.43114090
-40.45024872 70.22203827 43.58914185
-29.83224678 85.48204041 45.35113907
-28.88124657 84.91304016 45.42914200
-28.57924461 84.85403442 45.35614014
-27.10424614 80.50203705 30.27413750
-40.05924988 72.71203613 37.50614166
-40.43424988 73.31803894 37.47914124
-25.62924767 65.53703308 23.83813667
-24.17324638 65.55703735 22.04513741
-27.57724571 81.44503784 30.93713760
-27.17324638 80.86303711 30.37713814
-27.06224632 80.82003784 30.06913757
-41.72724915 70.54403687 15.09313774
-41.76224518 70.32503510 15.93513680
-40.21624756 77.21503448 34.28213882
-27.82124519 80.98603821 31.80313683
-27.77124596 80.87903595 31.52513695
-27.28024483 80.51004028 30.69613838
-27.36924553 80.84903717 30.64413834
-28.24224663 86.02903748 37.31414032
-28.82224464 86.12004089 36.78113937
-28.41224480 70.57403564 33.50114059
-24.20124626 71.65303802 8.39213753
-27.75224495 81.19104004 31.53913689
-27.87724495 70.29103088 31.81113815
-27.46924782 70.82603455 31.44813728
-28.02824593 70.60103607 32.52013779
-26.86924553 76.02703857 19.22013664
-26.75824547 65.63603210 21.60413742
-46.11325073 75.39303589 19.19313622
-46.16224670 76.12203979 19.92513657
-29.42324638 80.79403687 24.56813812
-28.53624535 80.83903503 25.24613762
-29.08224678 80.91203308 25.09513664
-27.17724419 74.32103729 22.42313766
-46.22624969 76.72503662 18.89813805
-25.20924568 65.54303741 21.41613770
-44.14024353 79.75003815 42.24514008
-33.08524323 84.64203644 42.44113922
-28.28324699 82.31203461 41.42713928
-28.56324577 82.52703857 42.30213928
-27.57224464 81.64903259 39.71414185
-27.66824532 86.98703766 20.37213707
-26.96724510 65.66203308 22.92913818
-26.92124748 68.99603271 44.78614044
-43.43325043 81.23004150 42.99514008
-32.56224823 68.15503693 43.39213943
-28.15424538 87.16203308 24.02113724
-29.04624748 87.12603760 26.23013687
-26.62324715 65.89103699 17.61313820
-44.48224640 78.38903809 42.05313873
-41.74424744 81.78003693 25.26713753
-41.60025024 82.16503906 24.84813690
-34.24024963 67.99103546 43.24813843
-25.31724739 81.09403992 37.23014069
-25.69724464 80.11003113 37.18014145
-25.42324638 79.67003632 37.23313904
-30.61124611 69.91203308 13.62013817
-36.07924652 87.10003662 41.34014130
-27.42224693 81.62203979 28.40413666
-27.45124626 81.47503662 27.67413712
-35.62524414 84.69703674 38.85913849
-41.91024780 81.82403564 24.62413788
-42.00824738 81.45603943 25.01613808
-36.28324890 84.60603333 39.38814163
-26.20524788 78.08003235 44.68214035
-26.45524788 78.93503571 44.60314178
-26.55324745 82.10603333 23.32613754
-26.19624519 71.20203400 18.08313751
-26.22624779 71.31303406 17.94013786
-26.48624611 79.14603424 43.95114136
-26.70024681 79.58903503 44.38613892
-27.18524742 80.61403656 43.75614166
-44.30724335 81.68904114 3.35813689
-44.24824524 81.86803436 3.33713698
-31.04724693 68.80803680 35.16513824
-31.90324593 68.84903717 34.89213943
-26.71324730 71.58803558 17.99113846
-26.39824486 71.35203552 18.05713844
-40.45024872 84.90003967 43.81013870
-39.25924683 73.21704102 34.65313721
-39.16624451 72.91103363 34.66013718
-27.35324669 69.97703552 14.70913696
-26.58324623 69.99203491 14.85113716
-43.31524658 72.32703400 5.44513702
-28.33124733 79.03403473 21.48813820
-28.52324486 79.51903534 21.45413780
-28.59524727 79.66603088 21.27913666
-40.93824768 73.78603363 9.57013702
-41.02024841 74.25303650 9.31413651
-41.58524323 72.69203186 11.49513817
-42.10025024 73.31604004 11.60713768
-40.32524872 71.92903137 27.11213684
-40.52724457 72.45003510 27.39013672
-32.74824524 67.63903809 4.74113703
-32.55124664 67.75303650 4.80013704
-28.62424660 71.75103760 23.37213707
-21.79024696 68.98204041 7.32313728
-28.18424797 66.58603668 20.49013710
-25.45924568 70.26203918 9.20313740
-23.65124702 82.18003845 21.27013779
-22.45024681 82.17903137 19.66413689
-23.02224541 81.91104126 19.48813629
-34.21724701 67.60403442 4.49713707
-42.86124420 75.97203827 42.90214157
-27.23424721 68.98503113 25.90313721
-27.12624550 68.88103485 26.64013672
-29.56424522 69.10303497 35.37813950
-26.70724678 81.10203552 15.68913841
-40.55224609 84.56803894 25.80613708
-27.02424431 72.44903564 10.33713722
-27.00224495 72.13103485 10.43813705
-26.26824760 72.82603455 9.78613663
-34.28924561 82.95003510 38.45214081
-34.06424713 83.65703583 38.52214050
-34.49824524 84.08303833 38.52714157
-30.62024498 83.52803802 28.46813774
-39.64524841 72.93303680 6.66613674
-30.19824791 83.88603210 20.93813705
-30.41124535 83.54904175 21.10413742
-39.21524811 72.42303467 6.54813671
-20.29424477 79.02603149 7.59113693
-44.61224365 74.39103699 23.30013657
-24.86924553 68.62703705 6.62113714
-25.03424644 68.79803467 6.90913677
-41.90224457 70.13903809 20.27513695
-26.29924583 73.55104065 23.22313690
-25.41424751 73.62703705 23.82913780
-39.86224365 70.24803162 12.97813797
-25.75724602 78.16003418 39.92713928
-38.31224823 80.65903473 34.04913712
-26.71124458 70.73103333 9.96413708
-23.19924736 69.48503113 22.70213699
-23.98924446 67.61303711 4.26413679
-23.81924629 66.94003296 3.73913693
-24.05724525 66.84803772 3.79513693
-36.10624695 82.90303802 34.75713730
-35.67424774 83.09703827 34.76613998
-39.91824341 78.72103882 34.79113770
-39.78924561 79.03503418 34.71714020
-29.98924446 69.34503174 31.89613724
-42.68325043 78.27203369 43.35813904
-42.70124817 77.77503967 43.12414169
-40.46924591 68.62903595 4.26213694
-40.53624725 68.81503296 3.53913689
-35.57124329 83.42503357 35.04713821
-35.65724945 83.23903656 34.94813919
-25.64724541 71.04203796 9.72713661
-43.08824921 82.03503418 42.32614136
-43.18124390 81.96003723 43.07714081
-22.03124428 74.58203125 6.89413738
-23.26024437 74.31803894 7.25713730
-26.58624458 84.72903442 7.79213715
-30.23624611 82.98803711 34.59013748
-29.97224617 82.96704102 35.15613937
-41.87724304 69.12703705 4.57313681
-26.02924538 80.41603088 27.99613762
-26.79624748 80.95404053 29.29313850
-25.68024635 84.48803711 5.10013676
-37.86224365 83.26903534 6.29113674
-39.73724365 73.91703796 34.67213821
-27.45824623 85.99003601 3.90213680
-38.95224762 69.07903290 21.47313690
-29.30524635 70.10003662 20.80513763
-28.86724663 69.82303619 20.63513756
-26.96524620 81.33003235 12.63113785
-26.85924721 80.96603394 12.22813797
-38.21024323 66.54203796 43.40314102
-24.70524406 76.37004089 32.44113922
-24.55024529 76.29103088 32.42013931
-40.99624634 81.10203552 35.20513916
-41.65924835 81.64003754 35.34613800
-36.33224487 68.23403931 4.95113707
-34.99324799 67.95103455 4.85313702
-40.64924622 80.72003174 35.20914078
-28.19024467 86.63403320 16.30813789
-28.51524544 86.59903717 16.29813766
-35.40124512 68.07503510 5.06913710
-35.32524872 68.80803680 5.36713696
-40.83924866 79.90503693 35.08313751
-40.89424896 80.40703583 35.20914078
-28.94324684 87.01603699 16.99013710
-22.72524452 82.56404114 21.23713684
-27.42424583 86.89403534 16.52013779
-37.32824707 68.92703247 5.40513706
-41.67624664 80.15803528 35.14113998
-23.72324562 68.10103607 4.87513685
-39.56324768 80.15003967 35.00814056
-38.24424744 68.99203491 5.41713715
-29.05324745 83.31404114 21.07713699
-29.53524590 84.31404114 20.79813766
-41.88824463 77.78604126 37.61714172
-36.05224609 67.18103790 20.61913681
-23.76624489 67.64703369 15.39213753
-22.10124397 68.46603394 16.10013771
-37.45424652 81.01203918 32.67813873
-25.77424431 75.46403503 23.28713799
-25.96724510 75.56203461 23.19313812
-29.74624443 84.77503967 25.23313713
-30.09424782 85.33003235 26.05713654
-26.10424614 86.48004150 29.10213852
-25.95124626 86.20404053 29.44213676
-33.04324341 66.04203796 44.37313843
-32.23624420 66.13403320 44.29014206
-29.46724510 86.55903625 25.43713760
-30.13424492 86.57904053 27.02113724
-21.75924492 68.88903809 20.79813766
-21.50524712 69.29103851 19.77913666
-36.56024933 68.92303467 14.44513702
-37.44624329 68.92303467 15.03013802
-21.98524666 69.09803772 21.09913635
-21.64024544 69.56903839 19.70513725
-41.49224854 75.73303223 28.09413719
-38.16324615 68.53804016 43.88114166
-30.95424461 66.03403473 36.83113861
-31.01424599 66.01503754 37.55313873
-29.07224464 84.99903870 23.54313660
-34.35924530 67.64103699 44.34214020
-32.55924988 83.91603088 34.70713806
-40.29425049 83.78903198 21.59113693
-40.01324463 84.49304199 37.66614151
-40.00624847 83.97403717 35.78813934
-27.49524498 70.03103638 28.09613800
-26.26024437 70.99703979 18.31513786
-25.71424675 71.20703125 17.41413689
-25.93424416 71.36303711 17.17413712
-20.37424660 73.66703796 7.06113720
-27.95224571 81.36603546 31.89713860
-33.32324982 70.85603333 27.95213699
-33.08324432 70.66203308 26.84013748
-28.54524803 81.30803680 20.41513634
-29.82424736 82.84303284 27.08213806
-40.26524353 76.21503448 34.34513855
-40.25924683 76.86503601 34.33613968
-29.80824471 70.23903656 13.56513786
-35.62324524 70.81103516 26.96613693
-35.16624451 70.87103271 27.39013672
-30.26824760 83.30203247 26.67613792
-35.11224365 86.97703552 43.05913925
-27.31824684 82.44803619 24.75213814
-27.97724724 82.68403625 25.78113747
-22.54424477 70.61403656 18.83213806
-34.58324432 86.95204163 43.07213974
-34.33224487 86.98403931 43.12813950
-26.16124535 79.33503723 39.79613876
-27.18724632 81.12403870 39.56113815
-27.65324593 67.33903503 4.61113691
-28.35424614 73.00903320 21.11213684
-26.73324776 73.50103760 13.71213722
-26.87424660 73.53804016 13.37613678
-34.46424866 84.91304016 9.41113663
-33.61324310 84.84803772 8.51513672
-28.11724663 74.69403076 8.89613724
-27.95724678 74.28903198 9.52113724
-26.66024590 83.62703705 43.67013931
-28.27824593 73.29403687 21.36713791
-26.44524574 72.67503357 40.15113831
-26.64724541 72.38603210 40.71813965
-26.84624672 72.02703857 40.64714050
-28.07224464 71.70404053 23.82313728
-27.19024467 71.69603729 24.23713684
-31.92224693 85.64503479 4.98513699
-18.98124504 78.79403687 4.05113697
-33.62424469 75.82503510 38.30113983
-30.49024773 68.70803833 44.65814209
-27.11224556 70.71203613 19.26313782
-38.31424713 85.83303833 3.85613680
-36.52124786 85.98803711 4.26513672
-34.03924561 86.09503174 44.10713959
-33.38124847 85.14503479 44.50714111
-25.76424599 78.59803772 28.79113770
-25.87724495 77.78903198 29.46013832
-44.51024628 74.46003723 41.63414001
-35.80124664 86.04904175 4.27413702
-36.27824402 85.96803284 4.35013676
-45.29824829 76.00203705 22.80013657
-35.06724548 86.06604004 4.26213694
-37.03824615 81.99303436 32.74514008
-36.93724823 82.10403442 32.49913788
-24.60324669 78.32703400 25.09013748
-24.48424721 78.43303680 25.27313805
-28.78624535 85.35203552 20.88813782
-28.85924721 84.81303406 21.20513725
-41.61524963 69.60503387 5.23113728
-24.19824409 77.83403778 25.20813751
-35.20624542 85.23503113 23.85213661
-29.31524467 70.37903595 13.86913681
-29.06224632 69.71603394 14.59613800
-29.10824776 69.94303894 14.43413734
-41.17824554 68.92203522 4.86913681
-41.45724487 69.09603882 4.81513691
-26.77424431 76.05203247 6.61413670
-40.16724396 80.95603943 27.62913704
-38.62324524 81.80803680 27.52813721
-38.81924438 81.59703827 27.65413666
-25.33124733 72.39804077 9.58513737
-21.24824715 68.40303802 6.39113712
-20.79824638 69.11103821 6.57013702
-39.75325012 84.41703796 17.81013680
-40.36024475 84.19303894 17.98313713
-34.88324738 67.69203186 37.15813828
-26.38324547 75.41403198 12.75213814
-26.30124474 75.77403259 12.72113800
-26.22624779 82.18503571 10.01613712
-27.74124718 70.96903992 39.17414093
-21.36224556 70.02403259 5.02113724
-20.87224388 71.40703583 4.92113686
-21.08324623 70.80203247 4.93213701
-37.69224548 86.10403442 42.18114090
-30.43724632 80.89804077 23.51913643
-28.58924675 67.96503448 38.03813934
-28.80224800 67.66203308 38.90713882
-30.60224724 82.78604126 32.94313812
-30.25324440 82.65903473 32.74414063
-29.80624580 80.67003632 23.64613724
-29.33124733 80.35603333 23.31813812
-28.52724648 66.77003479 37.20713806
-32.45824432 68.60603333 15.66813660
-25.00124550 75.11603546 31.53613853
-24.60224724 75.33403778 31.83813858
-26.51024437 75.43103790 34.24514008
-42.37124634 82.22503662 13.84013748
-28.75224495 66.60203552 36.07014084
-28.24024773 66.92603302 36.52914047
-31.65324593 86.23303223 45.02014160
-28.03824425 71.43903351 34.80613708
-31.65624809 68.88803101 38.49613953
-23.73424721 67.05803680 15.56813812
-23.20124626 67.00603485 15.74813652
-27.26024437 71.64103699 41.76213837
-26.99924660 71.93203735 41.35514069
-40.20924377 84.66304016 39.44913864
-28.10924721 70.98103333 39.00814056
-29.49324608 69.56003571 38.89413834
-38.12825012 81.05303955 29.06413841
-38.42324829 80.80703735 29.42913818
-33.14924622 66.37903595 34.13213730
-26.98524666 68.49003601 40.21514130
-28.37224770 82.32603455 22.83413696
-23.79224586 75.69104004 43.99613953
-27.39524651 85.75303650 4.51113701
-26.41924477 77.67803955 17.66613770
-22.85824776 86.07303619 17.13513756
-22.66824532 86.14303589 17.24413681
-35.76024628 65.89903259 42.06314087
-36.11324310 65.97503662 41.53113937
-36.80224609 66.49203491 41.42713928
-37.00824738 81.23303223 31.75413704
-37.19924927 81.02403259 31.72813797
-37.13824463 81.23004150 32.07513809
-28.73324776 82.59803772 24.58013725
-28.91624641 82.70303345 24.42313766
-26.93724632 77.25603485 35.47113800
-37.04424286 81.61303711 31.98913765
-36.58224487 82.11903381 31.43413734
-29.45224571 82.33503723 21.01113701
-29.09724617 82.25503540 20.92813683
-24.48624611 81.44703674 9.59913731
-24.95324516 81.93003845 9.73213768
-25.69224739 67.44803619 15.16813660
-35.49624634 68.08203125 43.03514099
-34.84324646 67.96503448 43.60614014
-25.29524422 79.04703522 45.65114212
-25.94924736 84.62703705 15.46513748
-24.92424583 77.52703857 31.07513809
-39.05224609 71.26403809 27.38413811
-28.36724663 86.14303589 20.63713646
-28.61724663 86.13703918 22.81413651
-35.51824951 86.43103790 44.17914200
-35.80324554 86.51803589 44.18313980
-41.00124359 72.89203644 37.56013870
-27.19524574 80.73703766 10.44913673
-27.28624535 80.26903534 10.37913704
-39.76224518 68.45503235 37.56314087
-37.76524353 68.68203735 5.15913677
-24.46824455 77.56903839 45.68214035
-38.12825012 68.85303497 5.34513664
-38.05124664 69.26203918 5.49713707
-24.36924553 80.09903717 43.62714005
-24.12624550 80.06103516 41.89614105
-26.38024712 69.36003113 37.52513885
-25.91424751 69.76703644 37.56113815
-39.62524414 73.91603088 31.85613823
-39.34724426 73.49903870 31.50213814
-39.25224304 73.34103394 31.11113739
-38.98424530 73.08603668 31.31813812
-27.14824486 74.87703705 33.66313934
-35.65024567 84.64703369 42.77613831
-37.89324951 72.03804016 30.07413673
-28.31224632 79.47103882 22.72113800
-45.12124634 79.30703735 16.10113716
-35.44224548 66.79703522 37.80813980
-35.51324463 66.47303772 37.93313980
-24.38924599 77.78604126 25.97013664
-24.99524498 78.53804016 27.11413765
-21.96224403 66.73503113 20.97213745
-22.63924599 66.61803436 22.66013718
-22.88924599 66.35603333 22.79013824
-29.61924553 85.60103607 25.03513718
-29.82624626 85.88903809 25.63613701
-42.07724762 75.64203644 6.07213688
-27.24724770 78.66803741 31.64113808
-30.91324806 70.95404053 22.62713814
-29.73924446 71.63504028 22.47213745
-33.45124817 85.20903778 12.70213699
-28.61024666 81.65403748 34.76613998
-28.58024788 81.56604004 34.32114029
-28.71224785 81.63703918 34.15913773
-25.34124565 79.23303223 24.87813759
-26.52924538 70.49103546 28.01513672
-27.38124657 70.21203613 30.37313843
-28.86524773 81.80903625 33.98913956
-42.34524536 83.08803558 17.14313698
-42.27724457 77.34003448 38.72613907
-22.12324715 68.20603943 5.43813705
-39.31424713 79.52503967 31.77013779
-39.19124603 79.73103333 31.35813713
-29.15324593 85.60603333 41.45613861
-28.61224556 84.21103668 10.17713737
-33.60224915 66.10803223 37.14813995
-34.12424469 66.16103363 37.10614014
-33.82524872 66.28403473 36.92013931
-36.34924316 70.04103851 26.23913765
-37.13424683 70.88504028 27.23013687
-26.56624794 86.84603882 28.57013702
-31.29524803 84.42003632 29.10113716
-31.35424614 84.83403778 29.00213814
-31.16924477 84.60603333 28.66613770
-39.13224792 68.43903351 4.95613670
-26.03124428 86.65203857 27.64713669
-26.29624748 86.88504028 27.78013802
-38.69824982 68.25703430 4.66613674
-27.59624672 77.22503662 34.41913986
-25.02724648 73.40303802 8.31213760
-25.08924675 73.60603333 7.93413687
-23.69424629 68.45903778 6.69413710
-31.22024727 67.96503448 19.91313744
-26.62624550 78.35103607 23.22113800
-26.72424507 78.87603760 23.48513794
-35.91524506 70.42203522 32.21113968
-35.76024628 70.22803497 33.12213898
-38.07024384 72.34903717 31.38313866
-38.28024292 72.20803833 29.98213768
-30.38824654 84.62004089 14.08613777
-25.83924675 78.01703644 23.78013802
-34.81824493 70.21503448 32.76813889
-28.67324638 86.83303833 19.37013626
-30.42024803 86.77803802 19.53613663
-23.60224724 82.10203552 17.13113785
-26.39524651 77.16104126 22.97513771
-26.47124672 77.47303772 23.03513718
-26.07524681 82.66803741 15.26213837
-25.61824608 83.25603485 15.40513802
-25.42724419 82.79503632 15.55213737
-24.44924736 73.51103210 25.13513756
-30.56624794 67.35403442 3.77013683
-30.31724739 67.20603943 3.96213698
-32.48824310 69.54203796 10.82813740
-32.35224915 69.52603149 10.53013706
-32.12524414 69.68203735 10.90813732
-31.59424782 69.56103516 10.32813740
-34.15824890 85.94703674 35.38013840
-40.23024750 76.65703583 32.77214050
-24.50424767 73.22403717 26.04613686
-38.53224945 80.33703613 31.18413734
-38.67824554 80.31203461 30.60413742
-21.58724403 79.70703125 7.63413715
-22.10224724 79.64303589 7.57413721
-38.13424683 83.99103546 10.16613770
-37.83924866 83.76803589 9.14313698
-30.18324471 70.79703522 24.85713768
-30.28524590 67.20803833 4.19813681
-31.69024467 84.47903442 40.71714020
-25.60124779 83.96403503 28.53813744
-26.98424721 73.26703644 9.77413750
-33.63024902 68.34703827 38.37614059
-34.60924530 68.33403778 38.31613922
-25.37924767 72.94104004 24.22613716
-25.28724480 73.17703247 24.16813660
-44.25924683 73.06503296 42.71313858
-43.30224609 76.96603394 35.05413818
-43.17424774 76.41803741 35.01313782
-43.50624847 76.43603516 35.09114075
-22.77624702 68.71803284 23.18613815
-22.05524635 68.78303528 21.56413651
-36.70924377 68.51503754 18.87113762
-36.11824799 68.45403290 18.28213692
-30.39524651 66.37903595 43.62113953
-28.39924431 68.61503601 36.56314087
-19.93924522 78.48603821 6.89713717
-37.83424377 84.07203674 40.82213974
-38.90324402 85.61303711 4.57013702
-21.39324760 84.29904175 5.14313698
-42.77624512 83.79203796 3.75813699
-42.87724304 83.74203491 3.49313688
-32.72124481 68.32203674 32.39813995
-20.89224434 68.87303162 3.75813699
-20.31324577 70.02503967 4.00913715
-20.74424553 69.50203705 4.05513668
-20.34024620 69.63903809 3.82613683
-32.15724945 67.44703674 4.22213697
-33.40524292 66.82503510 19.85113716
-33.46724701 67.34403992 21.06713676
-21.14524651 68.70603943 3.81313705
-32.44224548 67.48703766 4.16513681
-42.33424377 73.77803802 5.83213711
-32.49824524 67.17503357 20.00613785
-32.78224945 66.92103577 19.77013779
-32.34324646 67.79603577 4.83913708
-31.83724785 67.69603729 4.81213713
-37.04424286 81.95703125 34.02613831
-37.30924988 81.57603455 34.18513870
-37.62724304 81.26903534 34.00413895
-39.67124939 82.79303741 42.06414032
-26.69424629 68.63603210 8.06413651
-25.88424492 69.07903290 8.34213734
-36.91924286 82.17604065 33.11813736
-41.30724335 79.37503815 37.69113922
-28.93124580 86.72703552 16.43013763
-38.59724426 80.32303619 34.02413940
-38.19624329 80.55603790 33.21513748
-37.95124817 72.11803436 34.44913864
-26.94924736 69.13103485 8.68913651
-27.15724754 69.57203674 9.13413715
-26.60924721 69.60203552 8.94113731
-39.87624359 82.03003693 38.04613876
-25.34724617 74.86603546 23.59713745
-40.73224640 75.47003174 7.75413704
-42.52224731 69.63504028 3.88713694
-28.23224449 69.94303894 9.68413734
-24.38724709 74.05703735 24.74413681
-39.29024506 73.80603790 33.77113724
-39.13824463 73.68803406 33.90513992
-44.98424530 76.50403595 4.96013689
-32.69124603 84.68303680 39.00814056
-26.05824471 77.67803955 15.59413719
-45.47024536 74.77003479 16.09113693
-22.32724571 80.91603088 7.61513710
-22.66924477 80.65003967 7.72513723
-28.82424736 68.37503815 20.30213737
-28.94524574 68.10203552 20.09213638
-28.56824684 68.11803436 20.54813766
-25.14524651 81.69104004 16.46413803
-25.38024712 84.08603668 8.74313736
-26.70124626 79.43603516 17.76413727
-40.50325012 72.03003693 5.91813707
-19.64124489 76.28903198 4.35513687
-39.94324493 72.60903931 9.23713684
-39.51524353 73.04603577 7.65513706
-20.16424561 71.77803802 6.56613731
-41.92224884 83.88504028 5.17413712
-28.29524422 68.85803223 26.64913750
-28.88324547 68.70203400 25.17713737
-29.20524788 83.23903656 29.01313782
-28.73424721 83.50203705 30.26813698
-28.76124763 83.65603638 31.57013702
-35.62024689 65.92603302 41.03313828
-29.98024559 86.89503479 27.38113785
-28.34824562 84.10504150 35.95613861
-29.34524727 85.60603333 44.19813919
-27.46024513 84.20603943 33.35614014
-37.50924683 81.31503296 28.83513832
-24.45824623 68.58103943 15.16213799
-27.39724541 83.82203674 31.24413681
-20.69224739 74.08903503 6.56813717
-40.86425018 76.17503357 29.84113693
-41.11524963 76.45703125 29.13213730
-23.21724510 82.56103516 16.90813828
-22.05524635 83.14604187 17.59513664
-27.54324532 81.59903717 20.10413742
-41.86524963 79.04903412 38.81414032
-29.20424461 69.60403442 40.11613846
-23.91824532 76.34703827 44.71913910
-23.35524559 76.36603546 41.07714081
-23.55424690 76.95003510 42.49214172
-34.04624939 66.35503387 35.86914063
-21.79824638 66.16803741 18.44813728
-21.56224632 66.44603729 17.38913727
-42.52324677 79.34803772 26.03813744
-42.02724457 79.75003815 43.46813965
-30.15424538 84.30503845 26.43713760
-30.16524696 83.81903839 26.43013763
-41.36524963 71.24403381 43.44414139
-42.09424591 72.29403687 43.35913849
-28.63624763 85.36003113 22.77513695
-34.76725006 86.93103790 37.11413956
-41.72324371 81.87803650 11.95013809
-42.96624756 81.25203705 13.47613716
-36.44624329 85.95603943 21.18513680
-35.50824738 86.17203522 21.49713707
-37.71125031 69.31803894 37.89913940
-38.75424957 70.03303528 37.80413818
-40.04524994 71.19803619 37.69614029
-41.92924500 75.32904053 10.35413742
-42.27024841 75.68203735 10.62513733
-34.22424316 84.49103546 5.63813686
-39.06924438 81.71103668 27.56913757
-42.26424408 76.06604004 10.42413712
-20.19424629 80.97803497 7.70813704
-19.56524658 82.17103577 5.75013733
-19.66924477 83.14503479 6.02313709
-19.50024605 82.63203430 6.07713699
-28.02524757 77.78003693 34.36513901
-27.92124748 77.86703491 34.48014069
-28.10824776 78.46503448 33.76213837
-26.02124596 77.47203827 39.35614014
-26.25424767 78.80703735 39.36914063
-25.33624458 73.40903473 45.48614120
-24.69624519 74.43003845 45.55514145
-22.69424629 86.79303741 19.90213776
-22.37424660 86.58603668 20.11713791
-28.52124596 85.83103943 36.97414017
-25.43024635 70.95203400 44.85414124
-27.13924599 72.83703613 17.90913773
-27.16924477 72.87103271 18.20413780
-26.97924614 72.98103333 17.27513695
-26.83724785 81.38003540 19.28113747
-34.55924988 70.42203522 30.52313805
-44.28424835 71.68003845 19.73213768
-45.12524414 72.75603485 19.49113655
-34.53224945 86.09004211 3.46413684
-33.98724365 86.11503601 3.48713684
-26.21424675 74.78003693 44.23614120
-26.24524498 74.39503479 43.67214203
-19.29524612 75.38003540 3.72213697
-36.16324615 70.60503387 31.11713791
-41.10224915 78.76803589 6.81513691
-41.45324707 78.20503235 6.47713709
-32.48224640 69.27103424 22.59113693
-42.69324493 81.31703186 36.49613953
-34.22324371 82.15503693 32.17213821
-41.33924866 81.50503540 35.27914047
-42.19124603 81.58103943 35.44913864
-42.67424774 70.49203491 18.21613693
-43.66424561 82.82203674 3.65613699
-23.68724632 76.95203400 43.36914063
-23.78524590 77.66304016 43.59914017
-23.69924736 78.16403198 42.56914139
-24.04724693 76.57503510 25.27713776
-24.04624748 76.13803101 25.18213654
-27.09224510 84.46503448 5.33413696
-42.47324371 82.47003174 14.75413704
-42.31724548 82.79703522 15.39813805
-41.04624939 83.99803162 25.85313797
-28.60924721 70.04503632 33.50713730
-26.50524712 72.73503113 45.37414169
-26.40324593 73.48103333 45.38914108
-27.01924706 72.01903534 45.28414154
-26.05924416 74.36203766 45.46414185
-43.12324524 81.52503967 39.92813873
-40.77224731 80.16503906 8.57213783
-23.59024620 85.16903687 4.36813688
-43.71724701 71.26004028 4.56413698
-25.57924461 75.71704102 40.43614197
-25.57424736 76.10303497 39.64413834
-24.03324699 84.71003723 4.79113674
-20.63024712 84.24903870 6.00613689
-41.30825043 78.59803772 8.94313717
-29.68424797 66.23603821 38.15914154
-45.90024567 78.85803223 19.95713806
-45.88124847 78.74903870 20.24713707
-44.09124756 72.43203735 4.61613703
-20.02824593 83.81203461 6.10713673
-41.42924500 79.26803589 9.55513763
-41.38124847 79.76503754 9.69513702
-41.73524475 78.87403870 9.80413723
-36.44524384 71.01703644 33.19913864
-36.64924622 71.40503693 32.98714066
-20.33624458 83.41603088 5.18913698
-32.83424377 86.98903656 34.64014053
-32.41624451 87.08303833 34.38713837
-30.96224785 87.10803223 30.60113716
-29.04724693 82.90903473 45.31914139
-27.65624428 81.35203552 45.29014206
-31.51524544 87.16203308 34.48114014
-31.60924721 87.16803741 33.66013718
-33.69824982 68.66803741 34.72713852
-30.99824715 83.87203979 34.05714035
-33.31524658 69.39703369 33.37714005
-33.56824493 69.52003479 33.19813919
-27.72824669 66.01203918 17.71713829
-27.72424507 66.05403137 18.00513840
-26.67624474 87.08803558 17.22513771
-39.84624481 80.76403809 27.99113846
-28.22524452 71.65003967 12.63913727
-27.83824730 71.89804077 13.09113693
-40.15324402 77.30903625 33.44513702
-39.96224976 78.08403778 33.93113708
-40.13724518 77.06003571 33.75914001
-27.93124580 69.38303375 22.97113800
-36.99424744 72.94104004 37.84214020
-40.25024414 76.63703918 33.29213715
-32.24424744 82.51303101 31.06813812
-39.48524475 76.30104065 37.65613937
-40.10224915 75.51303101 37.54713821
-34.24224854 68.53203583 16.42713737
-28.37124443 67.72703552 15.06713676
-29.72924614 67.79603577 15.23413658
-24.80124474 81.82503510 16.75813675
-33.54724884 70.49803162 25.36713791
-23.12924767 80.69803619 8.05213737
-23.23524666 80.62403870 8.31213760
-21.19324684 69.47803497 17.02513695
-30.14024544 70.08603668 13.62613678
-24.75224495 82.14303589 16.29013824
-24.86024666 81.92903137 16.45513725
-29.08224678 66.32303619 24.27013779
-40.95424652 74.83503723 6.55513668
-28.16124535 71.63504028 33.57513809
-33.70124817 66.39803314 35.14913940
-27.15624428 86.38703918 32.19013977
-29.71324730 83.56404114 39.46714020
-29.36324501 83.32904053 40.64714050
-32.44724274 86.93003845 32.84413910
-31.60524559 87.05503845 31.58613777
-28.08024788 70.07203674 36.55913925
-33.61924744 68.14103699 34.59513855
-23.33824730 69.82103729 15.79613686
-23.16924477 70.49603271 16.58413696
-42.14024353 69.38803101 3.48513699
-27.38724709 80.87903595 44.73913956
-20.70224571 71.96303558 5.63213730
-26.89024544 81.43003845 13.88413811
-26.33424568 80.19003296 13.76413727
-35.50124359 86.08303833 37.23614120
-39.14424896 69.06303406 16.49213791
-41.84224701 84.62403870 3.62313700
-34.02424622 69.39303589 11.98613739
-34.24924469 69.27803802 12.46313667
-34.43824768 69.43403625 11.60813713
-35.55024719 85.75903320 36.72314072
-26.37924767 83.59603882 41.13914108
-21.38424492 77.63103485 5.67713690
-43.99324799 75.71203613 36.75014114
-22.84224510 82.27003479 7.58013725
-22.92824745 81.78604126 7.86913729
-27.67624474 73.10203552 22.57813644
-31.13824654 84.78003693 11.29913712
-34.80824280 86.25003815 22.20513725
-35.87924957 86.05303955 23.02413750
-22.65824699 79.15703583 7.42113686
-26.02424431 77.55104065 31.27313805
-25.11624718 77.56703186 31.07513809
-28.16524696 77.15803528 8.82013702
-26.00824547 77.47103882 31.87913704
-27.15524483 77.59603882 32.07814026
-31.63024712 65.90103149 41.66413879
-45.41024780 79.72303772 17.53513718
-45.30825043 80.02203369 17.91613770
-39.61724854 67.46303558 43.62313843
-39.84724426 67.41703796 43.53414154
-30.79624748 87.03003693 35.97314072
-25.83324623 68.39103699 6.98813725
-31.14524651 84.87103271 14.34313774
-30.75124550 85.05403137 15.48613739
-32.68924713 87.12503815 37.56314087
-30.99024773 87.11804199 35.19213867
-38.99024963 84.70803833 22.53213692
-25.64724541 82.16403198 44.70114136
-25.26024437 70.22903442 40.75114059
-25.15824699 70.51903534 41.86214066
-40.11524963 77.84803772 34.43013763
-40.14324951 77.69203186 34.10113907
-26.55524635 85.17503357 31.93313789
-29.02724648 80.62703705 20.93013763
-20.04724503 83.69203186 6.82513714
-20.31924629 84.04403687 6.64613724
-23.14124489 67.98403931 15.59313774
-23.43824577 68.51503754 15.49613762
-32.73924255 68.67503357 15.65513802
-32.00924683 68.75203705 15.38613701
-41.55224609 74.79903412 9.88013649
-22.92524529 74.93904114 6.14313698
-26.21324730 74.33003235 36.96413803
-23.96324730 87.09603882 20.52013779
-22.74424553 65.75103760 20.11413765
-30.78024483 69.26803589 14.78213692
-24.28324699 79.24903870 7.91213703
-24.30224419 79.05803680 7.55613708
-19.83224487 79.28804016 7.44713688
-20.09624481 79.67503357 7.76013708
-21.16924477 84.08203125 6.71013737
-21.75624657 84.16903687 6.44713688
-26.54024696 77.46303558 11.11213684
-35.11425018 69.78303528 34.56913757
-31.25724602 69.31303406 32.79713821
-30.56524467 69.20903778 33.66013718
-37.11124420 86.91703796 42.03514099
-24.77224541 72.08303833 44.60013962
-24.87224770 71.67403412 44.19813919
-37.01624298 69.97403717 34.68914032
-36.28024292 69.92203522 34.61013794
-36.66624451 70.51603699 34.51013947
-39.60624695 70.37503052 38.61613846
-23.35124779 77.81703186 37.82814026
-24.69124413 85.50103760 4.35513687
-30.67724800 69.21203613 6.95513725
-24.63424492 85.79303741 4.04913712
-36.91524506 70.80403137 6.29313707
-31.10624504 69.17603302 8.16713715
-32.96824646 67.93103790 16.55913734
-24.48424721 85.22403717 4.15413666
-24.11224556 85.15603638 4.01613712
-26.44824791 83.23103333 15.03513718
-24.84624672 80.52203369 37.34413910
-22.68824577 81.56503296 7.65513706
-28.32524681 72.49303436 22.58613777
-28.50324440 72.28603363 22.67813683
-40.17124939 81.00903320 7.27813721
-40.02124786 81.32103729 7.74913692
-35.97624969 70.30803680 33.15213776
-46.21324921 76.63703918 19.52213669
-46.06524658 77.72903442 20.42813683
-35.14324951 85.41403198 35.51713943
-26.74324608 73.99903870 39.17013931
-26.26024437 83.49903870 9.57313728
-37.75325012 68.44003296 35.12113953
-37.92324829 68.91903687 34.97813797
-39.02724457 68.96303558 35.15013885
-30.77224541 86.12503815 44.48313904
-28.72924614 86.78604126 23.98413658
-27.90424538 86.92203522 21.51013756
-28.88924599 81.88903809 35.27613831
-28.92824745 82.31404114 32.03313828
-29.95124626 86.18003845 4.54113674
-36.74224854 71.62903595 31.89513779
-36.67924500 71.48703766 32.19913864
-33.29624939 85.39903259 17.52613831
-34.54524994 69.89303589 33.54314041
-39.98524475 84.26004028 15.56713676
-32.77624512 85.36503601 17.14113808
-27.78224754 81.62803650 28.09213829
-33.85224915 84.89303589 39.55913925
-33.22224426 84.85203552 39.64113998
-33.87524414 84.84204102 40.71213913
-33.05124664 84.78303528 40.52214050
-23.69724464 67.75303650 25.85013771
-41.37624359 82.56803894 24.55013657
-41.33824921 82.60903931 24.21913719
-26.31724739 78.05903625 36.99914169
-31.96824455 68.66304016 32.20613861
-41.59324646 82.39103699 25.54213715
-39.43325043 79.42803955 34.40713882
-29.58824730 66.90003967 15.86613655
-28.85724449 66.57303619 16.10513687
-32.38524628 67.35403442 31.02513695
-26.30024529 75.81703186 34.51413727
-30.65924644 69.02103424 38.70114136
-30.12624550 69.14003754 38.85514069
-40.78125000 74.37703705 28.83713722
-24.32724571 76.88403320 45.64014053
-24.17024422 77.03804016 45.49314117
-40.91324615 78.89603424 7.72113705
-41.02024841 78.91304016 8.20213699
-26.26524544 79.30703735 12.28213692
-21.29024696 84.61503601 18.34713745
-19.14124489 81.32303619 6.80613708
-19.12524605 80.91603088 6.91613674
-42.86624908 76.42103577 34.98814011
-42.83524323 76.91304016 34.97813797
-42.26725006 76.62603760 34.92713928
-23.12824440 83.78003693 24.01813698
-26.50424767 75.75803375 11.85413742
-26.40424538 75.69603729 11.99013710
-35.74124908 71.49504089 29.51313782
-26.66324425 68.82003784 27.52713776
-27.22024727 71.84103394 18.37913704
-27.24724770 72.10103607 18.12213707
-39.45224762 84.92903137 5.12413692
-41.94725037 81.25203705 5.80113697
-23.35424614 66.72303772 3.30213690
-26.56124687 71.42503357 18.11413765
-19.24924660 72.73903656 3.47213697
-28.85524559 66.87603760 22.93613815
-28.93024635 67.12803650 23.11013794
-41.52124786 80.46603394 42.92813873
-38.89724731 68.51203918 25.96113777
-38.34124756 68.21203613 25.82713699
-19.45424652 73.41503906 4.32313681
-19.20724487 73.71003723 3.97613692
-34.71124268 66.15203857 43.21213913
-32.68524933 66.15303802 43.84714127
-30.20824623 81.59103394 27.15013695
-30.30424690 81.44903564 26.95213699
-30.56024742 81.65703583 27.56113815
-25.33224678 86.05703735 3.74413681
-25.16524696 77.05703735 32.89213943
-37.02524567 81.89603424 27.50113678
-37.23524475 82.10603333 34.93413925
-29.28324699 82.95603943 44.57413864
-31.54424477 83.78203583 34.76913834
-31.53724480 83.70603943 34.77613831
-24.90624428 85.96603394 16.37613678
-24.77124596 85.62303162 16.16613770
-28.69724464 71.14503479 20.46913719
-36.60424805 67.97503662 3.70213699
-25.49824715 84.64503479 15.51713753
-43.10924530 70.07603455 4.08613682
-43.11824799 70.59003448 3.61613703
-24.95724678 85.96003723 27.66513824
-24.85124779 85.63003540 27.75813675
-28.98524666 83.71903992 32.78713989
-28.09924507 83.81903839 32.31613922
-34.03724670 81.59503174 29.06513786
-38.27124786 72.01503754 7.55013704
-38.41524506 72.13303375 7.28313684
-24.66924477 71.14903259 17.09913826
-28.39324760 70.45203400 44.53913879
-28.82624626 70.07303619 43.83713913
-29.35324669 69.60704041 44.25513840
-40.52624512 80.90203857 6.36813736
-21.99024773 85.04803467 21.85313797
-30.52324486 83.65903473 27.91613770
-31.19824791 67.80303955 28.93413734
-28.53324699 86.78804016 33.89113998
-27.84124565 86.76503754 32.24713898
-27.51824760 86.87203979 30.58213806
-42.24924469 80.19803619 11.15913773
-27.55824471 79.60903931 19.55913734
-28.12824440 79.57603455 20.61713791
-28.53924751 85.69703674 36.52313995
-34.75524902 66.93803406 19.52613640
-35.86124420 67.15403748 22.12713814
-36.31424713 67.18703461 22.24713707
-28.79024696 69.50903320 31.30313683
-28.12824440 85.86203766 4.60513687
-28.73724556 66.89403534 38.36513901
-28.82424736 66.72803497 38.47114182
-28.97724724 66.57603455 38.42913818
-40.51924896 70.63003540 25.08113670
-20.26324654 69.72803497 3.74213696
-20.01524544 69.96303558 3.58613682
-19.84224510 70.60503387 3.32713699
-39.57524872 67.44303894 41.69614029
-26.10024452 78.16503906 29.77613831
-25.87624550 76.45103455 29.72913742
-41.37924957 81.61003113 35.32614136
-43.33024597 81.55703735 41.83713913
-37.97324371 67.77903748 25.09313774
-33.70324707 70.44903564 29.38413811
-33.55524445 83.60803223 34.54513931
-29.30824471 85.71903992 20.23613739
-28.88824654 83.53003693 21.90213776
-26.68624687 84.34204102 31.56213760
-26.90824699 84.14303589 31.68013763
-31.33224678 83.18503571 33.70213699
-30.37924767 86.17803955 44.17813873
-27.84224510 78.59204102 8.02113724
-28.69624519 68.55203247 35.26813889
-28.42724800 68.49603271 35.04213715
-23.97024727 79.04603577 43.16714096
-24.80224419 86.95803833 24.28213692
-34.46024323 85.89203644 35.39514160
-41.86124420 83.60704041 42.43614197
-23.76024437 79.12103271 41.45814133
-35.40824890 68.01403809 43.58414078
-28.77524757 71.31604004 24.03113747
-30.66624641 69.36403656 9.69313717
-26.98724556 68.81203461 28.96113777
-27.47724724 74.46803284 33.87913895
-28.06524467 67.77403259 43.09614182
-34.81624603 65.80803680 42.46913910
-38.99624634 73.30203247 31.57213783
-20.31224632 83.10704041 7.37813711
-20.77524757 83.50303650 7.21613693
-21.00924492 83.82603455 7.01613712
-37.68824768 68.56803894 20.48213768
-23.19224739 67.15503693 3.78513694
-19.91424561 83.25703430 5.69513702
-19.64024544 82.91603088 5.83313704
-25.97124672 84.17203522 29.71613693
-25.05024529 84.15603638 27.84513664
-37.86425018 68.64003754 20.85413742
-27.01924706 74.86103821 19.40513802
-27.12424660 75.14503479 19.81413651
-27.09224510 75.02503967 19.62513733
-21.95424461 76.86703491 5.51213694
-21.90324593 77.26103210 5.60913706
-23.16224480 65.60303497 18.70913696
-41.97724915 76.84103394 37.55014038
-24.48024559 81.84303284 20.80113792
-24.32924461 82.03604126 21.48813820
-27.50524712 71.42604065 42.48114014
-28.97524452 83.72203827 13.19213676
-28.64124489 83.75103760 13.76313782
-27.83324623 83.26203918 14.30713654
-30.55924797 82.24803162 29.89613724
-24.01024437 84.34204102 7.49413729
-23.31324577 83.73303223 7.13113689
-41.57624817 73.50803375 27.05113792
-41.16424561 73.20003510 27.35113716
-27.59924507 80.27703857 31.28413773
-27.88524437 80.40903473 31.86813736
-33.98024750 82.26803589 31.84013748
-23.87924767 73.63303375 42.91014099
-23.76324654 73.95903778 42.63814163
-38.04924774 71.57103729 28.38613701
-37.79624939 71.32303619 27.95413780
-36.58625031 66.51004028 44.02114105
-35.86024475 84.92903137 44.64014053
-35.23925018 67.84503174 4.72513676
-35.36924744 67.78804016 4.49913692
-43.74024963 71.88203430 5.19013691
-27.45524788 80.05104065 31.17113686
-35.97824860 68.04103088 4.86413670
-33.50924683 68.22403717 38.77214050
-42.34524536 70.42103577 17.14813805
-43.97024536 72.04403687 4.60813713
-45.54425049 73.90903473 20.67513657
-31.24524498 84.72203827 12.09713745
-24.47124672 85.66003418 4.01613712
-24.45024681 85.74103546 3.79713678
-41.51624298 78.87903595 6.33713722
-41.25924683 78.99403381 6.50713730
-42.03524780 78.54303741 6.12113667
-26.83524513 83.39303589 27.83113670
-30.62924767 84.76403809 5.52713680
-31.47924614 84.48903656 5.66413689
-38.84124756 69.72003174 26.67113686
-31.74624443 69.74903870 10.84813690
-31.44924736 69.82103729 10.93313789
-32.57124329 66.15903473 34.73313904
-26.41924477 74.46203613 13.58513832
-43.27124786 73.49303436 13.07313728
-34.03724670 68.36503601 35.54513931
-34.07524872 68.15003967 35.90513992
-23.71024513 69.93003845 21.64213753
-23.53824425 70.15103149 20.77713776
-21.20124626 74.68603516 5.46613693
-27.63724709 80.30703735 19.38613701
-27.57824516 79.76103210 19.29313660
-31.54924583 68.74503326 34.25114059
-36.03924561 82.23503113 26.11513710
-36.89124298 82.23503113 26.56813812
-27.41924477 71.99603271 15.12213707
-38.84524536 66.82203674 43.56214142
-38.84924316 66.84403992 43.64614105
-39.33324432 67.08303833 43.53213882
-24.37024498 73.09403992 7.77413702
-24.43924522 73.39403534 7.69513702
-24.58024406 73.18503571 7.97113705
-28.61224556 66.81303406 35.64514160
-35.92324829 68.11803436 24.25713730
-31.23724556 67.31003571 4.18213701
-30.89124489 67.27403259 4.15613699
-29.22424507 82.97503662 24.47613716
-27.56824684 83.63803101 14.58513832
-27.29924583 83.62703705 14.69813728
-27.69424629 83.19503784 14.41713715
-27.45324516 82.82403564 14.51213837
-27.32324791 77.58703613 9.96713734
-26.77424431 73.31803894 13.82613754
-33.47824860 84.46803284 7.11213684
-33.92224884 86.93703461 36.30813980
-41.63624573 82.19403839 35.50714111
-41.85824585 82.22003174 35.87414169
-23.63924599 66.91304016 25.49313736
-24.02824593 66.64703369 26.11313820
-23.46924400 67.30803680 25.30713654
-26.54624748 74.74103546 11.88813782
-26.60224724 75.39103699 11.57013702
-26.64024544 75.31604004 11.38013649
-35.77624512 83.96303558 7.02613735
-44.60124969 79.05603790 5.50213718
-33.39424896 86.73703766 35.59513855
-41.43424988 82.58603668 35.57714081
-41.65024567 82.46803284 35.66114044
-24.07724571 67.13103485 26.65413666
-36.44724274 82.45503235 33.12614059
-36.08625031 82.63504028 33.30513763
-29.67824745 84.88403320 7.63713694
-40.25325012 81.99303436 38.77714157
-40.52624512 81.60003662 38.62813950
-39.82424927 84.70003510 26.47213745
-39.33824921 84.69003296 26.62113762
-41.34324646 70.71403503 13.96113777
-40.57424927 70.97703552 12.39513779
-40.70224762 70.70103455 13.06113815
-41.47924805 71.02003479 13.54613686
-37.93324280 85.14903259 35.69913864
-29.06524467 86.77703857 19.41213799
-37.29824829 68.70303345 16.57013702
-38.34124756 68.86203766 16.54713821
-40.70524597 83.20204163 23.31313705
-20.12424660 78.77603149 7.37713718
-31.20624733 68.57203674 44.17113876
-31.34724617 68.31103516 44.61714172
-27.82224464 76.59503174 7.04413700
-29.78424644 66.26703644 17.61213684
-28.17324638 69.77203369 20.67213631
-28.02524757 69.87903595 20.60113716
-28.21724510 69.90903473 20.54413795
-44.81024933 76.88703918 23.53313828
-45.58824921 76.36403656 22.22613716
-45.30124664 76.45303345 22.83913803
-35.71824646 85.23204041 13.76613808
-28.22924614 69.43103790 20.94713783
-24.21924782 65.83803558 24.43013763
-25.94424629 65.79803467 28.08813667
-28.94024467 65.67603302 27.11213684
-28.50024605 83.18904114 10.83413696
-39.98224640 79.31003571 34.94913864
-39.66424561 79.53103638 34.91213989
-28.86124611 82.26004028 39.11314011
-28.69824791 69.30103302 20.59613800
-43.90124512 78.05503845 12.95413780
-42.65424347 78.40703583 10.94313717
-42.63324738 79.08503723 11.12713718
-42.87324524 74.71003723 43.24514008
-42.70124817 74.08503723 43.23014069
-19.07024574 79.36803436 4.26213694
-37.86624908 68.75003815 19.38313675
-29.70124626 69.03503418 20.50713730
-43.03125000 78.87603760 11.65213776
-28.83224678 68.53203583 14.95313835
-28.19624519 68.26703644 14.95713806
-26.04224586 77.30303955 33.01514053
-26.99524498 77.01803589 34.63613892
-29.53924751 70.78603363 12.46613693
-29.52424431 70.94903564 11.89013672
-29.56124687 70.84803772 12.23613739
-33.05424500 67.13803101 17.24213791
-35.63624573 67.47703552 19.21213722
-42.55825043 74.70903778 41.94113922
-42.40124512 74.78003693 40.78614044
-23.94824409 80.27703857 38.77214050
-24.17624474 80.79703522 38.69813919
-24.34824562 80.65403748 37.57614136
-35.29124451 66.70903778 37.57814026
-30.85924721 83.52304077 35.01413727
-36.42724609 82.58203125 33.62513733
-28.50724602 81.46403503 35.97113800
-26.70124626 73.67103577 31.46013832
-24.97024727 79.50203705 25.89313698
-35.01224518 82.88504028 33.99213791
-37.11124420 66.53003693 42.11914063
-34.66424561 86.31803894 43.95314026
-32.77924347 66.71803284 32.06414032
-28.36824608 69.53003693 20.69513702
-35.56424713 69.50403595 11.52113724
-39.51624298 73.01803589 7.17313719
-38.90824890 71.59903717 6.18113708
-38.84324646 69.69104004 38.89714050
-38.70224762 69.41703796 40.28013992
-36.55124664 69.81503296 11.04113770
-35.24224854 69.64903259 10.77813721
-35.55724335 69.79103851 10.31013680
-37.20324707 66.32803345 42.96313858
-37.04924774 66.34303284 42.78514099
-44.33024597 82.00503540 4.10613680
-24.57024574 81.38504028 18.03713799
-24.66324425 81.38903809 17.70013809
-28.72624779 82.85903931 21.26013756
-37.33024597 70.73204041 27.20613670
-27.78424644 72.54003906 35.92613983
-24.80424690 74.08303833 37.40314102
-20.95424461 72.26803589 7.84913731
-30.00424767 80.91403198 24.40513802
-30.41924477 81.04403687 24.80613708
-26.94224739 80.37203979 18.02113724
-20.22924614 83.34803772 5.26813698
-30.81224632 86.00103760 16.22313690
-30.98024559 86.20404053 16.47713661
-44.55124664 72.22803497 20.75913811
-44.89324951 72.44003296 19.97813797
-26.32224464 75.81103516 12.15113640
-26.30924416 76.32803345 11.91013718
-25.81624413 81.13203430 17.22013664
-25.70424461 76.60704041 30.30613708
-32.97524261 67.47203827 3.96413684
-25.99924660 68.70703125 29.01813698
-26.37224770 68.59503174 30.30013847
-33.93624878 66.31503296 36.81314087
-34.26624298 66.37003326 36.83213806
-35.23724365 67.31604004 37.81513977
-35.46024323 67.04303741 37.97513962
-34.70524597 85.60504150 35.51813889
-35.65524292 82.19303894 31.44113731
-35.21024323 82.07303619 31.21713829
-34.96024323 85.46603394 35.52413940
-27.10924721 83.94503784 37.17713928
-26.59124565 74.45703125 17.33113670
-22.90824699 77.26603699 5.79713726
-22.65124702 76.75103760 5.63513708
-41.24224854 70.80603790 24.30213737
-32.05924988 66.21903992 44.52413940
-31.38924599 70.29403687 38.41413879
-44.58224487 73.01103210 15.89013672
-28.02124596 82.12703705 40.53414154
-42.91324615 80.52103424 35.43114090
-42.70924377 80.95603943 35.54114151
-25.34324455 68.39903259 6.29913712
-25.75224495 68.35903931 6.23213673
-25.63424492 68.31604004 5.97213697
-33.65924835 82.71503448 32.29013824
-35.29224396 86.90603638 37.73913956
-35.59424591 86.78403473 37.82513809
-34.99324799 68.65703583 38.08213806
-38.22024536 70.29703522 27.04013824
-32.26024628 70.72603607 28.67913818
-39.29024506 82.74403381 27.47413826
-40.59324646 78.98103333 37.59513855
-39.96524811 79.97003174 37.68313980
-40.77724457 77.25403595 37.52313995
-41.07624817 78.56103516 37.57913971
-40.70124817 83.00703430 12.00413704
-40.23724365 83.46203613 12.18713760
-44.58625031 77.27803802 5.54913712
-39.60124969 83.80503845 27.19813728
-26.78424644 84.96803284 32.47113800
-25.67324638 75.87603760 6.20313692
-38.77324677 67.99003601 37.31813812
-30.71124458 66.47503662 28.04813766
-31.51624489 66.99203491 29.28513718
-38.86324310 83.47303772 42.84114075
-38.51324463 83.68003845 42.49613953
-38.61324310 83.64003754 43.08013916
-29.34424782 69.81903839 20.75913811
-29.06624794 69.91903687 20.67913818
-33.07824707 87.11903381 37.36314011
-34.06224823 82.39903259 24.37213707
-34.52924347 85.80603790 4.41613674
-40.41424561 84.47503662 5.26213694
-36.59324646 86.01903534 3.93513680
-39.07824707 81.35704041 27.81713676
-39.54324341 81.77304077 27.58713722
-39.26024628 82.11603546 27.54713821
-35.23424530 68.99403381 24.61313820
-37.05124664 85.98204041 4.08613682
-43.55825043 74.69203186 35.30913925
-38.56924438 71.50503540 34.75713730
-38.14124298 72.04103088 34.56313705
-38.47824860 66.94403839 41.46313858
-35.15224457 66.96003723 36.63713837
-35.01725006 67.30203247 36.70114136
-34.29624939 67.93703461 36.08414078
-42.19924927 84.15503693 4.74413681
-42.02524567 83.94803619 4.97613716
-42.10124969 84.40603638 4.21813679
-31.41124535 69.28703308 9.64313698
-20.67024422 69.42003632 6.85613728
-40.90824890 78.31503296 7.25313711
-28.05124474 71.87903595 10.98713684
-27.72124672 76.66403198 21.62813759
-27.70324516 75.69503784 21.59813690
-26.32324791 79.90003967 13.03613663
-27.39124489 68.66703796 37.72314072
-38.15824890 69.87803650 5.68813705
-29.95224571 84.97403717 8.62613678
-31.21924782 85.03604126 9.00313759
-27.90824699 77.74003601 21.68413734
-28.04824638 78.49703979 21.39013672
-26.95724678 69.64203644 14.81313705
-30.01024437 84.82803345 7.35113716
-35.84624481 86.51203918 44.40513992
-36.11425018 86.50903320 44.20814133
-29.19424629 68.03303528 19.93013763
-26.86724663 75.24003601 19.17413712
-38.26824951 82.96403503 6.47613716
-38.82924652 82.55803680 6.46813679
-20.33624458 72.50003815 4.65513706
-20.52024651 72.17403412 4.82113695
-25.67824745 75.30903625 23.35713768
-28.00024605 84.74003601 38.13914108
-20.61324501 72.67903137 4.88913679
-20.76424599 72.49504089 5.54913712
-25.77224541 75.82003784 23.26813698
-26.44724464 76.41203308 22.85813713
-32.50624847 70.16003418 23.36613655
-27.41024590 74.71203613 39.02014160
-31.28524590 85.95303345 20.44113731
-27.83824730 72.45503235 34.77813721
-35.33024597 80.76903534 38.22114182
-36.65424347 67.08003235 39.05113983
-23.25224495 71.79203796 7.79513693
-23.94324684 72.43003845 7.88513708
-39.18924713 84.09703827 12.15613747
-25.57824516 77.87403870 28.70813751
-24.80824471 82.11903381 22.26413727
-24.78724480 82.94703674 24.82713699
-25.57324409 82.64103699 24.54813766
-24.99724770 82.54904175 23.85513687
-29.13324547 85.57704163 42.75014114
-28.78324699 85.40403748 42.41014099
-28.69024467 85.36003113 41.68014145
-36.13724518 67.36403656 37.73313904
-24.66724586 76.20203400 27.01813698
-25.12224770 76.71704102 28.00113678
-20.68024635 78.33903503 6.96813679
-20.61224556 78.51203918 7.20713711
-20.97924614 78.43904114 7.11013699
-24.21424675 71.85603333 40.12614059
-24.16624641 72.17403412 41.27114105
-26.27324486 76.07303619 34.62913895
-34.64024353 70.61503601 31.42313766
-38.44024658 71.87603760 28.66613770
-38.80124664 71.83303833 28.23013687
-36.71125031 70.00103760 26.42813683
-36.31324768 69.86803436 26.02013779
-25.89224434 69.89903259 37.42414093
-39.63624573 78.79603577 32.76413727
-30.71724510 68.70603943 33.60713959
-23.72924614 85.24504089 3.96213698
-23.65624428 85.27703857 3.77813697
-38.77724457 69.14203644 43.35213852
-39.06224823 69.22903442 43.62614059
-39.57424927 69.57103729 43.61814117
-33.88024902 67.66703796 34.45713806
-19.71524620 70.72103882 3.57113695
-19.76924515 70.93503571 3.84213686
-35.16124725 81.98303223 30.51013756
-34.82524872 81.71503448 29.56413841
-36.27824402 71.40503693 30.44013786
-36.31124878 71.62303162 30.20213699
-42.38824463 71.74103546 35.30014038
-29.14024544 69.49403381 35.07313919
-29.15324593 69.34903717 35.50814056
-41.87524414 75.59803772 6.15013695
-41.22424316 74.37503815 9.60213661
-41.46424866 73.89603424 10.26213741
-43.16724396 74.88703918 43.23714066
-43.51324463 75.90203857 43.19013977
-43.98925018 75.31103516 43.03213882
-33.09924316 87.13103485 39.23213959
-20.09524536 82.16503906 4.93713713
-31.19524574 84.30603790 45.17414093
-30.31124687 68.79503632 38.98313904
-24.87124443 71.04003906 16.27613831
-37.77224731 85.72003174 38.15013885
-37.75124359 85.89503479 39.65713882
-37.26624298 85.91104126 38.91714096
-30.08324623 69.04903412 39.32014084
-25.42924690 79.36003113 8.53713703
-26.83524513 79.13703918 8.50113678
-35.03125000 84.52803802 35.26113892
-29.52024651 69.41203308 39.04713821
-44.39324951 77.72003174 42.96113968
-22.52624702 65.87703705 17.53113747
-23.41924477 65.80703735 17.14113808
-39.25524902 73.52403259 32.09513855
-39.12124634 73.44703674 31.76413727
-38.41724396 69.35203552 26.61613846
-22.50024605 74.96503448 5.92613697
-22.37324715 74.84003448 6.12913704
-26.58424568 75.82303619 11.41113663
-30.32224464 85.66003418 16.02813721
-43.57324982 79.18003845 36.10113907
-28.66524696 80.32403564 20.47213745
-30.51824760 85.00503540 15.47313690
-26.80324745 74.30003357 31.81113815
-24.79324532 84.36303711 5.43513680
-29.72424507 84.95603943 15.31513786
-34.96124268 84.78804016 41.42914200
-38.32225037 70.77803802 10.28913689
-39.34224701 82.54703522 6.09813690
-27.60124779 80.60003662 19.40413666
-41.19924927 74.20603943 27.89913750
-23.76824760 84.30104065 6.32813692
-23.11924553 84.31503296 6.07413673
-40.87424469 84.50403595 43.83914185
-37.30324554 85.83903503 4.62113667
-34.57924652 67.91003418 36.64913940
-35.59824371 66.25303650 38.61613846
-35.58224487 66.38504028 38.07814026
-35.67524719 66.57703400 38.25313950
-37.95324707 83.06203461 6.80613708
-29.89624596 69.15503693 44.64313889
-23.58624458 68.95303345 7.02713680
-24.50924492 69.57203674 7.53513718
-24.39224434 69.54203796 7.32913685
-19.83624649 73.40603638 4.54213715
-30.12924767 69.93703461 26.56313705
-30.40424538 70.07103729 26.85813713
-27.79024696 77.67203522 21.36613655
-28.87024498 66.12603760 24.12213707
-28.51324654 65.86103821 24.29313660
-28.92624474 65.88703918 25.25113678
-29.78124809 66.84803772 44.70014191
-27.28924751 80.04203796 39.20014191
-36.53724670 67.66503906 36.68413925
-27.03624535 79.23303223 8.76613712
-34.79224396 82.29904175 32.84813690
-31.07624626 86.19603729 44.42813873
-35.57824707 79.72503662 38.15314102
-27.03124428 73.90903473 8.41813660
-26.77324486 74.00903320 8.14613724
-28.86824608 86.24504089 3.50913692
-28.98824501 86.27703857 3.99613690
-27.45224571 80.98403931 30.79413795
-26.81924629 76.53503418 36.68914032
-33.64124298 86.88103485 35.77714157
-34.36624908 86.58803558 35.63613892
-33.34024811 80.37903595 38.34914017
-43.16824341 72.38504028 5.51113701
-29.59824562 69.91103363 14.30513763
-30.27324486 86.21003723 3.32913685
-29.97524452 86.17803955 3.16513681
-29.78024483 86.31604004 3.82613683
-29.20024681 86.27304077 3.85713696
-41.40024567 72.62903595 38.76314163
-41.05624390 72.18103790 38.22013855
-26.13024712 75.60003662 6.36813736
-26.33624458 75.97203827 6.42913723
-31.36124611 80.64703369 38.68214035
-29.13924599 86.23903656 3.51613688
-40.24124908 73.11003113 34.87813950
-40.83524323 74.13203430 34.88113785
-26.23824501 79.26603699 39.47214127
-35.60224915 84.92404175 18.25513840
-40.92724609 76.03403473 34.85413742
-40.42624664 74.08603668 34.84513855
-40.66824341 74.50103760 34.83413696
-23.75124550 82.16903687 9.21913719
-35.41924286 85.80603790 4.91913700
-21.22124672 69.39603424 7.36813688
-20.96224403 69.58503723 7.41213703
-37.83824921 69.87703705 37.78213882
-37.29724884 69.76004028 37.80113983
-23.61824608 86.47803497 23.61213684
-44.56624603 79.84503174 5.45013714
-22.00724602 68.44303894 5.30913687
-27.20024681 66.87403870 4.25113678
-46.03324890 77.34803772 17.29213715
-39.97624969 74.93503571 34.48513794
-40.11024475 75.23403931 34.53813934
-22.41924477 86.12103271 17.41013718
-30.46724510 68.84903717 38.75014114
-28.26724434 81.60303497 32.45013809
-35.76924896 68.95003510 14.01713753
-36.21224976 69.06703186 13.60413742
-24.45524406 71.34803772 39.35713959
-33.00524902 69.19903564 13.88213730
-26.96924782 75.37603760 6.75613689
-39.76824951 82.86603546 43.31214142
-40.01124573 82.69203186 43.49214172
-27.77224541 70.22903442 31.43713760
-28.05024529 69.89203644 31.46013832
-21.09724617 69.20403290 17.01813698
-21.06624413 68.76403809 16.93913841
-34.36524963 70.34203339 29.83513832
-30.40124702 70.44104004 11.64713669
-25.86024666 75.51103210 29.87113762
-24.14624596 70.92604065 8.03813744
-23.97024727 71.15003967 7.81713724
-29.32124519 87.18303680 27.60613823
-29.21224785 86.98703766 16.90713692
-30.30424690 66.06503296 27.91913795
-26.35824776 80.99603271 28.28113747
-28.91024590 81.40103149 33.79513931
-28.91224480 82.97903442 21.09813690
-35.42724609 69.52003479 25.25113678
-34.58324432 68.94104004 24.02713776
-31.82124519 66.13703918 31.26713753
-31.67224693 66.29903412 30.44713783
-26.08124733 74.84503174 31.49113846
-44.35724640 73.88403320 41.13513947
-21.41024590 69.30303955 16.71113777
-21.46624565 84.60003662 20.72713661
-21.51224709 85.07203674 20.55113792
-27.34224510 78.15503693 35.65113831
-27.55724525 78.58403778 35.33514023
-25.44524574 80.00103760 25.69513702
-37.44824982 68.56403351 43.07213974
-27.27924538 81.27003479 39.78013992
-27.14324760 75.28103638 34.76313782
-26.91624641 75.32303619 34.93613815
-26.74224663 75.44503784 35.18513870
-32.14824677 69.39003754 10.00813675
-27.68024635 73.36403656 20.20113754
-24.15424538 76.65103149 31.94813728
-39.15024567 68.83803558 22.90413666
-39.00724792 69.05403137 22.49813652
-38.93224335 68.93103790 22.31513786
-29.16124535 81.16203308 25.72313690
-38.98324585 85.69203186 3.87513685
-20.78324699 74.01903534 7.21513700
-42.07524872 70.70803833 36.77114105
-38.91524506 69.92703247 12.73213768
-20.20924568 82.72803497 4.51613712
-30.07524681 67.45003510 4.46513700
-30.04124641 67.14203644 3.85113692
-29.86824608 67.14203644 3.85813689
-21.44324684 83.07704163 19.92613792
-32.37424469 67.68003845 16.37313843
-19.05624580 81.02403259 3.67113686
-37.25424957 71.76103210 34.03113937
-38.24124908 83.57503510 5.86813736
-26.63024712 80.21403503 40.70714188
-26.33224678 79.62004089 39.56013870
-26.34924507 79.74504089 39.77214050
-20.97724724 67.59503174 18.13813782
-22.68724632 68.23703766 4.70313692
-22.39224434 68.42503357 4.63013697
-41.80324554 69.18703461 3.64913702
-42.04024506 69.21403503 4.13213682
-37.09324646 70.11203766 26.79113770
-31.22524452 69.51303101 6.30613708
-31.36724663 69.53203583 6.55413723
-24.40024757 84.43904114 7.69413710
-25.23724556 84.51903534 7.97513723
-41.29024506 83.33203125 21.48413658
-41.14225006 83.78103638 18.98613739
-26.39424706 79.39503479 16.55313683
-26.42324638 79.29203796 16.85813713
-37.87424469 84.17903137 26.53613663
-38.96724701 84.49403381 14.08713722
-28.67624474 68.47503662 20.48713684
-25.82324791 75.64303589 30.14613724
-25.83624458 76.08003235 30.11013794
-37.90324402 84.81203461 13.70413780
-41.41925049 83.67303467 18.36313820
-29.60324669 80.65303802 21.86213684
-41.59624481 72.21103668 25.94013786
-33.60724640 86.22603607 21.76313782
-29.49224663 80.89503479 21.52013779
-27.38324547 66.85003662 15.57413673
-26.19624519 68.74703979 29.06613731
-33.28924561 86.23004150 3.73113680
-32.32524872 86.28903198 3.82813692
-29.17324638 87.05003357 18.91113853
-20.09824562 78.59003448 7.18413687
-27.13624763 83.85403442 31.00513840
-20.48624611 72.60603333 7.69913721
-20.31924629 72.42203522 7.50313711
-20.48724556 72.08503723 7.71613693
-39.02924347 84.98303223 22.86313820
-20.26924706 70.59103394 6.88713694
-40.45124817 74.48003387 29.64913750
-28.27124596 66.76803589 20.54313660
-44.51424408 74.90803528 5.38713694
-30.66724586 85.72503662 4.88113689
-31.66124535 85.16203308 5.25813675
-28.48124504 76.32403564 7.63513708
-28.41524696 75.59803772 8.11413765
-35.39924622 68.21903992 39.70114136
-43.60124969 80.58303833 39.93413925
-43.24924469 81.04803467 38.93214035
-34.97924805 85.03103638 35.28313828
-28.61724663 86.72703552 16.38413811
-33.67324829 86.09204102 4.59313679
-33.83724976 85.90303802 4.44213676
-37.85025024 80.68303680 31.75513840
-26.17324638 79.56903076 15.12713814
-26.16624641 79.50804138 14.50413704
-28.62224770 68.82203674 25.18113708
-24.01024437 76.33703613 45.07614136
-24.09824562 77.17003632 45.33713913
-23.80024529 85.37603760 3.63813686
-26.30924416 79.60303497 16.11813736
-44.43124390 80.78303528 21.05813789
-44.99724579 80.19803619 20.80213737
-38.94824982 72.49303436 29.29513741
-27.69824791 79.72103882 19.73013687
-27.96624565 79.87004089 19.83713722
-42.04324341 75.31803894 37.72814178
-39.01624298 72.73703766 29.90413857
-39.47724915 73.14403534 29.75113678
-38.43724823 68.23403931 3.97313690
-32.47924805 65.99403381 37.85514069
-27.84024620 69.77903748 45.13314056
-26.15624428 70.38603210 45.27614212
-25.49724770 71.49603271 45.38014221
-25.61324501 72.07203674 45.41114044
-39.06624603 68.36803436 3.73413682
-38.79324341 68.34703827 3.78913689
-26.53324699 83.76203918 29.65113831
-26.77524757 83.85903931 30.43413734
-27.94324684 68.32703400 34.50214005
-26.15024757 75.21704102 45.09313965
-26.05924416 76.50503540 44.59313965
-35.40625000 70.41304016 31.41513824
-24.82324409 81.20303345 9.65113735
-26.15124702 80.75703430 9.90513706
-19.43824577 80.62103271 7.40913725
-19.39224625 79.92703247 7.30913687
-34.89924622 70.12803650 32.97313690
-30.84624672 69.87703705 38.51713943
-32.49124908 69.36003113 38.28414154
-31.33524513 69.28103638 38.49314117
-38.64424896 85.86203766 44.19113922
-36.37424469 86.48803711 44.50614166
-42.88124847 79.44803619 5.83313704
-42.06324768 79.91903687 5.96113682
-28.02524757 73.48503113 20.97813797
-33.48724365 81.77403259 26.30513763
-40.40224457 77.01803589 31.62213707
-36.64124298 68.44703674 5.05313683
-26.53024483 83.74703979 15.04713821
-26.22424507 83.53903198 15.15713692
-26.70424461 83.64604187 14.98213768
-25.38824654 84.22603607 15.47813797
-25.81724739 84.00804138 15.32713699
-28.52424431 67.21503448 4.42513704
-44.78224945 77.39003754 5.35313702
-43.49624634 71.30603790 20.96213722
-43.33625031 71.00603485 20.25713730
-32.00024414 85.10303497 15.13413811
-43.45724487 72.20803833 23.07113647
-29.50624657 66.98203278 41.97314072
-29.89024544 66.66703796 43.55514145
-22.46024513 81.99803162 7.46413708
-21.99924660 81.94803619 7.39913702
-26.01124763 87.28703308 21.33213806
-29.91824532 68.72203827 35.52714157
-29.60524559 68.64003754 35.59114075
-39.42824554 71.75303650 9.78013706
-39.69824982 71.83003235 10.10513687
-38.52724457 84.56604004 19.72213745
-25.79424477 77.97803497 37.16413879
-34.18324280 81.74203491 27.41013718
-34.77224731 81.86603546 27.11713791
-34.31124878 81.99504089 26.12213707
-23.56624413 73.80203247 40.56713867
-23.42124748 73.91203308 38.80213928
-23.30824471 74.41903687 38.11914063
-25.24124718 70.61903381 9.35313702
-35.20224762 86.58703613 43.20314026
-33.86524963 86.58503723 43.66213989
-34.49124908 82.13903809 25.69613838
-33.13824463 69.47703552 32.82213974
-28.12124443 74.68603516 7.98313713
-33.53125000 85.26803589 44.44713974
-21.96224403 84.31803894 5.10413694
-35.97424316 86.60303497 42.87514114
-36.49424744 86.54603577 42.65314102
-36.82024384 82.15303802 32.38713837
-36.72624969 82.11903381 32.14513779
-28.00424767 72.40203857 11.71513748
-28.05424690 70.77603149 42.57814026
-26.46124458 81.31703186 15.77413750
-24.69524574 67.76703644 4.50313711
-21.74524498 66.26103210 18.85513687
-25.52924538 81.45404053 16.50113678
-39.94725037 80.67903137 35.03713989
-40.09524536 81.13803101 35.13113785
-40.19424438 80.81303406 35.14714050
-32.14524841 86.27304077 44.63114166
-26.80424690 83.83403778 15.02613831
-21.63124657 85.73503113 18.17413712
-21.61124611 85.44003296 18.00113678
-30.33924675 83.29503632 28.53413773
-30.81024742 83.58103943 30.05013847
-30.60124779 83.46403503 29.12613678
-27.24624443 84.56203461 15.11113739
-26.75724602 84.70903778 15.25913811
-39.47124481 67.98303223 38.84413910
-27.75724602 79.65303802 19.94713783
-27.42624474 78.79403687 19.86613655
-37.71324921 66.38504028 43.81814194
-39.06924438 68.43903351 36.19313812
-41.16925049 75.59403992 34.84814072
-27.10424614 79.79903412 30.77913857
-26.92824745 79.85803223 30.51213837
-34.97424316 68.21603394 35.29013824
-35.65924835 68.18303680 35.00613785
-39.85524750 78.36903381 33.38913727
-44.65625000 76.46203613 42.83013916
-27.03124428 79.07303619 18.92013741
-27.05824471 78.45703125 19.06813812
-21.08524513 69.16003418 18.82813835
-21.16724586 69.46803284 18.63913727
-39.69224548 84.95903778 39.01613998
-40.07024384 85.14103699 43.07114029
-24.66824532 78.82803345 25.97913742
-24.37324715 75.62803650 32.12313843
-24.23024559 75.82303619 32.08413696
-25.61824608 77.16104126 23.58213806
-19.08024597 73.57703400 3.53313684
-26.17124748 69.27103424 41.81713867
-36.53924561 87.05003357 41.58613968
-35.78524780 66.41503906 38.63114166
-33.02824402 68.03703308 43.72314072
-32.22624969 68.27103424 41.53313828
-34.31024933 82.07103729 31.82213783
-24.13824654 75.72303772 24.97613716
-24.22424507 75.54003906 24.65513802
-26.39224434 66.11003113 16.41313744
-27.24024773 66.21203613 16.33913803
-40.78224945 70.77103424 5.64813709
-40.15024567 71.32703400 5.82013702
-40.74924469 74.06303406 9.01713753
-30.90624809 66.37203979 43.84914017
-40.70424652 84.32103729 24.70113754
-22.93724632 74.59204102 6.94513702
-37.74124908 72.16103363 31.72913742
-39.20424652 73.50703430 32.95213699
-39.54624939 73.93003845 32.85913849
-39.04624939 73.44503784 33.46113968
-26.81124687 70.33403778 27.61213684
-38.94924927 71.38003540 34.77713776
-40.39324951 81.95703125 42.44514084
-41.38024902 80.58703613 42.19414139
-38.95524597 73.14703369 32.85413742
-34.37224579 70.47603607 32.36914063
-35.20924377 66.67603302 37.36513901
-35.13024902 66.39003754 37.26213837
-27.02024651 73.16703796 12.62013817
-45.59024811 75.75103760 22.11613655
-26.36624718 75.52703857 36.93714142
-26.58624458 75.17903137 36.85213852
-31.48724556 66.29703522 43.84714127
-38.10424805 85.66503906 23.55713654
-23.36824608 77.92203522 39.92213821
-32.29924774 69.67403412 31.05213737
-38.04424286 67.69203186 22.36313820
-37.61224365 67.55303955 22.01213646
-27.41724586 71.05803680 25.26313782
-43.29425049 74.51903534 35.18513870
-27.45024681 75.32503510 10.14413738
-27.54924583 74.57403564 10.17113686
-23.40824699 83.22903442 16.60713768
-21.60124397 84.51203918 21.18313789
-41.47424316 81.84703827 26.12713814
-21.97324562 66.93503571 16.31613731
-27.31124687 79.17604065 8.97013664
-27.63324547 74.92403412 10.15213776
-27.65124702 74.90603638 9.84113693
-21.78824425 66.76703644 16.52913666
-24.88524437 85.77003479 4.03013706
-25.53124428 86.09204102 4.01613712
-22.91224480 70.31903076 20.04313660
-26.07424736 81.31103516 16.35513687
-26.09824562 81.12703705 16.71513748
-40.66824341 82.08603668 43.72613907
-20.64424706 83.70803833 4.67013693
-30.27024651 66.17903137 39.71913910
-29.91224480 66.41003418 39.74713898
-43.48224640 83.10303497 4.79713678
-43.45124817 83.09803772 4.37413692
-38.53924561 85.64804077 39.73213959
-39.03624725 85.38603210 39.31613922
-44.63024902 76.45303345 41.50513840
-42.94124603 83.60803223 4.03413677
-28.68624687 71.12603760 13.03013802
-35.36324310 67.65203857 18.66413689
-19.91524506 77.87004089 5.01313686
-28.69224739 82.00403595 29.56913757
-43.30124664 83.39703369 4.13113689
-43.21924591 83.40103149 4.44113684
-42.68424988 83.72503662 5.08013725
-42.70124817 83.85203552 4.86713696
-28.30224800 85.02903748 36.51813889
-33.87724304 82.70803833 32.59113693
-33.18824768 67.94703674 44.14614105
-33.90224457 67.93403625 43.84214020
-33.75224304 68.00903320 43.19213867
-33.52624512 67.98103333 43.67613983
-33.25624847 82.42604065 23.73113823
-33.08324432 82.17803955 23.76613808
-31.04624748 81.54103088 27.77813721
-36.83124542 71.60704041 32.91313934
-37.00124359 71.67703247 33.07213974
-31.16524696 86.75903320 17.34513664
-44.92124939 76.87303162 3.43513680
-45.04024506 77.26403809 4.22613716
-38.75224304 72.35103607 7.61413717
-40.80424500 71.61803436 26.17913818
-39.40024567 71.14303589 27.02813721
-39.10524750 70.79603577 26.93613815
-37.70924377 71.11503601 27.57313728
-23.25824547 75.49703979 37.81813812
-36.78024292 66.59103394 41.01613998
-37.51324463 68.66103363 20.13413811
-37.38324738 68.25703430 20.35713768
-38.14624786 68.82303619 20.32813644
-40.74724579 83.20404053 35.52814102
-41.12224579 83.31903076 26.45613670
-40.90625000 83.77304077 26.49713707
-37.32524872 68.73103333 39.80213928
-40.17624664 84.84204102 5.17113686
-21.33724403 83.25903320 19.77813721
-21.10324669 83.66403198 19.09313774
-26.68624687 72.96203613 43.13713837
-38.49724579 85.38504028 25.40713692
-21.84924507 69.09703827 4.68713665
-22.00724602 68.97403717 4.82613707
-27.42324638 70.18303680 36.74713898
-35.11724854 84.91203308 5.36813688
-35.01424408 84.40903473 5.66613674
-46.01524353 75.07904053 19.87513733
-33.08524323 66.02303314 37.81414032
-33.93224335 66.06103516 37.90914154
-30.20724678 66.48703766 43.19213867
-30.20624733 66.53703308 43.64813995
-29.87724495 66.73803711 42.86114120
-28.46124458 70.36403656 25.91713715
-29.55924797 70.54503632 25.18213654
-40.39024353 78.15703583 34.88513947
-26.92724419 87.24504089 19.59713745
-27.17924690 87.21403503 20.29713631
-29.90724754 69.93603516 26.35613823
-30.74924660 66.35803223 44.53813934
-40.33124542 77.46603394 34.70813751
-40.58924866 77.42604065 34.85913849
-42.55224609 70.05903625 41.36613846
-30.88324547 67.47103882 44.72314072
-26.76724434 73.75103760 13.02713776
-24.73624611 78.51103210 24.93313789
-35.72525024 85.60603333 19.72613716
-36.19424438 85.03103638 19.68913651
-43.45224762 73.18903351 43.11114120
-26.57924461 76.04403687 18.33313751
-37.24824524 85.08403778 20.85413742
-26.97924614 74.52803802 11.18613815
-42.75325012 70.20403290 43.02513885
-39.96324921 75.22403717 33.81414032
-32.89324951 81.69203186 28.81613731
-31.65624809 69.92303467 11.67713737
-21.04024696 67.96903992 17.02013779
-33.02024841 69.00703430 34.30313873
-26.80724525 75.39603424 10.96713734
-26.91024590 75.83003235 10.65513706
-24.99424553 70.68603516 37.65513992
-36.89824677 71.74903870 31.83713722
-26.64424706 78.78703308 17.92513847
-26.40724754 74.56903076 7.08313704
-34.39124298 85.18403625 15.88013840
-41.06724548 75.81303406 6.71713734
-41.05324554 76.46603394 6.84013700
-41.16624451 77.15203857 6.79413700
-27.62624550 74.52103424 10.02913666
-27.72124672 74.64503479 9.72613716
-30.75024605 69.79503632 21.51513672
-28.51224709 69.83903503 27.92313766
-29.00024605 69.77603149 28.17413712
-46.10524750 77.56803894 17.74213791
-46.18224335 77.70404053 18.99913788
-24.31324577 81.09003448 38.12414169
-41.04024506 76.94203186 6.94013691
-40.98424530 77.35903931 7.07313728
-40.90224457 77.00503540 7.32513714
-27.89024544 74.52903748 9.53113747
-41.52324677 72.39703369 40.91014099
-40.39924622 71.09403992 39.10314178
-27.30224419 73.09903717 18.72913742
-24.15624428 76.83103943 24.94513702
-41.15324402 71.86503601 40.43914032
-41.25624847 71.79703522 41.47914124
-42.06624603 73.02903748 42.51613998
-24.37424660 76.90803528 24.58913803
-24.06024742 76.89804077 25.28013802
-27.37624550 72.53603363 18.59313774
-28.94624519 87.08503723 25.68113708
-26.07424736 75.92303467 45.15314102
-26.79324532 81.52903748 15.35613823
-26.69724464 81.23204041 15.67513657
-24.05824471 76.79403687 31.42613792
-24.44024467 76.73603821 31.05013847
-24.16624641 76.45803833 31.19913864
-32.35624695 86.74304199 43.82614136
-20.95824623 68.55003357 18.74113846
-20.88524437 68.50103760 18.33913803
-39.24324799 82.40703583 27.49713707
-39.50224304 82.55503845 27.47613716
-39.95624542 82.47903442 9.85913658
-40.05524445 68.22103882 39.35514069
-35.31824493 85.85103607 4.64613724
-22.55824471 82.94104004 17.26113701
-22.81024742 82.64003754 17.21913719
-31.68024635 65.99703979 37.98514175
-33.43524933 65.89103699 39.94414139
-27.49824715 72.82603455 11.97513771
-38.23224640 82.57704163 27.17413712
-28.05624580 72.43303680 11.35413742
-38.07124329 68.70503235 43.62313843
-38.03224945 68.75603485 43.36413956
-38.69324493 68.95903778 43.70914078
-24.34324455 75.61503601 24.49313736
-24.63124657 75.77003479 24.23013687
-25.14224434 76.52304077 33.26113892
-26.31424522 76.56803894 34.59013748
-27.90324593 78.86903381 20.70613670
-27.91524696 78.73803711 20.90913773
-24.44224739 68.10003662 4.95913696
-43.44524384 83.09703827 3.68913698
-31.85624504 70.62103271 26.39313698
-35.08724976 85.59204102 19.07813835
-25.02124596 68.16203308 5.11013699
-27.24424553 83.61803436 9.86013699
-27.04624748 84.24103546 9.37713718
-26.34524727 86.76603699 16.59813690
-26.34224510 85.73503113 15.84513664
-38.91824341 74.66003418 37.64714050
-39.45224762 73.97303772 37.55614090
-26.27124596 73.06703186 39.56814194
-26.35224724 73.05003357 39.42213821
-38.91524506 82.56404114 6.32713699
-38.61924744 82.83503723 6.28213692
-41.05524445 73.50403595 37.49613953
-41.63024902 74.49003601 37.52613831
-27.56924629 87.18603516 22.35313797
-28.95824623 69.75003815 39.45513916
-28.96024513 69.77203369 40.01414108
-27.08424568 82.05003357 14.03213692
-27.47924614 72.05803680 14.83913803
-41.09624481 68.89803314 4.60613680
-28.14724541 66.27903748 18.38213730
-36.31124878 86.51203918 44.39514160
-31.26824760 67.56604004 28.92013741
-25.81424522 82.39503479 15.43313789
-26.12524605 81.97803497 15.42713737
-44.26625061 76.96403503 13.53013802
-36.84024811 85.98403931 39.56914139
-25.07724571 81.87403870 16.29613686
-25.43324471 81.66903687 16.27313805
-25.46324730 81.87803650 15.98713684
-31.28724480 67.17503357 28.85813713
-37.55524445 86.06103516 41.34513855
-26.31224632 79.98803711 29.08913803
-23.78224754 72.87004089 37.72613907
-23.87624550 72.40903473 37.80913925
-25.13224602 85.89003754 4.13013697
-26.10024452 85.82003784 4.44813681
-25.39924431 85.68603516 4.33713722
-26.20724678 79.45103455 29.28013802
-27.31224632 73.88203430 35.54713821
-39.92524719 72.37903595 9.53713703
-40.48524475 72.94603729 9.71513748
-39.91224670 72.10503387 9.95613670
-31.01524544 84.17803955 39.12913895
-30.32424736 83.90503693 39.32014084
-28.84124565 79.98204041 21.70313644
-28.98924446 80.27003479 21.44613647
-20.91324425 84.18403625 5.26313686
-33.71324921 67.08003235 34.42813873
-37.54124451 67.47803497 37.81613922
-41.25724792 76.44703674 34.86613846
-37.92424774 85.06503296 25.89913750
-38.03324890 85.12603760 25.78413773
-37.77924347 85.45803833 25.13113785
-26.11524773 82.64303589 37.12514114
-40.63524628 78.67703247 34.95713806
-41.07824707 79.76203918 35.03614044
-39.11524963 69.05203247 22.84013748
-28.72124672 66.90703583 38.54513931
-27.44624519 80.81803894 36.65713882
-27.30324745 80.31103516 36.74914169
-27.36024666 81.89303589 36.73514175
-28.56124687 68.70103455 7.92913723
-24.35224724 77.51303101 6.13413715
-25.28624535 77.61103821 6.33113670
-32.40224457 70.39303589 29.05213737
-31.79024696 70.17103577 28.97313690
-31.73624611 69.89603424 29.30813789
-29.42724800 83.72403717 12.05013657
-29.08924675 83.37103271 11.32913780
-28.09224510 65.77903748 31.77313805
-27.30124474 65.78603363 30.67613792
-30.08724785 84.14103699 11.77713776
-25.95824623 73.12203979 9.49813652
-22.62124443 70.10203552 7.45813704
-42.92424774 76.11403656 26.13913727
-24.14324760 74.89103699 24.99813652
-36.71424866 81.40403748 30.79213715
-25.07724571 72.19104004 26.79613686
-37.55724335 84.54203796 20.75813675
-27.14124489 81.72503662 12.73313713
-28.11624718 67.83403778 35.21113968
-28.38724709 68.03603363 35.54314041
-40.69224548 68.28503418 41.04814148
-27.28324699 70.59003448 9.98313713
-43.62424469 71.01403809 4.42313671
-43.46624756 70.80104065 4.03113699
-25.89924431 69.66903687 37.79314041
-42.94725037 70.40603638 3.47313690
-43.30424500 70.56803894 3.87113690
-43.38124847 70.91603088 3.58713698
-40.38524628 81.08803558 35.12913895
-28.09324455 84.88803101 43.29914093
-43.20324707 70.27403259 4.90413713
-32.69724274 86.39003754 20.71913719
-32.31424713 86.57403564 20.45313644
-44.50225067 81.45103455 3.24713683
-35.66824341 66.20603943 42.44414139
-33.70024872 66.08203125 43.13814163
-39.47224426 73.79303741 31.96913719
-41.62624359 70.63103485 14.65313721
-26.76024437 71.25203705 30.25713730
-27.91724586 82.44303894 24.79213715
-29.27324486 69.82603455 27.90913773
-22.59024620 68.98303223 15.91413689
-21.95024681 69.34903717 16.32513809
-27.18124580 80.08903503 10.14013672
-35.59624481 70.18503571 33.59813690
-35.48724365 70.13703918 33.51813889
-26.30824471 69.02403259 25.82713699
-41.62424469 79.88003540 6.11813736
-41.15324402 79.77603149 6.38713694
-25.74224663 77.29403687 30.47613716
-41.05024719 78.71103668 28.34213829
-41.11124420 79.12103271 27.98613739
-30.68124580 65.78503418 31.01613808
-30.91524696 69.79203796 10.45813751
-20.98324394 79.35903931 7.70513725
-21.24824715 79.16503906 7.60613728
-35.55824280 68.57103729 16.88013840
-36.10424805 68.55403137 17.54213715
-22.04724693 66.36103821 20.39913750
-24.09824562 84.29603577 5.36113691
-26.63224602 82.66703796 36.99813843
-25.62224770 82.67503357 37.35514069
-41.07024384 72.29203796 34.91713715
-39.53524780 72.39703369 34.81713867
-37.04224396 67.95403290 4.35813713
-33.13824463 84.89804077 44.50914001
-20.45424461 77.49703979 5.28013706
-24.04724693 75.88703918 31.31313705
-35.51324463 84.88103485 18.86013794
-28.61224556 80.41403198 24.20813751
-34.25724792 85.33303833 18.29713821
-26.34524727 67.70203400 31.60013771
-29.35424614 65.79203796 33.43613815
-27.50524712 79.52903748 31.91513824
-27.36724663 79.29803467 31.67313766
-26.93124580 80.71704102 40.73614120
-33.22624969 70.14703369 30.80113792
-33.17624664 70.13303375 31.06613731
-33.42824554 70.40103149 30.65913773
-27.94224739 70.94203186 44.81114197
-24.81724739 85.97503662 3.76013684
-25.02624702 86.54803467 16.69413757
-33.30424500 70.36003113 31.09213829
-25.24924660 65.87203979 16.78613663
-20.88124657 69.26703644 5.85013676
-21.05424690 69.31403351 5.65913677
-21.66924477 80.03804016 7.63813686
-22.49824715 79.86503601 7.57213688
-22.42224693 80.39804077 7.64013720
-37.20124817 66.55503845 41.88713837
-37.18724823 66.53804016 42.01113892
-27.41424751 78.41304016 20.10913658
-35.45024872 70.43303680 7.94213724
-36.34324646 70.92403412 7.60713720
-39.34024811 83.55903625 11.00713730
-38.94024658 83.75603485 10.90613747
-39.44824982 83.31803894 10.70213699
-24.32224464 85.10003662 16.03913689
-23.97324562 85.25903320 16.22213745
-29.35924721 83.56503296 24.23513794
-28.99224663 82.89203644 23.76313782
-33.73925018 70.56203461 30.88613701
-33.97724915 70.66603088 31.00713730
-34.16124725 70.69903564 31.42813683
-29.35924721 71.02503967 12.19013786
-29.35324669 70.93803406 12.52113724
-19.97224617 73.76503754 4.72313690
-29.63024712 83.21603394 25.02913666
-45.79124451 74.32303619 17.82213783
-45.94424438 74.75903320 18.11213684
-40.32424927 71.64303589 37.63713837
-32.54824829 68.62903595 34.48913956
-38.44524384 68.81703186 19.50713730
-29.05724525 71.04503632 12.48613739
-40.39524841 85.33503723 3.80413699
-39.80825043 85.56404114 3.43013692
-23.19524574 78.78403473 7.14613724
-29.87424660 66.77003479 44.51414108
-30.00124550 66.81003571 44.70014191
-23.82224464 70.21703339 7.52413702
-30.37324715 67.29103088 3.56813693
-30.23124504 67.16403198 3.71013689
-20.42824745 70.22103882 6.21113682
-26.16624641 84.88103485 15.45713806
-26.63224602 84.20003510 15.22213745
-26.33024788 84.49304199 15.28613663
-26.22824669 77.05603790 33.81513977
-26.62324715 77.10803223 33.88314056
-40.91724396 79.41703796 8.23913765
-45.04924774 73.10603333 16.81713676
-45.31024933 73.68103790 16.70913696
-31.39524651 84.14604187 43.97814178
-31.60724449 84.23403931 44.40114212
-24.25624657 69.49303436 7.24513721
-24.12024498 69.91203308 7.45613718
-44.72424316 72.56403351 16.93513680
-32.09924316 85.15403748 16.57313728
-31.63824654 85.94903564 16.62713814
-40.87124634 70.81604004 43.41714096
-28.66824532 67.92803955 22.38613701
-27.95024681 70.73703766 25.45913696
-29.12424660 70.43503571 25.44313812
-28.38824654 81.15103149 34.75613785
-27.29124641 71.99003601 10.58213711
-27.09824562 71.79303741 10.50613785
-28.48624611 82.39003754 43.04613876
-36.60524750 71.01403809 32.00613785
-36.53924561 70.82203674 32.02313995
-40.02024841 71.68603516 10.73513794
-39.80825043 71.80403137 10.31913757
-29.86724663 68.98303223 8.56713676
-27.40924644 77.38803101 32.85213852
-31.51124763 70.45003510 28.08213806
-29.71424675 81.55703735 21.28513718
-40.24224854 75.94903564 34.13813782
-25.06824684 73.26603699 8.61213684
-24.82124519 73.02403259 8.58213711
-19.37024498 82.40303802 3.62813687
-27.66924477 85.33203125 15.46713829
-28.16524696 66.32903290 16.31213760
-37.16724396 84.68503571 11.26813698
-36.59624481 84.86203766 11.36013794
-27.60024452 85.02104187 15.45113754
-36.53125000 85.86903381 4.45613670
-23.30424690 82.09703827 8.95113754
-27.12124443 79.38504028 19.03613853
-27.10824776 79.57003784 18.83413696
-27.65424538 84.95303345 15.39213753
-27.26224709 84.74703979 15.17813683
-27.49624443 69.33503723 23.93113708
-27.73424721 69.31203461 23.88113785
-27.90424538 69.27903748 23.82213783
-40.14924622 70.01703644 24.61613655
-19.95924568 82.71403503 4.22313690
-28.19724464 84.86804199 36.09914017
-39.73224640 69.22203827 24.20113754
-39.82424927 69.55103302 24.08813667
-42.78025055 82.75103760 18.85313797
-42.17424774 83.23303223 18.04013824
-42.90625000 82.67003632 18.37113762
-43.44624329 82.17503357 18.96313667
-20.12924576 82.94403076 4.32613707
-20.25124550 83.01004028 4.43713665
-26.21224785 69.13103485 25.20513725
-26.50924492 72.73003387 10.02013779
-26.32024574 71.69303894 10.21613693
-34.71924591 85.59903717 18.73413849
-39.60124969 72.69203186 34.89714050
-33.29724884 85.54203796 33.07513809
-33.10724640 85.85103607 32.75114059
-32.52324677 85.78703308 31.48913765
-41.21224976 75.95703125 8.83613777
-41.01424408 75.55104065 8.53713703
-20.23924446 70.80703735 4.23013687
-30.96424675 82.65703583 31.69413757
-30.10724449 82.44403076 31.27513695
-40.72724915 72.15803528 34.91114044
-39.77524567 69.46503448 15.42613792
-40.42024994 69.70603943 15.48313713
-28.52124596 81.40903473 35.80714035
-28.70324516 81.91903687 36.04413986
-29.47824669 85.26004028 20.46313667
-29.25924492 85.24304199 20.52313805
-32.25924683 85.02104187 12.16113663
-32.59724426 85.07403564 12.97113800
-41.66925049 76.92803955 27.91013718
-40.20624542 82.85704041 43.87514114
-36.57524872 68.63603210 38.26913834
-30.22024727 66.01703644 34.52713776
-30.40624809 66.10103607 34.19913864
-26.85424614 68.75503540 8.18813705
-28.30724525 68.86303711 8.64813709
-28.41924477 84.47903442 45.48313904
-27.49124718 79.94503784 24.14413834
-36.14924622 84.20303345 35.30913925
-31.49824715 67.36603546 16.10513687
-31.47824669 67.12803650 16.28413773
-31.89424706 67.43303680 16.26613808
-36.03824615 68.73003387 38.01514053
-41.75924683 83.49203491 17.23013687
-24.72524452 78.87303162 25.33313751
-25.05324745 79.12203979 25.02413750
-38.91524506 67.70603943 38.68513870
-39.70024872 67.89403534 39.69314194
-26.03024483 70.78703308 15.19913673
-26.80824471 70.77803802 14.83113670
-44.21524811 76.35603333 37.94213867
-20.86924553 71.53103638 5.39113712
-25.13624763 79.72303772 25.56713676
-25.01724434 79.62803650 25.63413811
-43.86124420 71.71303558 4.81413698
-27.08124733 73.46203613 18.55813789
-27.11124611 73.66903687 18.82713699
-26.90224648 74.10303497 18.45913696
-21.22924614 68.73403931 6.95913696
-21.47824669 68.82703400 7.19613695
-33.71824646 83.28203583 33.91713715
-36.17824554 66.14903259 43.16814041
-32.50424957 69.39003754 13.39513779
-32.71624756 69.42603302 13.29113770
-32.53524780 69.46203613 13.15313721
-28.79524803 67.41103363 41.22013855
-41.89524841 69.16703796 43.23614120
-42.54124451 69.97303772 43.13914108
-28.44224739 68.72203827 22.16613770
-35.02824402 67.24203491 36.92813873
-39.71024323 69.55103302 43.68614197
-40.49024963 74.91003418 30.06813812
-26.79324532 76.55003357 18.79113770
-41.08625031 75.63903809 28.86813736
-34.29224396 67.85703278 44.11513901
-32.72124481 67.80503845 44.54613876
-32.07024384 68.01603699 44.61114120
-28.02224541 73.98103333 21.58713722
-27.95424461 74.21003723 21.34213638
-24.87524605 71.96803284 9.40013695
-26.59824562 79.80803680 17.24813843
-24.91724586 72.66703796 9.08313751
-40.10524750 79.51103210 35.00613785
-39.10824585 84.07803345 22.11013794
-33.70024872 82.52803802 32.06613922
-21.09724617 83.91603088 18.86313820
-26.62224770 82.52304077 14.91013718
-41.73824310 81.44703674 25.69113731
-30.42324638 81.18904114 25.75113678
-40.56524658 83.30503845 23.25413704
-26.69724464 74.72303772 11.61913681
-41.45224762 84.37004089 5.17113686
-41.38924408 84.17604065 5.24613667
-36.93824768 86.85103607 42.39014053
-36.36824799 86.90503693 42.63314056
-39.06424713 79.70404053 32.60813904
-28.12324715 76.65803528 8.82613754
-28.23524666 76.84503174 8.67713737
-41.31424713 81.46503448 26.42513657
-41.51924896 81.42103577 26.13513756
-41.06724548 80.93904114 26.90213776
-43.27224731 70.26503754 4.35013676
-41.38124847 81.06103516 26.48413658
-27.79324532 70.19003296 14.59013748
-35.47424316 84.78804016 40.34313965
-35.82224274 84.72203827 40.43413925
-26.33524513 80.62903595 28.60513687
-42.09324646 79.58803558 26.49613762
-25.72024727 79.32704163 28.26413727
-24.26924706 74.04303741 25.07413673
-44.24624634 82.05603790 4.88213682
-44.18724823 82.21003723 4.82213688
-30.34124565 83.25303650 27.14013672
-26.00724602 82.02503967 45.61314011
-24.83224678 68.43403625 6.39613724
-35.19324493 70.43803406 31.13313866
-30.56124687 68.28804016 15.23713684
-24.92624474 70.20903778 8.92713737
-24.73524666 70.54403687 9.00513649
-25.00524712 70.46503448 9.15213776
-32.13024902 67.47403717 30.49113846
-31.63224602 67.57003784 29.56213760
-25.72424507 83.73204041 28.07313728
-32.23524475 84.05104065 33.72113800
-34.40324402 84.74903870 44.31013870
-33.58924866 84.68803406 44.33214188
-44.62224579 80.79103088 17.30113792
-43.93024445 81.44303894 17.03513718
-23.99024773 76.19803619 31.35313797
-37.21424866 70.31103516 37.76013947
-44.22224426 81.25103760 17.20713806
-43.97224426 81.57503510 17.43413734
-27.77524757 71.59103394 39.03614044
-26.72724724 76.89903259 34.79713821
-26.93424416 77.11703491 34.93513870
-44.21724701 81.25703430 17.61113739
-44.54724884 80.97103882 17.69313812
-41.89724731 77.99303436 37.67613983
-28.71524620 82.15803528 20.84513664
-27.57724571 69.17103577 8.91113663
-27.76924706 68.98503113 8.73613739
-43.70724487 75.63903809 5.73313713
-44.12624359 74.94303894 5.59513664
-25.87524605 74.23603821 40.56513977
-26.68424416 77.66203308 31.34413719
-25.90124702 80.70603943 26.94413757
-25.75224495 80.46704102 26.37213707
-35.53724670 67.74203491 23.45913696
-36.65124512 67.82703400 24.48713684
-27.11224556 77.40903473 32.50713730
-34.73224640 69.22803497 12.61613655
-24.50324440 82.81303406 9.17913723
-25.03624535 83.53804016 9.01213646
-26.78624535 72.06103516 39.55113983
-27.46524620 83.57003784 36.80614090
-32.85324860 69.15603638 14.30413818
-34.17924500 68.91503906 14.54613686
-39.29424286 85.29103088 25.50113678
-39.62724304 85.16104126 25.75013733
-33.36624908 69.31303406 12.91613770
-32.96324921 69.21003723 5.67513704
-26.63924599 70.40703583 19.72213745
-39.89524841 78.31503296 32.62213898
-39.73925018 78.69104004 32.68813705
-30.26124763 68.45103455 20.22813797
-30.65724754 67.90803528 19.90913773
-25.16924477 68.99303436 26.44113731
-29.42024803 67.02803802 42.34714127
-29.54424477 66.91603088 43.11314011
-42.22624969 84.26303101 4.37713718
-41.96824646 84.51803589 4.33213711
-41.68124390 84.67303467 4.33613682
-33.66324615 67.55703735 33.70314026
-29.84424782 66.98903656 19.02413750
-37.64024353 84.23703766 10.22713661
-42.90124512 82.06604004 21.79613686
-26.72524452 84.40503693 15.17813683
-27.15524483 74.66603088 36.48313904
-22.78424644 70.12303162 20.39813805
-31.68724632 85.10903931 15.83013725
-32.27224731 85.14303589 15.91013718
-43.40924835 81.87803650 20.85913658
-43.56924438 81.88803101 20.20213699
-43.31424713 82.24504089 19.45813751
-41.02724457 80.80903625 9.86413765
-31.00324440 69.32303619 5.84513712
-23.17224693 67.60903931 24.68113708
-42.92224884 69.90203857 4.01713705
-34.43124390 87.15403748 40.01414108
-22.51024437 82.49003601 7.33013725
-34.19324493 82.24803162 30.90113831
-34.86924744 82.10203552 30.99613762
-28.10024452 66.93403625 3.76813698
-28.28024483 66.98703766 3.44713688
-34.71224976 65.87603760 40.80714035
-35.22424316 65.87003326 41.22414017
-34.38724518 65.93103790 40.70714188
-22.66624641 83.15103149 7.08413696
-34.30824280 65.94503784 39.43313980
-35.08024597 65.91403198 40.41513824
-34.54924774 65.90203857 40.41513824
-27.80424690 68.78804016 29.85413742
-28.30024529 68.82003784 29.26213837
-26.48424721 81.74803162 10.15813732
-26.38024712 82.96003723 9.86413765
-22.19924736 69.27903748 21.30713654
-22.41424751 69.45603943 21.42613792
-22.13524437 69.65803528 20.56413651
-38.63824463 80.76103210 34.87213898
-24.87524605 81.45303345 17.49413681
-25.14624596 81.32904053 17.54313850
-39.16024780 80.90203857 35.05813980
-31.38124657 68.59503174 38.75413895
-38.38324738 72.62103271 34.01213837
-38.66824341 72.84603882 33.90913773
-33.22824860 81.79703522 29.46413803
-32.39024353 85.19403839 21.58313751
-31.54524803 86.02203369 20.57913780
-31.43424797 68.52203369 39.00413895
-38.84924316 73.11303711 34.12714005
-19.10824585 80.33203125 6.58013725
-25.78124428 71.17503357 15.99713707
-32.11524963 66.88403320 30.55713844
-27.94524574 71.69703674 19.76613808
-44.12124634 77.84003448 37.85314178
-34.87825012 86.65303802 43.27714157
-34.65024567 86.46403503 43.51013947
-27.74524498 71.60903931 19.55413628
-25.11024666 79.39303589 37.26913834
-24.83024406 78.62503815 37.31813812
-28.30524635 86.43003845 34.99313736
-28.32224464 68.48003387 36.92414093
-34.09924316 67.30503845 34.56113815
-34.30624390 67.31503296 34.74813843
-37.62324524 70.08403778 26.89713669
-20.78324699 72.73303223 5.33013725
-28.31724739 68.32103729 36.73814011
-28.58524513 68.03804016 38.10113907
-28.61524773 86.36203766 35.86714172
-28.73624611 86.00903320 36.63214111
-20.75524712 72.46704102 5.08713722
-20.72424507 72.32303619 5.05413723
-20.96524620 71.29503632 5.06413698
-25.46124458 77.12803650 33.07413864
-25.43624687 77.25003815 32.77113724
-35.08024597 84.02104187 6.19513702
-35.51124573 83.95803833 6.61313725
-38.36724854 85.75303650 4.53913689
-32.41324615 69.76903534 30.75213814
-32.55924988 69.81503296 30.40613747
-23.99924660 74.62503815 6.82113695
-36.69624329 82.43603516 33.95913696
-36.75624847 82.44603729 33.67313766
-42.76824951 79.57803345 35.16014099
-42.31424713 79.64804077 35.12313843
-33.06824493 70.06903839 30.60213852
-36.09924316 81.69303894 28.17513847
-28.71224785 82.62103271 24.98513794
-25.70024681 81.21403503 17.89213753
-36.88024902 68.58603668 18.75513840
-39.40224457 69.06703186 35.18914032
-26.31124687 79.89103699 14.86613655
-41.03224945 76.47903442 37.47914124
-25.95724678 71.84803772 28.85113716
-34.77724457 82.05603790 30.18313789
-38.12124634 85.72203827 4.59113693
-38.25024414 85.72703552 4.24113703
-37.50024414 80.85903931 31.94413757
-31.32224464 81.39403534 23.57113647
-28.39224434 82.68003845 11.47413635
-28.44724464 82.67903137 11.23313713
-26.41024590 74.14103699 15.03813744
-37.75924683 80.87303162 32.97414017
-37.61425018 80.99203491 33.14113998
-32.80524445 84.62004089 7.35313702
-26.23824501 75.24903870 14.85813713
-26.29524422 74.63003540 15.16513824
-39.08324432 68.65503693 22.95713806
-30.99824715 84.67103577 6.93513680
-26.54424477 81.94903564 22.70413780
-38.93124390 68.55603790 22.80013657
-38.64324951 68.13504028 22.53013802
-19.21424484 72.93103790 3.71813679
-19.10824585 73.33203125 3.68213701
-25.17724419 87.17103577 17.47713661
-24.92224693 87.16003418 17.50513840
-18.97924614 79.37103271 3.20813680
-27.99224663 71.71203613 35.27014160
-21.05824471 84.34204102 5.48413706
-33.52924347 68.26303101 16.63313675
-28.42024803 68.84903717 22.65113640
-28.39524651 68.94203186 23.02813721
-19.65024567 78.62703705 6.38013697
-19.59224510 78.91403198 6.25913715
-19.73124504 78.60103607 6.02113724
-35.94024658 67.92303467 4.74713707
-36.17024994 68.01703644 4.83013725
-43.46424866 74.50803375 12.73313713
-42.61524963 83.60103607 5.20213699
-42.75724792 83.45803833 5.32513714
-20.10324478 78.21203613 5.37313700
-28.29624748 83.71803284 14.21513748
-30.42524529 68.98603821 34.82913971
-31.96524620 68.87703705 34.71913910
-31.41324806 68.93603516 34.91613770
-28.89824486 83.79703522 21.70813751
-28.88524437 84.01903534 21.71413803
-28.66724586 83.96103668 14.20013809
-28.19724464 83.38003540 13.66513824
-28.59524727 83.76503754 13.93313789
-28.91124535 84.18103790 14.56613731
-23.27424431 71.53103638 7.76913691
-22.85024452 71.71903992 7.70913696
-42.12825012 71.46103668 5.58813667
-42.04124451 70.42403412 5.41713715
-26.57624626 79.94104004 45.55113983
-24.76524544 76.54103088 32.34613800
-24.71424675 76.70103455 32.31513977
-24.86324501 76.59503174 32.69213867
-33.38624573 69.32603455 33.65813828
-33.63324738 69.29103851 33.85313797
-29.92024803 69.53203583 38.76113892
-41.60124969 68.78303528 43.26613998
-35.01725006 86.23204041 44.12414169
-20.56024742 69.38203430 3.76713705
-36.22024536 85.64804077 20.30213737
-36.00724792 85.89403534 20.43713760
-30.84324455 67.77303314 28.17413712
-43.80524445 78.61603546 36.60813904
-41.26524353 79.03503418 9.12013721
-41.20024872 79.29603577 8.97613716
-24.54324532 84.98403931 4.59513712
-32.39024353 85.14503479 10.75113678
-32.36024475 85.13003540 10.49113655
-43.73724365 71.73403931 3.40913677
-28.15124702 65.83303833 23.33113670
-43.06024933 81.16304016 43.33514023
-38.99524689 80.46103668 29.46513748
-44.61724854 75.17403412 14.37713814
-44.88824463 75.36203766 14.76613808
-42.23424530 72.83603668 43.33314133
-19.29124641 79.59903717 7.03613710
-31.57224464 65.88603210 43.43814087
-18.90624619 79.13504028 3.86713696
-40.45524597 69.60803223 35.34114075
-21.29724693 83.55003357 20.10213661
-21.24824715 83.90303802 20.14213753
-21.38724709 83.28503418 20.09213638
-36.11324310 66.15403748 39.96913910
-36.38124847 66.07603455 41.16313934
-40.33124542 75.88803101 34.65313721
-40.23925018 75.74003601 34.53713989
-40.31824493 76.24303436 34.57213974
-28.02324486 87.02003479 19.46113777
-25.20724678 80.76103210 45.69614029
-24.99824715 80.18203735 45.69414139
-25.04524422 80.80603790 45.56013870
-37.89024353 81.84303284 35.10913849
-37.41624451 81.60803223 34.50013733
-27.19924736 87.14604187 17.03213692
-21.21024513 84.75903320 18.55813789
-21.45924568 85.55903625 18.39213753
-37.54924774 81.62903595 34.75613785
-38.41024780 81.18703461 35.03313828
-26.41024590 68.71903992 29.91913795
-26.91124535 68.64803314 31.07013702
-26.56024742 68.58203125 30.64213753
-19.66824532 75.01703644 4.56613684
-19.93024635 75.44104004 4.75413704
-42.90024567 73.20404053 12.78513718
-43.06024933 75.63603210 11.69113731
-43.41925049 76.00903320 12.17313766
-41.25924683 80.47103882 35.17314148
-31.32624626 81.81503296 28.62813759
-31.66024590 81.95204163 29.02313805
-31.17724800 81.96803284 28.72713852
-27.31724739 77.51004028 22.40013695
-22.33324623 73.15303802 7.71513700
-22.20624733 73.57203674 7.67713690
-32.29024506 86.25903320 45.03614044
-31.96124458 86.27603149 44.88714218
-27.55124474 78.14003754 22.38313675
-26.07224464 75.73003387 14.09913826
-39.55224609 74.19203186 34.38414001
-39.43024445 74.01103210 34.34013748
-29.52524757 65.72703552 32.56513977
-29.44024467 65.69503784 31.69813728
-26.61424446 74.81703186 12.48513794
-26.58324623 74.44803619 12.39513779
-26.24124718 76.25003815 12.30113792
-27.37124443 70.50503540 19.63613701
-27.46024513 70.69903564 19.51713753
-38.28824615 72.39903259 34.54013824
-41.68124390 75.48003387 9.82413673
-41.89724731 75.40103149 10.13413715
-39.63424683 74.52603149 34.23913956
-35.50824738 82.05303955 31.13813782
-35.08324432 81.99003601 30.85713768
-24.16424751 69.71403503 15.44113731
-23.85324669 69.52503967 15.49913788
-23.33024406 73.65303802 7.61113691
-41.05524445 83.14703369 35.76113892
-29.49424553 70.26903534 25.65513802
-23.58724403 86.31903839 17.09813690
-44.37725067 78.69703674 5.61113691
-44.00524902 79.51803589 5.64913702
-43.99324799 78.45603943 5.71313667
-21.13924599 68.49703979 19.39213753
-21.29924583 67.64803314 19.80713654
-45.05825043 76.07403564 23.18813705
-24.40824699 77.03903198 26.32113838
-28.01424599 68.49303436 5.49413681
-27.98124504 68.25703430 5.22413731
-20.62824440 83.99103546 5.59813690
-20.61124611 83.62903595 5.75413704
-27.57424736 68.26503754 44.20914078
-27.13024712 68.58503723 43.74214172
-44.86524963 79.85903931 5.20813704
-44.96524811 79.63703918 4.93413687
-44.98224640 78.91104126 5.08513689
-45.00924683 78.17003632 5.11013699
-33.13024902 85.29803467 44.52114105
-29.52824593 78.44903564 38.84413910
-40.80324554 83.35603333 24.16413689
-41.75824738 69.31503296 40.58914185
-42.30024719 82.91403198 20.26813698
-25.20324516 71.24504089 17.15013695
-24.81324577 71.18403625 16.95513725
-31.63724709 67.77803802 19.97413635
-32.33424377 67.83503723 20.70513725
-28.66824532 84.21303558 14.83313751
-25.44624519 71.25903320 17.16713715
-27.46024513 75.88103485 6.82313728
-27.41124535 76.24103546 6.85813713
-45.70324707 79.56203461 18.79613686
-32.78924561 85.11703491 9.74813652
-28.63224602 72.14804077 20.75013733
-43.13624573 70.57603455 5.08813667
-43.27224731 70.84003448 5.12013721
-34.71524811 70.50503540 25.62213707
-35.12424469 70.63103485 26.16913795
-28.68524742 67.31703186 4.59613705
-28.93924522 67.47703552 4.66113710
-26.04724693 86.75203705 16.59613800
-28.62924767 68.27303314 5.16713715
-28.01624489 79.05503845 22.55113792
-27.80024529 79.23103333 22.97913742
-36.44624329 84.86603546 44.55614090
-29.23824501 67.27603149 19.34213638
-28.99024773 67.08003235 19.21313667
-28.80524635 67.50403595 19.68613625
-29.53424644 81.67903137 27.50213814
-38.95824432 85.78403473 44.05514145
-39.09424591 69.15003967 22.19213676
-36.75924683 71.13403320 34.41313934
-35.53524780 65.87103271 41.84814072
-20.39524651 70.17303467 6.52513695
-28.04124641 69.78903198 30.23513794
-32.67124939 82.03203583 23.62513733
-32.78724670 81.99504089 24.04713821
-28.37224770 69.64103699 31.10113716
-45.00024414 79.67303467 21.79813766
-26.22424507 81.08003235 16.92113686
-26.27624702 80.95003510 17.14613724
-29.13724709 83.41304016 23.58613777
-26.15424538 75.22903442 39.31113815
-26.30424690 74.28503418 39.28713989
-22.50924492 66.97403717 3.35013700
-26.59624672 78.59703827 11.16813660
-33.43324280 86.18703461 4.09213686
-35.70824432 81.39603424 29.77213860
-44.98925018 80.01103210 4.33613682
-27.19824791 78.83403778 19.26813698
-28.89224434 70.63504028 13.82513809
-28.79824638 70.91304016 13.39013672
-28.80024529 86.49703979 16.33013725
-27.24224663 78.15103149 19.74113655
-27.40124702 76.88703918 20.59513664
-29.63624763 86.21704102 16.14613724
-21.48024559 69.60903931 5.12013721
-26.91024590 78.00603485 18.95213699
-27.06624794 77.73403931 19.43913651
-26.17324638 79.67803955 37.06813812
-29.07524681 86.34303284 16.15613747
-26.42324638 75.65903473 34.49613953
-30.20924568 84.90803528 15.36013794
-29.60424614 84.72403717 15.17913818
-31.60824776 86.18703461 44.71714020
-19.97424507 75.80603790 4.88613701
-27.30524635 74.98603821 34.38414001
-27.07324791 75.14703369 34.25713730
-31.95224571 84.95703125 13.67913818
-28.47024727 85.87103271 21.50813675
-28.69524574 85.05003357 21.60913658
-40.65625000 76.93103790 34.82814026
-40.37024689 77.28203583 34.77813721
-38.76624298 73.04603577 32.96813965
-29.71124458 84.06803894 12.96513748
-30.14824486 84.30503845 13.07213783
-26.17324638 71.17803955 18.08413696
-26.15424538 71.21403503 18.03313828
-35.94124603 82.83703613 34.07513809
-35.84624481 82.90303802 34.35113907
-35.41124725 83.10203552 34.75613785
-35.34024811 82.97803497 34.31414032
-22.89624596 70.11303711 20.64513779
-22.85524559 69.98403931 20.99213791
-27.19224739 73.62203979 36.61613846
-39.15625000 69.17003632 43.73614120
-23.81124687 82.03303528 17.13013840
-23.69124413 82.40703583 16.82313728
-33.59124756 69.49503326 10.89413738
-25.77224541 74.92403412 30.44413757
-25.67924690 74.87403870 30.83013725
-22.82424736 81.86203766 18.66913795
-27.56024742 69.61003113 22.65213776
-25.16924477 80.88803101 45.66313934
-23.87124443 75.26103210 37.60913849
-23.39224434 75.57603455 5.75213718
-42.17124939 78.35903931 40.31713867
-40.52824402 75.02903748 34.79713821
-40.46424866 74.51303101 34.80813980
-30.78124809 83.88803101 43.98213959
-26.83724785 65.66103363 22.01913643
-42.39424896 82.84903717 41.26213837
-41.68325043 83.65803528 41.36613846
-39.80724335 74.69403076 34.47213745
-40.02724457 74.63403320 34.71014023
-40.23524475 74.64103699 34.74813843
-23.16224480 76.59003448 38.57114029
-23.22224617 77.40003967 38.87414169
-26.49524498 65.66503906 22.17913818
-37.61324310 67.86703491 21.22613716
-30.42024803 84.28103638 27.14913750
-30.27624702 84.34103394 26.70013809
-30.39224434 83.98703766 26.94613838
-40.74124908 82.86003113 26.96813774
-40.93724823 82.37703705 26.84813690
-31.28824806 86.74603271 42.67414093
-30.65924644 86.68503571 42.13013840
-30.65124702 86.55003357 43.05414200
-40.99824524 76.36203766 8.21813774
-43.60624695 80.07203674 43.25114059
-40.81224823 69.66703796 16.69013786
-40.36124420 69.39903259 17.26413727
-39.91124725 69.22403717 17.32913780
-32.62624359 84.51203918 43.79214096
-42.21624756 73.75503540 41.50114059
-42.07624817 73.22003174 42.04413986
-42.06024933 73.47403717 41.13513947
-41.00624847 69.66003418 17.55213737
-32.89824677 82.90003967 32.51514053
-36.67124939 81.14403534 29.87313843
-36.84424591 81.08803558 30.13113785
-36.62825012 81.14303589 29.93013763
-25.95824623 77.60803223 30.74813843
-26.35924721 77.08803558 17.66213799
-31.03624535 68.72903442 34.35113907
-45.34624481 78.22003174 15.75513840
-45.88224792 77.71403503 16.84713745
-45.60324860 78.03103638 16.25513840
-19.85724640 70.91803741 4.00713682
-19.89624596 71.20003510 4.11913681
-22.99024773 85.89403534 23.26413727
-30.67924690 69.14903259 7.41713715
-19.65524483 70.96303558 3.60113692
-21.64924431 82.63203430 18.57413673
-21.50224495 82.80403137 18.48613739
-27.23224449 73.35003662 22.72213745
-34.31424713 69.36703491 34.49913788
-25.10724449 76.10503387 30.52213860
-19.54324532 71.30703735 3.61213684
-26.73324776 85.79904175 4.51013708
-25.01624489 79.08503723 7.80413723
-25.69524574 79.11503601 8.03913689
-39.81624603 73.50403595 7.57413721
-39.70924377 73.29803467 7.26413727
-26.21924782 75.40503693 13.15113640
-26.30724525 75.09103394 13.40213776
-27.25124550 86.00903320 4.00113678
-22.33324623 78.48403931 6.80013704
-22.47024727 78.18904114 6.48313713
-38.22224426 68.18703461 3.97013688
-26.25324440 75.29303741 13.48813820
-38.70224762 85.07904053 36.42013931
-26.22424507 75.52603149 13.68613815
-27.72924614 79.94203186 31.93513870
-24.23424721 65.81103516 16.94613838
-23.71624565 65.72803497 17.31213760
-41.44524384 84.82103729 4.69313717
-33.87024689 70.53103638 29.27213669
-30.00224495 69.08303833 38.95513916
-34.06924438 84.72503662 34.59814072
-33.36824799 66.11903381 37.52114105
-32.92224884 66.11803436 37.27714157
-32.93624878 66.15603638 36.72814178
-26.37124443 78.60903931 16.92013741
-26.10424614 70.85103607 26.85413742
-32.24524689 86.21003723 3.41413689
-35.75724792 85.18503571 12.73313713
-37.10324860 66.38603210 43.83214188
-25.81924629 71.40703583 9.94113731
-25.25424767 71.79603577 9.66013718
-22.16224480 83.94503784 22.30713654
-34.71224976 85.25003815 11.95513725
-34.08924866 85.27104187 11.70013809
-34.38224792 85.19303894 11.13213730
-37.71024323 66.34503174 43.64514160
-36.56724548 81.98204041 31.19113731
-43.29524994 80.51603699 37.51713943
-43.41824341 80.07603455 37.07213974
-30.55424690 69.24703979 20.74813652
-40.51324463 80.31503296 7.64413691
-35.88624573 82.29703522 32.34513855
-36.09224701 82.34503174 32.46613693
-35.79324341 82.31103516 32.51713943
-26.48324776 71.44803619 17.76013756
-24.49724770 81.76403809 9.61213684
-44.90024567 72.35503387 19.33913803
-44.61024475 71.98903656 19.55713654
-37.44024658 84.27203369 44.00614166
-40.20724487 85.15103149 5.06313705
-40.11024475 85.28103638 4.92313671
-22.96024513 68.01503754 6.57413673
-23.91324425 73.92703247 7.52313709
-27.04224586 73.26703644 17.67513847
-36.36224365 69.61903381 25.88613701
-35.83724976 69.47803497 25.32213783
-35.58524323 81.59603882 28.57113838
-40.52224731 84.82803345 42.90013885
-40.14124298 85.00203705 41.89014053
-40.29124451 85.02304077 43.55014038
-36.02824402 69.42603302 25.50213814
-35.17524719 84.60103607 8.70213699
-40.00325012 77.90103149 33.84513855
-43.12324524 82.77603149 5.31913710
-29.47024727 85.93904114 24.83113670
-29.88624763 86.12004089 25.92613792
-43.20124817 82.71203613 5.34213734
-32.49524689 68.62003326 38.39614105
-31.89024544 68.56604004 38.61413956
-27.99724770 87.12303162 28.70613670
-28.67724800 87.16304016 29.02813721
-20.17624474 78.11103821 5.89113712
-20.37524605 78.08703613 6.23213673
-20.42824745 77.84103394 5.44613695
-31.14824486 70.69603729 22.56113815
-19.52124596 83.10504150 3.58313680
-24.72224617 85.96704102 16.36313820
-24.56524467 73.77103424 26.59713745
-24.58824730 73.34303284 26.41613770
-24.90224648 76.34603882 33.01313782
-27.59724617 75.51903534 21.89013672
-40.12224579 76.53503418 33.56713867
-40.26524353 76.38303375 33.00214005
-19.48924637 83.36203766 3.27813697
-29.72424507 67.26203918 25.39513779
-37.48624420 69.21303558 34.89913940
-37.17124939 69.60803223 34.78413773
-19.59024620 83.98603821 3.29613686
-28.23024559 66.74103546 19.20813751
-19.50324631 83.10704041 3.50713682
-29.11724663 69.35203552 20.55213737
-27.88224602 66.20403290 18.34713745
-28.15124702 66.14603424 18.09613800
-40.18224335 76.40503693 32.53713989
-29.08524513 66.57103729 38.23114014
-29.07324791 66.51403809 37.42113876
-33.93724823 85.80903625 22.41213799
-22.25824547 84.73103333 22.63913727
-21.75724602 84.28804016 21.57613754
-22.45324516 84.69603729 23.07213783
-39.46324921 82.80303955 38.70214081
-20.40124702 72.71704102 4.72813702
-20.38824654 72.95803833 4.81313705
-25.98824501 76.28303528 43.35813904
-40.96224976 85.07603455 4.02313709
-29.35024452 82.43203735 35.30313873
-30.16024590 65.79403687 33.77513885
-44.85824585 75.53804016 4.09113693
-42.02524567 78.71103668 39.47314072
-39.78624725 78.51703644 34.11413956
-39.98724365 78.05003357 34.25513840
-40.85924530 68.99903870 5.15213680
-40.63924408 69.09703827 5.20413685
-25.03824425 69.92903137 8.83213711
-39.88424683 78.42703247 34.41713715
-39.96424866 78.09403992 34.45913696
-40.22024536 77.83803558 34.75613785
-40.79124451 68.78804016 4.14413691
-28.41124535 70.69603729 34.38213730
-28.06224632 72.25103760 34.62313843
-31.27524757 85.05303955 9.87113762
-27.34624672 81.23503113 10.61613655
-31.51924706 85.02803802 10.25813675
-26.73424721 79.53503418 36.95613861
-26.05924416 77.97503662 43.20214081
-27.20624733 81.79303741 10.47813702
-25.83824730 81.31803894 18.89713669
-26.16624641 81.26903534 18.59213829
-39.12324524 68.15203857 24.96913719
-31.62524605 69.57303619 31.07913780
-31.84024620 69.63504028 30.39613724
-31.50724602 69.56604004 29.76513672
-31.72824669 69.69303894 29.92513847
-24.26724434 72.58503723 8.11013699
-23.73524666 72.81003571 7.82013702
-35.14624786 85.55303955 35.75413895
-30.39624596 69.27603149 6.22313690
-30.56524467 69.27403259 6.61213684
-22.71024513 86.73703766 20.35413742
-20.12324524 72.50703430 6.94213676
-33.79124451 86.05703735 4.09213686
-34.03424835 86.07803345 3.99813700
-34.02624512 86.02703857 4.20013714
-29.16124535 85.58203125 41.73213959
-26.86124611 81.02603149 29.44513702
-23.45624733 85.53604126 3.73213696
-28.94124794 85.48503113 41.89014053
-28.67324638 85.31103516 40.81713867
-20.26724434 73.33303833 7.14913702
-35.75224304 82.21203613 31.70013809
-35.96224976 82.19903564 31.27713776
-28.18724632 71.45703125 13.31813812
-33.06924438 70.89804077 28.74713707
-32.52024841 70.56303406 28.91713715
-40.88524628 83.70003510 24.60913658
-40.75824738 83.97403717 24.52813721
-40.89124298 83.59703827 24.49513817
-35.15424347 82.14303589 31.43013763
-35.34024811 82.14403534 31.40913773
-31.45424461 85.65703583 16.39313698
-31.35624504 85.45103455 16.18413734
-24.59524727 72.93703461 25.48513794
-44.06424713 78.72503662 38.65013885
-24.96024513 72.61803436 26.93313789
-24.52024651 72.91103363 25.79013824
-29.80924797 85.81404114 44.37813950
-28.27124596 76.83203125 7.43613720
-38.80624390 68.32603455 25.77413750
-26.26824760 85.56703186 31.05113792
-26.33424568 85.27903748 31.32413864
-25.77124596 85.49803162 29.91613770
-36.59724426 66.82703400 40.43313980
-38.31424713 66.76303101 42.21014023
-37.93424988 66.66403198 42.06713867
-37.87825012 66.47703552 43.04214096
-38.22824860 66.71803284 42.24914169
-31.32024574 68.41803741 20.32113647
-30.87324715 69.10303497 20.65513802
-36.79924774 85.28604126 35.78813934
-44.14424896 82.24103546 3.76913691
-44.31924438 82.04403687 3.96413684
-21.24524498 77.81903839 5.90313721
-38.33224487 66.77803802 42.14714050
-38.38724518 82.82403564 6.79513741
-26.00724602 76.95803833 45.47613907
-26.06224632 77.10303497 45.31814194
-31.14324760 68.97503662 20.73013687
-31.37524605 83.35504150 34.25413895
-34.27124786 70.23303223 24.89113808
-40.28724670 77.64804077 34.71313858
-26.92924690 71.03103638 14.85713768
-27.29124641 71.29703522 14.74113655
-39.21024323 81.18003845 27.94313812
-22.31624413 68.17703247 22.55713654
-23.04724693 67.97203827 24.34113693
-22.73824501 67.77803802 23.66813660
-21.98824501 67.79903412 21.78913689
-36.10824585 86.01603699 3.25113678
-38.83524323 80.63504028 29.30513763
-41.10424805 80.33903503 37.93313980
-40.79924774 80.76103210 37.87614059
-40.02924347 68.56903839 4.71013689
-28.15224648 65.72003174 31.12913704
-41.16124725 80.63903809 38.74414063
-37.07424927 71.36703491 7.01213741
-37.82324982 71.54403687 6.64313698
-20.26324654 84.79503632 3.51213694
-30.37424660 87.06003571 35.20613861
-28.54524803 71.49603271 34.27513885
-29.93724632 69.26703644 43.17314148
-30.44624519 68.97703552 43.43313980
-39.46824646 69.13504028 20.46113777
-40.65524292 69.62203979 20.96813774
-25.71324730 79.65503693 27.99313736
-38.35124969 68.85903931 20.03913689
-26.17324638 79.69703674 28.97613716
-25.98824501 79.28203583 28.71713829
-40.87825012 71.01203918 25.19913673
-40.77524567 70.73204041 24.83613777
-43.45224762 74.17703247 35.31214142
-29.61824608 66.55203247 41.28013992
-29.87324715 66.69104004 42.28414154
-40.79024506 81.35903931 9.99713707
-40.79924774 71.95903778 37.84614182
-29.81824684 68.22003174 26.32513809
-30.62024498 67.95003510 27.88113785
-25.96624565 68.68903351 7.99013710
-25.36524773 68.82703400 7.84713697
-25.58424568 68.88903809 8.10013771
-28.46824455 66.60803223 21.75613785
-28.54124641 66.88103485 21.62413788
-27.42224693 70.25403595 20.05113792
-27.23324776 72.24303436 17.91313744
-27.20624733 72.64303589 17.94813728
-27.19324684 72.60903931 18.22913742
-22.47824669 85.63603210 22.48913765
-22.11324501 85.35403442 21.89513779
-21.70424461 85.32303619 20.93013763
-19.08024597 78.18803406 4.22613716
-28.34224510 71.40003967 10.91313744
-30.18224525 85.75203705 45.15513992
-19.13424492 78.41104126 4.12213707
-42.12624359 73.14003754 5.80013704
-31.26824760 69.16603851 21.27413750
-31.97524452 69.42503357 22.25913811
-30.54224586 69.68003845 10.16613770
-31.21424675 69.48204041 10.08413696
-30.82324791 69.46003723 9.88713741
-28.02624702 85.10003662 37.20214081
-28.22924614 85.21503448 36.97214127
-28.43724632 85.00903320 44.24813843
-27.65124702 84.59503174 42.85713959
-40.78024292 68.44503784 40.86714172
-28.00424767 84.74203491 35.68214035
-37.14524841 69.70203400 5.68013668
-36.10124969 69.26803589 5.54513693
-24.00724602 76.53303528 31.78513718
-24.03624535 76.81303406 31.73613739
-36.97424316 68.80103302 15.46413803
-26.23624611 73.77603149 8.45913696
-27.00424767 80.54303741 30.03813744
-26.88324547 80.78804016 29.73413849
-26.97424507 78.72703552 23.19013786
-28.96624565 82.19903564 33.79413986
-28.84524727 81.99603271 34.18013763
-39.89024353 74.18904114 34.70113754
-40.04024506 74.09503174 34.76213837
-42.19824982 84.28403473 3.79113698
-26.43824577 78.42503357 23.45013809
-26.31824684 79.12103271 23.94413757
-26.51524544 78.92303467 23.65013695
-42.61324310 83.97203827 4.19013691
-42.34724426 84.23803711 4.14113712
-24.49724770 65.66903687 23.99413681
-24.58224678 65.72003174 24.58113670
-42.37624359 77.05503845 39.34814072
-26.07124519 78.40703583 23.73913765
-40.73925018 75.59003448 7.45413685
-28.57224464 86.42203522 16.14213753
-39.68924713 85.24504089 41.35414124
-20.50924492 74.12703705 5.04413700
-36.95624542 66.88603210 40.09313965
-37.54624939 66.95303345 40.05313873
-37.36624908 66.91503906 40.07313919
-28.17724800 84.32203674 45.50514221
-27.73124504 84.11303711 45.48213959
-20.28224754 70.27503967 4.06213713
-28.18424797 83.97903442 45.49914169
-27.56924629 83.68203735 45.55813980
-28.50924492 82.75103760 45.43814087
-37.98925018 68.79603577 42.96313858
-38.38024902 69.01503754 42.72214127
-38.51424408 69.01603699 43.19614029
-41.10124969 85.03203583 4.59913683
-26.24924660 73.24203491 9.42313766
-26.66624641 79.21704102 11.28413773
-24.03224754 76.21103668 5.86313725
-30.98824501 70.92503357 22.94413757
-28.88824654 66.50503540 35.84714127
-28.72024727 66.74703979 35.82213974
-19.84624481 81.92703247 5.25013733
-36.25724792 85.18603516 14.39513779
-36.27324677 85.17303467 14.95013809
-26.97224617 67.80903625 14.97813797
-35.64424896 86.12303162 44.49414063
-35.11724854 85.92103577 44.38613892
-28.15624428 85.90803528 37.25114059
-25.18924522 75.98603821 28.32413673
-37.92624664 72.20503235 34.35013962
-27.76924706 83.90603638 32.95813751
-37.57624817 71.97603607 34.30513763
-37.74524689 72.04603577 34.36314011
-37.72724915 72.10203552 33.56213760
-23.25024605 76.41104126 39.99713898
-29.72324562 80.87603760 24.59513664
-22.99924660 68.19104004 4.81113720
-36.42524719 83.08103943 35.16913986
-36.79224396 83.20603943 35.23313904
-36.98224640 83.48803711 35.27313995
-39.78524780 83.53703308 5.55713701
-40.76725006 83.02003479 5.61313725
-35.56924438 67.25003815 22.42913818
-27.51724434 73.79503632 34.85413742
-28.24824715 80.05503845 20.00513649
-28.04224586 79.83503723 20.13813782
-31.28324699 68.25203705 44.70814133
-29.48524666 69.18003845 34.92913818
-22.88924599 80.05003357 7.67313719
-41.74224854 71.71003723 35.04913712
-26.03524590 78.72803497 14.77413750
-35.64024353 70.74203491 6.86413670
-27.08324623 74.60603333 22.43613815
-26.88724709 74.91703796 22.49813652
-29.51324654 85.03403473 15.28313828
-28.95424461 84.35603333 14.90513802
-40.13724518 77.45503235 31.89813805
-39.70524597 72.24703979 37.54214096
-25.29824638 74.25603485 23.73913765
-25.63824654 74.25603485 23.49413681
-25.49024773 74.62004089 23.52213669
-25.01924706 73.69903564 24.23513794
-31.56724739 81.75804138 22.90213776
-30.45524788 81.52203369 22.01713753
-30.36524773 81.07904053 22.49813652
-24.49624443 80.10704041 44.45914078
-41.77724457 69.32203674 5.00213718
-39.20424652 85.55903625 4.31713676
-39.00325012 85.55603790 4.39313698
-36.67824554 66.28403473 40.62913895
-26.81724739 82.77703857 14.76113701
-26.49024773 82.35903931 15.06913757
-20.79324532 73.77503967 5.86313725
-20.44924736 73.48303223 6.33213711
-24.70624733 77.24103546 24.32913780
-30.22424507 68.55503845 28.74013710
-32.39225006 85.00903320 44.77513885
-33.19024658 69.81403351 31.93413734
-39.40224457 70.31003571 38.08414078
-38.72525024 69.85603333 37.95814133
-39.88724518 70.81003571 37.94514084
-40.26324463 76.63103485 32.36413956
-40.26624298 76.82703400 32.10213852
-40.27324677 75.33903503 31.53513718
-40.50724792 75.56404114 30.73813820
-40.42524719 75.73703766 31.10813713
-25.25624657 74.96903992 30.85113716
-24.97124672 77.61503601 24.26413727
-25.22124672 78.24703979 24.33613777
-44.44524384 78.73703766 42.75714111
-40.27824402 75.43003845 31.25813866
-40.30424500 75.56604004 31.47513771
-39.06924438 85.42203522 23.93413734
-33.43924713 70.34603882 29.63313675
-39.30624390 84.40203857 19.91213799
-39.29124451 84.20303345 20.92213631
-32.66924286 85.18103790 15.05813789
-35.48224640 86.35603333 44.26713943
-35.36124420 86.17003632 44.37614059
-40.28224945 68.76603699 37.71213913
-27.74724770 79.08103943 20.40213776
-32.27824402 66.29303741 44.52714157
-37.39524841 68.06703186 4.40013695
-37.60025024 68.05903625 4.24413681
-35.51524353 67.98203278 18.48213768
-32.65924835 66.11103821 44.12313843
-26.60824776 81.06604004 14.28413773
-32.50724792 66.12203979 44.42514038
-28.08124733 79.05203247 21.07413673
-27.95024681 79.43003845 20.26513672
-28.11624718 69.04703522 8.90213776
-43.87424469 75.27603149 36.28813934
-26.34624672 81.04903412 16.52513695
-27.83024788 68.79903412 8.47413731
-27.37124443 68.90203857 8.57513714
-31.46924782 84.40203857 5.73613691
-34.94924927 84.14303589 5.85113716
-26.07124519 80.08903503 9.44713783
-25.46624565 80.09103394 9.26213646
-26.63024712 80.84403992 16.29313660
-28.92124748 82.87703705 41.79914093
-29.46624565 82.50303650 34.91313934
-29.36024666 82.43904114 34.23714066
-26.81024742 83.11403656 14.79413795
-38.00024414 68.73204041 17.78713799
-37.85724640 68.80503845 16.29313660
-29.32524681 85.96603394 4.66413689
-27.22424507 68.44104004 39.36014175
-42.65024567 75.76703644 41.71913910
-40.76124573 83.62004089 26.72713661
-27.05224419 70.29003906 27.12213707
-45.07924652 73.52603149 16.32813835
-24.82924461 79.46803284 8.51813698
-24.66324425 79.42803955 8.33013725
-24.61924553 79.71403503 8.76513672
-30.49724770 84.94803619 9.84513664
-23.39524651 86.09903717 16.92313766
-23.81524467 86.13603210 16.79913712
-29.53124428 70.43003845 10.59213734
-29.94624519 70.34103394 10.74213791
-27.48024559 72.20003510 13.42113686
-41.27724457 84.96903992 4.29913712
-25.41724586 71.36203766 45.33514023
-25.15324593 72.03003693 45.41814041
-42.62324524 75.41503906 26.39613724
-42.62724304 77.78804016 42.85414124
-42.57124329 77.60003662 42.31214142
-31.60824776 83.27203369 38.79613876
-32.11624908 82.89804077 38.70114136
-27.99924660 71.54403687 36.32913971
-32.04224396 81.90503693 23.18913651
-34.04224396 82.24703979 24.48713684
-26.61724663 71.68703461 16.41613770
-27.62624550 87.21203613 26.64513779
-26.13124657 87.13803101 25.48213768
-37.61024475 84.12303162 42.38314056
-40.67524719 79.93103790 35.04513931
-38.46125031 84.80603790 16.88113785
-38.02724457 84.90403748 16.10513687
-24.21724510 66.83003235 3.77213693
-37.05124664 83.62004089 6.09713697
-38.58324432 72.01403809 6.62413692
-34.79824829 67.90103149 43.97314072
-46.16524506 77.59204102 19.69813728
-32.79124451 67.42403412 31.77613831
-32.68524933 67.12303162 31.70313835
-39.21125031 72.66803741 7.14413738
-39.04724884 72.51503754 6.89313698
-28.67024803 85.52104187 22.39213753
-31.70324516 69.53903198 32.36914063
-33.77024841 67.89303589 4.94513702
-22.60824776 70.72603607 18.22113800
-22.50424767 70.66203308 18.61113739
-29.03424644 83.44303894 36.19213867
-26.14524651 80.08603668 25.30113792
-33.94324493 67.54303741 4.13613701
-23.50524712 76.15503693 42.26913834
-23.61024666 75.61403656 42.86014175
-36.08224487 67.43303680 37.59714127
-35.73925018 67.53804016 37.74013901
-35.80424500 67.41503906 37.86814117
-22.73524666 82.47703552 17.47813797
-29.67524529 66.49003601 41.25714111
-21.19624519 67.12703705 17.14513779
-28.44424629 81.34303284 34.43113708
-28.27624702 80.62903595 34.46513748
-38.49924469 85.79103088 3.78413677
-26.44424629 78.15003967 17.70413780
-26.55524635 78.46203613 18.01313782
-24.09724617 77.07403564 25.16713715
-32.99524689 84.65203857 38.88914108
-44.54124451 75.09003448 41.04413986
-44.45924377 78.26903534 41.86513901
-44.25225067 79.09204102 41.42514038
-24.89524651 66.30903625 27.53813744
-37.24024963 86.26203918 43.01913834
-44.91524506 77.05703735 5.13613701
-25.97024727 86.11503601 16.19213676
-44.51924896 77.13203430 41.02613831
-44.49724579 77.01203918 41.24713898
-36.13024902 66.24103546 42.20014191
-36.68824768 66.39103699 41.93714142
-31.14824486 65.82303619 33.09914017
-30.69824791 65.78303528 33.16814041
-26.82724571 86.18003845 16.07213783
-36.64924622 66.15703583 41.70413971
-36.51824951 66.14003754 41.18313980
-29.71524620 65.72003174 31.14113808
-38.62324524 71.19703674 27.50213814
-38.90324402 71.42604065 27.62113762
-22.12224770 66.20203400 16.96913719
-21.75324440 66.33503723 17.15513802
-21.71924400 66.53103638 16.81713676
-40.99824524 82.34204102 43.83113861
-41.34424591 81.32103729 43.75714111
-39.99324799 78.36603546 31.85513687
-40.09324646 77.94803619 32.09013748
-26.49324608 84.68003845 31.54213715
-26.43324471 84.92303467 31.55513763
-41.33924866 78.82403564 9.20913696
-23.88824654 73.89703369 43.32514191
-24.10524559 73.65203857 44.07714081
-26.18824577 84.32503510 30.38313675
-26.27224541 85.00603485 31.18713760
-26.25624657 84.79803467 31.07413864
-25.99124718 85.00703430 30.51313782
-40.79124451 81.15303802 27.10013771
-44.83724976 79.58003235 5.30513668
-26.22924614 79.93203735 13.48013687
-44.82524872 78.71704102 5.40013695
-25.81624413 74.65403748 41.08414078
-26.78124428 79.77304077 17.83313751
-27.02324486 73.83203125 32.28513718
-26.19724464 81.18103790 18.19113731
-40.68424988 82.32503510 35.32614136
-40.19324493 83.00403595 35.38414001
-40.75024414 81.74603271 35.26514053
-43.25124359 71.33403778 21.66113663
-42.48324585 71.24103546 23.02113724
-30.05224800 71.38703918 21.95513725
-46.05524445 78.38304138 18.30213737
-40.23624420 81.70703125 27.40213776
-46.08524323 78.06703186 18.02213669
-26.71324730 79.45404053 9.01313782
-26.81024742 79.29003906 8.73313713
-26.99324608 78.66403198 18.94613838
-28.04524422 84.73303223 6.69613695
-39.73424530 70.43003845 26.09913826
-39.43524933 70.23803711 26.24613762
-22.15624428 67.99403381 22.21413803
-28.89824486 84.47703552 10.02713776
-26.06524467 76.92103577 45.13013840
-26.05124474 76.41703796 45.10614014
-26.94524574 70.29603577 36.97013855
-27.10724449 70.60303497 36.82614136
-25.26924706 73.95703125 7.49513721
-28.22224617 68.84303284 28.87613678
-28.56024742 68.84103394 28.30613708
-28.45624733 68.86203766 27.60113716
-31.31524467 65.89303589 31.62213707
-31.74124718 66.05703735 31.46913719
-36.83224487 70.83603668 34.56513977
-31.58124733 66.00403595 37.40613937
-30.89324760 66.07603455 37.46014023
-28.45424461 70.27803802 44.97314072
-28.34124565 84.05703735 35.09713745
-28.19924736 84.24403381 35.56513977
-28.49924660 84.03203583 35.46913910
-19.86924553 79.14303589 5.24513721
-32.54824829 67.47803497 31.30713844
-32.45224762 66.82103729 31.38613701
-26.12024498 76.06103516 15.93213654
-26.12024498 75.97003174 15.51413727
-28.77724648 83.87503815 34.95013809
-27.63824654 84.45703125 9.43313694
-27.25624657 84.46203613 9.19913673
-26.84824562 84.06003571 9.42613697
-27.64524651 87.06703186 20.05513763
-25.23924446 75.61703491 6.07813692
-29.95324516 65.97503662 27.24213791
-29.75924492 65.82503510 27.60313797
-28.03724480 86.60803223 20.55513763
-28.35224724 86.59903717 22.43613815
-43.64324951 76.73803711 35.18014145
-42.12924957 81.18303680 35.29914093
-42.45824432 81.44403839 35.78414154
-45.50024414 73.59103394 20.06913757
-28.66024590 84.44104004 5.67013693
-27.98424721 84.43803406 5.58713722
-18.92224503 80.56703186 3.40013695
-36.55324554 84.63903809 10.22113705
-37.05124664 84.49603271 10.30613708
-20.60024452 83.96803284 5.37813663
-20.70624733 84.16603088 5.56513691
-21.96224403 69.78203583 16.60513687
-25.81524467 74.43403625 29.66213799
-41.45724487 77.82603455 28.12213707
-41.23824310 82.76803589 24.35313797
-41.11425018 82.97103882 24.26913834
-27.22424507 81.67003632 20.82713699
-35.40625000 86.74003601 37.55413818
-28.23324776 75.04803467 7.61313725
-27.41724586 74.61103821 7.46813726
-38.09924316 81.04003906 34.68113708
-37.97724915 81.12103271 34.52313995
-20.37224388 84.15403748 6.20013714
-36.03824615 67.88603210 3.70713687
-29.67724800 83.34303284 42.82814026
-20.27724648 71.05503845 7.30813694
-30.11224556 70.31403351 25.80913734
-36.27324677 84.78604126 35.39213943
-36.25424957 84.32003784 35.35113907
-23.66724586 84.22503662 6.45413685
-23.99024773 84.34503174 6.37613678
-31.69224739 70.56903076 28.05913734
-27.70924568 70.07903290 27.26613808
-28.35624504 69.97103882 27.30613708
-28.26724434 79.79603577 33.32013702
-28.37624550 79.64703369 33.60614014
-39.69624329 69.92403412 42.70714188
-40.26024628 70.39903259 42.76813889
-39.97324371 70.06403351 43.14213943
-38.91224670 69.33803558 42.73313904
-42.34024811 77.88903809 6.04713726
-27.34924507 68.69403839 45.04714203
-28.14624596 80.09204102 32.97213745
-29.68624687 83.18603516 28.73813820
-22.16824532 67.36203766 3.61213684
-21.42924690 84.18603516 18.12413788
-39.98925018 69.28303528 20.14413643
-29.18824577 82.68703461 26.24113655
-30.55024529 68.98503113 35.62614059
-28.78424644 82.78203583 26.50313759
-29.21624565 82.69903564 26.31713676
-28.23924446 82.06103516 20.96913719
-26.92824745 80.74803162 17.92513847
-26.80024529 80.10803223 17.63113785
-31.25524712 68.55603790 42.17813873
-35.68824768 67.22003174 38.62113953
-35.41324615 70.35803223 30.88613701
-26.59924507 80.84204102 17.61213684
-26.45624733 80.87303162 17.34213829
-26.65724754 80.80603790 17.19913673
-22.16124535 82.43203735 19.96113777
-35.64624786 87.12903595 39.92813873
-35.10624695 87.10704041 38.86114120
-25.86424446 80.56703186 37.12213898
-26.26224709 80.90703583 37.00814056
-27.06624794 80.95303345 36.83314133
-31.42124748 65.96603394 36.12014008
-32.19424438 66.06103516 36.60514069
-31.88324547 65.98103333 36.00614166
-26.20624733 79.51103210 13.03613663
-26.23324776 79.24703979 12.54713821
-30.88624763 69.27903748 33.02113724
-29.89724541 69.34103394 32.89213943
-31.14424706 66.03503418 34.91114044
-27.89624596 80.35403442 36.51913834
-27.55924797 79.71803284 36.68814087
-28.17424583 80.99403381 36.37714005
-24.23224449 78.58303833 44.76514053
-41.22224426 81.41203308 10.62713718
-41.31024933 80.58303833 10.06713676
-25.34424782 75.80903625 23.56213760
-24.94824409 75.79103088 23.92513657
-24.30424690 72.22403717 42.49414063
-24.08024406 72.94303894 42.89514160
-24.30424690 72.72903442 43.69314194
-19.79924583 83.51403809 6.39513683
-26.36424446 75.83403778 22.90913773
-39.37924957 68.94703674 35.25214005
-26.17424583 75.67303467 23.00313759
-25.40424538 76.37004089 6.07813692
-25.02524757 76.23903656 6.03513718
-22.49324608 70.41103363 19.39513779
-32.92124939 85.86903381 44.57714081
-40.36824799 74.90503693 30.52913857
-25.90824699 74.53203583 23.18313789
-26.25124550 74.12703705 23.03513718
-24.17524529 75.52003479 31.60213852
-32.03224945 84.57904053 39.17713928
-40.31224823 80.77304077 6.87513733
-40.28824615 81.12903595 6.42313671
-40.31224823 80.96903992 6.52613735
-25.63424492 82.51803589 15.47913742
-26.69824791 76.24103546 35.74314117
-38.09324646 71.10803223 34.70913696
-37.91424561 70.44104004 34.74913788
-30.52124596 86.27603149 16.35413742
-26.22224617 76.75603485 16.89013672
-27.57924461 75.65803528 21.15913773
-39.70424652 74.54003906 33.41313934
-39.86924744 74.87503815 33.36214066
-39.81124878 74.48103333 33.20413971
-36.94424438 82.40103149 34.97513962
-26.19124413 78.03903198 16.58713722
-37.91624451 85.92103577 3.85813689
-37.54724884 85.94503784 3.86113691
-37.70124817 85.87803650 4.32213688
-34.27624512 86.34803772 19.63313675
-37.13324738 81.86803436 34.30714035
-37.44424438 81.76403809 34.88513947
-43.61824799 73.35903931 24.16413689
-42.84824371 73.77703857 25.46913719
-26.87824440 73.21403503 13.52213669
-23.97424507 83.66903687 8.55213737
-28.25024605 86.92203522 22.98113823
-44.23824310 73.20503235 5.26013708
-44.03924561 72.81604004 5.05313683
-44.39424896 73.46403503 5.17413712
-24.19024467 86.58003235 24.62413788
-28.17824745 75.59303284 8.73813725
-27.98924446 75.25303650 9.12213707
-27.87924767 74.93003845 9.37213707
-36.24724579 81.48403931 28.93913841
-36.82024384 81.33603668 29.22513771
-36.61924744 69.55803680 26.10813713
-36.50224304 69.19104004 25.75713730
-26.90924644 73.06203461 15.40913773
-39.08724976 84.07704163 44.16014099
-44.39924622 81.09503174 20.14913750
-26.95324516 80.21003723 45.26214218
-26.79824638 79.99504089 45.38613892
-35.09424591 69.21403503 12.65813828
-24.71724510 73.18903351 24.94413757
-27.96424675 86.18503571 3.67813683
-28.40524483 86.15803528 3.95413685
-24.88224602 86.00203705 27.33713722
-22.25224495 75.19403076 5.62613678
-27.98324776 71.50403595 13.96213722
-28.07124519 71.61303711 13.60113716
-28.14724541 71.40703583 13.71413803
-26.84324455 74.43003845 11.48613739
-22.93724632 68.04903412 4.46813679
-22.80224419 65.66403198 18.38313675
-24.02824593 84.39403534 6.68013716
-27.69924736 78.47803497 7.74613714
-27.86224556 78.11903381 7.56413698
-28.39324760 81.90403748 32.53813934
-24.58824730 68.20403290 6.04613686
-33.28524780 65.76403809 42.97214127
-34.12924957 65.78303528 42.79214096
-23.72924614 79.80403137 38.18714142
-35.78125000 82.16503906 30.84413719
-32.08924866 68.38003540 38.89213943
-31.89724541 68.39703369 39.40713882
-25.94824791 83.94104004 29.14013672
-20.88824654 74.42003632 5.37713718
-20.87224388 74.15603638 5.53513718
-20.93224525 74.25503540 5.57813692
-41.61824799 76.77503967 34.96413803
-34.23524475 84.70603943 43.54513931
-33.69524384 84.79103088 41.23413849
-34.17424774 84.80003357 41.45914078
-31.38224602 86.75403595 17.80413818
-32.66324615 86.56503296 18.27613831
-41.41524506 76.68703461 34.85313797
-19.07824516 74.56703186 3.32413697
-30.84324455 69.36703491 31.97013855
-30.65224648 69.49803162 30.52813721
-40.80924988 77.45103455 34.92413712
-41.65424347 77.31404114 34.97314072
-41.23124695 77.14703369 34.92813873
-21.51324654 85.79703522 19.33913803
-40.97024536 77.18503571 34.95213699
-40.95924377 76.53203583 34.84914017
-45.16324615 76.32203674 15.07913780
-29.71824455 87.03403473 34.10413742
-40.53324890 75.83403778 34.75013733
-44.67524719 76.47103882 14.29313660
-44.67324829 77.14303589 14.24713707
-28.08924675 80.23004150 19.79213715
-27.88224602 80.07603455 19.51513672
-28.13024712 80.07904053 19.81113625
-27.31124687 74.18803406 7.98013687
-27.02224541 74.37803650 7.57113695
-29.93024635 86.98803711 35.20713806
-45.41925049 76.55703735 15.55513763
-30.45624733 71.18303680 22.85113716
-26.39624596 68.30203247 5.84613705
-26.48424721 68.26103210 6.11413670
-25.87924767 68.34503174 6.38113689
-29.34424782 86.96903992 33.65013885
-28.98324776 86.92903137 33.69413757
-37.76224518 82.24203491 27.02113724
-29.53324699 87.04703522 33.12813950
-42.65224457 82.70803833 42.66714096
-42.40924835 83.05803680 43.21414185
-42.14424896 83.25903320 42.05313873
-42.36124420 83.10504150 43.47314072
-43.06624603 82.12403870 43.27814102
-29.88324547 87.05803680 33.57814026
-30.17324638 87.10103607 33.71014023
-25.06824684 77.43803406 30.89013863
-25.35424614 77.36903381 30.69213676
-25.77424431 77.50803375 30.58813858
-42.91524506 82.37503815 43.21113968
-45.73024750 75.40803528 16.45813751
-25.62524605 77.05803680 40.81713867
-25.60924721 76.83103943 39.59413910
-39.05724335 79.79503632 33.49113846
-39.09624481 79.77403259 33.79713821
-33.00124359 66.22703552 35.05413818
-37.72525024 68.08003235 25.53213692
-37.63524628 67.87303162 25.21713829
-45.11124420 77.15203857 15.02013779
-38.38424683 85.14604187 36.06013870
-38.38724518 85.34004211 37.08314133
-39.99224854 82.90603638 43.80913925
-39.77924347 83.00703430 43.85013962
-32.05024719 85.06404114 11.09013748
-31.87924767 85.03103638 10.61113739
-26.70524788 78.19803619 18.52613831
-26.74924660 77.41003418 18.73413849
-27.49024773 77.61403656 20.51413727
-26.19524574 74.60403442 22.98413658
-26.31824684 74.30503845 22.97713661
-38.48624420 84.11903381 11.25613785
-38.85124969 83.72903442 10.68213654
-30.98824501 84.05104065 42.74914169
-21.27724648 78.78503418 7.42213726
-37.42724609 70.69603729 34.65713882
-26.96124458 84.70603943 5.17313671
-42.10424805 76.73903656 37.66213989
-42.02624512 76.21803284 37.55813980
-27.69024467 67.99503326 5.01213694
-32.33624268 81.85603333 29.25513840
-32.79724884 81.82603455 29.54113770
-41.40924835 76.52803802 37.47513962
-25.14024544 84.51803589 5.01113701
-32.63624573 81.96003723 29.80713844
-32.56324768 81.83603668 29.54613686
-28.58824730 79.49403381 22.04613686
-27.67224693 79.60303497 36.61613846
-26.90724754 79.34003448 36.87913895
-23.61424446 73.35803223 39.82014084
-23.43024635 74.12703705 39.80913925
-28.22124672 82.25203705 21.71213722
-40.29924774 70.83003235 40.02413940
-21.75824547 68.71503448 4.22913694
-28.05024529 82.08903503 21.65813637
-43.77824402 72.89603424 38.87313843
-24.12224770 78.84803772 7.12513733
-21.27324486 69.12003326 4.11313677
-20.97724724 69.07103729 3.99113703
-21.51624489 69.15203857 4.39213705
-21.32324409 69.36403656 4.24813700
-30.11324501 67.75103760 4.72813702
-25.15024757 78.51203918 6.81813717
-31.22824669 66.88303375 19.08513832
-30.33624458 68.66003418 15.09713745
-25.01524544 78.85603333 7.34513712
-39.64225006 83.92003632 21.98413658
-29.86724663 69.33503723 14.77313805
-26.21524620 71.22203064 15.71713829
-26.37724495 71.35603333 15.89313698
-26.05724525 71.33203125 16.16213799
-22.44324684 74.21403503 7.42913723
-21.73024559 74.01703644 7.55913687
-37.29024506 83.14003754 26.49113846
-29.91124535 83.40603638 44.89313889
-29.33424568 83.01803589 44.90513992
-29.71624565 70.96704102 24.23413658
-37.06724548 85.21203613 35.63314056
-25.85124779 82.92703247 9.73213768
-25.67524529 82.46103668 9.83013725
-25.15724754 82.53804016 9.62713718
-37.08424377 84.75003815 18.84513855
-37.94424438 84.85903931 17.64013672
-28.18524742 84.07203674 36.34814072
-28.08524513 84.09603882 36.44813919
-44.54425049 71.99403381 17.99913788
-44.68424988 72.06604004 18.47413826
-44.92224884 72.46103668 17.89213753
-32.16824341 85.62803650 16.81013680
-23.94324684 87.06003571 17.71113777
-26.35824776 71.13203430 15.35513687
-26.31024742 71.20903778 15.64213753
-29.21124458 68.67803955 31.87713814
-45.57724762 78.80104065 21.32813644
-45.81124878 78.12903595 21.18213654
-45.37224579 78.88103485 21.80113792
-36.14124298 86.10403442 3.70913696
-23.23124504 75.10803223 38.79814148
-23.29824638 75.67703247 40.32014084
-23.21024513 75.65703583 39.20814133
-29.21224785 82.41403198 32.73413849
-28.61824608 82.25603485 32.16313934
-38.25424957 72.49203491 34.38213730
-35.28024292 86.14203644 4.10713673
-35.55824280 86.02203369 4.30713701
-21.83224678 66.22703552 17.34213829
-21.70524406 66.25503540 17.85613823
-25.41024590 68.48703766 14.95913696
-36.57924652 70.87303162 27.05613708
-39.01224518 79.76103210 32.58113861
-27.30724525 79.27803802 9.45313740
-30.07024574 80.70603943 23.25313759
-29.49524498 80.37803650 23.10913658
-40.24424744 75.11103821 31.30213737
-40.13924408 74.56103516 30.96413803
-27.65724754 84.69903564 39.52214050
-27.47024727 84.39503479 37.90914154
-25.14624596 85.61603546 4.39013672
-28.19924736 84.95204163 38.79814148
-39.99224854 75.03804016 32.73613739
-24.67824745 78.32303619 24.95113754
-24.61924553 78.08103943 24.75013733
-24.48024559 78.13504028 25.17113686
-42.46724701 78.38703918 42.87813950
-42.29224396 79.02103424 43.27313995
-30.96324730 84.65403748 13.32313728
-31.27624702 84.72303772 12.85613823
-24.98624611 74.20803833 7.33613729
-40.25325012 75.74403381 31.97713852
-40.10724640 75.36803436 32.28813934
-42.28125000 79.26403809 43.50413895
-29.55624580 67.75903320 25.17613792
-39.96524811 74.93904114 34.19413757
-23.27424431 86.90503693 20.50013733
-29.45224571 67.01503754 24.74913788
-36.36524963 84.59903717 25.16813660
-26.82124519 76.69403839 19.01913834
-26.80824471 76.31503296 18.86413765
-26.79124641 75.85903931 18.95213699
-26.88524437 76.22403717 19.38413811
-33.61824799 84.41203308 23.01213646
-33.49524689 83.97103882 23.14913750
-32.42924500 66.82503510 19.37113762
-33.31724548 84.68003845 44.48313904
-36.88124847 66.26803589 43.58613968
-29.00224495 67.38003540 39.56113815
-36.90724945 66.34603882 43.70714188
-31.85024452 87.09503174 37.37913895
-31.32424736 87.03503418 38.12213898
-32.35324860 87.07003784 39.83914185
-41.96824646 70.11903381 19.68413734
-42.61224365 70.42503357 19.08113670
-42.85224915 77.59803772 43.33613968
-45.24024963 73.01004028 17.76413727
-42.86425018 70.60003662 19.64113808
-43.59124756 71.06503296 19.17813683
-28.44624519 67.46903992 20.32413673
-27.56724739 75.38203430 9.94613743
-26.17624474 80.94403839 27.30213737
-26.60024452 81.19603729 27.52013779
-26.71524620 81.12603760 15.41213799
-41.67424774 79.29003906 9.83613777
-42.63024902 72.99403381 43.29014206
-33.53224945 82.26403809 30.08213806
-42.50024414 77.63103485 10.60613728
-33.98624420 82.49504089 32.45314026
-31.79224586 87.07904053 36.01613998
-22.86624718 81.51903534 7.77513695
-40.05624390 84.11003113 20.31713676
-32.15724945 66.83503723 19.23313713
-32.13224792 66.71103668 18.98613739
-42.26424408 73.39703369 26.04113770
-23.22124672 75.09703827 38.10913849
-42.40424347 73.99803162 42.14813995
-30.60124779 86.31703186 4.16413689
-29.96324730 86.27503967 4.03613710
-40.93624878 74.59303284 8.97113705
-40.87524414 74.00003815 9.25013733
-36.53524780 85.72003174 4.96613693
-29.13224602 86.96203613 25.57013702
-30.14124489 66.66703796 44.20814133
-28.69724464 67.21303558 38.76613998
-28.87824440 66.70503235 38.31613922
-34.62324524 68.34003448 35.11113739
-21.11924553 80.70903778 7.70613718
-21.64024544 72.03103638 7.80113697
-44.80924988 76.30403137 23.52713776
-38.83324432 84.34204102 12.59313774
-39.63424683 84.05503845 13.00113678
-28.52524757 69.13403320 20.66813660
-22.07124519 66.39403534 16.72513771
-22.18124580 69.17003632 7.33213711
-22.61224556 68.95703125 7.17613697
-30.78124809 69.95103455 10.62713718
-35.83724976 84.63603210 44.05514145
-36.29524994 84.60704041 44.27313995
-31.06424522 69.64103699 10.26113701
-38.56724548 71.23603821 9.58413696
-38.91524506 83.76004028 35.41814041
-39.06624603 83.28403473 35.34413910
-30.04824638 84.21603394 11.26713753
-36.53224945 70.73103333 32.27914047
-36.57624817 71.09003448 32.14913940
-39.83124542 81.56604004 7.58313704
-39.71524811 81.83003235 8.03813744
-29.12724495 70.80703735 10.87013721
-28.20724678 81.31303406 32.45813751
-40.11124420 68.54403687 4.44713688
-29.01424599 84.90103149 8.04513741
-30.15524483 84.96403503 8.36313725
-30.06024742 85.31303406 15.56813812
-22.54024696 84.28804016 6.05513668
-30.30824471 85.42203522 15.80613708
-21.59224510 68.45303345 16.42613792
-21.31324577 68.47103882 16.65013695
-37.77824402 84.80503845 18.38013840
-36.14225006 85.01703644 17.23913765
-24.57524681 77.43003845 31.37513733
-24.31024742 72.01403809 8.62213707
-24.29924583 71.80104065 8.68113708
-40.80324554 84.38903809 25.56713676
-27.82424736 72.78003693 10.81713676
-27.79424477 72.69403076 10.74313736
-38.24524689 69.03403473 41.65414047
-32.47624969 68.64103699 34.23513794
-29.23324776 83.89403534 10.85113716
-33.68024445 68.75703430 34.60913849
-24.92424583 81.63703918 9.75113678
-27.07824516 78.12703705 22.72713661
-22.93124580 85.07403564 24.02513695
-27.02324486 78.51103210 23.10613823
-26.75024605 78.57403564 23.25013733
-26.78524590 78.21603394 23.06613731
-23.03724480 86.50103760 22.10513687
-26.33224678 73.98403931 43.51613998
-26.45624733 73.63703918 43.73014069
-27.46724510 77.90503693 22.40113640
-35.89524841 70.08803558 9.44513702
-26.99324608 77.79503632 22.71713638
-39.35924530 79.29303741 33.12513733
-39.29424286 79.46203613 32.92514038
-26.52824593 76.93503571 22.83613777
-34.54224396 66.87903595 20.13513756
-27.26924706 71.36303711 10.48513699
-27.22524452 71.04903412 10.30913734
-38.12724304 71.54403687 8.58113670
-38.12825012 71.26603699 9.06713676
-42.78424835 80.43603516 12.17213821
-28.02424431 70.86503601 43.23213959
-31.19124794 87.15703583 34.25613785
-28.34324455 80.87603760 35.01413727
-41.55724335 72.25303650 41.85713959
-18.95324516 78.87503815 3.23113680
-41.94124603 76.53103638 27.49013710
-41.69324493 69.02603149 43.26713943
-27.96824455 70.13203430 20.29113770
-43.78524780 77.06303406 35.40713882
-43.84224701 77.43703461 35.75614166
-28.73824501 67.32103729 4.35313702
-28.65424538 67.11803436 4.13313675
-28.35224724 67.04203796 4.19913673
-44.24424744 79.11603546 41.13914108
-35.57924652 68.78703308 34.78913879
-36.32524872 68.33503723 34.96213913
-27.66624641 84.51703644 34.65313721
-27.86324501 84.48803711 35.19913864
-27.76024437 84.32603455 34.68214035
-28.06524467 86.97703552 30.81313705
-23.76224709 80.81604004 9.18113708
-36.84624481 68.92103577 34.86613846
-27.07324791 68.75503540 30.37613678
-27.04424477 68.70703125 30.92813683
-35.71924591 71.38703918 29.83013725
-35.17924500 71.28603363 29.44213676
-24.89724541 76.16703796 24.01913834
-25.06024742 76.03403473 23.81913757
-36.13124847 68.79803467 34.80413818
-32.17024994 67.63703918 4.72113705
-31.23924446 67.39803314 4.54313707
-40.20124817 73.49703979 34.81813812
-35.69024658 70.59103394 6.46213722
-35.19324493 68.35503387 34.86713791
-21.54924583 78.38403320 6.86613703
-21.81524467 78.13303375 6.50213718
-31.62524605 67.43303680 4.43313694
-38.31424713 68.53403473 5.10613680
-34.26324463 85.62004089 35.18214035
-34.04224396 85.97803497 35.32114029
-31.15424538 67.32303619 4.37613678
-30.87024498 67.32903290 4.35813713
-30.94324684 67.46603394 4.51613712
-27.87124443 69.84703827 30.09713745
-27.81624794 69.88903809 30.41713715
-37.97224426 68.97303772 5.27213669
-35.83324432 70.42803955 31.19913864
-24.93624687 73.41304016 37.37913895
-24.28324699 73.37303162 37.55213928
-27.60224724 72.16103363 19.12413788
-38.23824310 81.93403625 35.17913818
-40.24524689 67.82503510 43.53314209
-40.00724792 67.62703705 43.42813873
-39.35025024 70.06203461 26.28713799
-39.18724823 69.57303619 26.41713715
-26.94224739 73.08703613 16.09713745
-40.47525024 74.28703308 6.76813698
-40.35924530 74.32803345 7.01813698
-46.14424896 75.66903687 18.61913681
-27.83824730 83.36703491 10.32213783
-23.52924538 79.36603546 7.61413717
-34.37424469 66.66703796 35.14213943
-34.53524780 66.58203125 35.63613892
-36.77924347 84.47503662 40.83613968
-23.28124428 84.01903534 16.58413696
-40.90424347 71.08703613 42.71514130
-44.56424713 74.40203857 42.65613937
-44.63224792 74.89203644 42.47013855
-27.95824623 83.85704041 14.63013649
-28.06024742 84.38803101 14.87713814
-26.52324486 72.90003967 9.90513706
-41.08324432 68.48403931 41.76113892
-41.08824921 68.67403412 41.45114136
-26.33724785 73.03603363 9.73313713
-38.17124939 68.31103516 3.56513691
-26.89124489 73.14003754 16.74713707
-26.76024437 73.58103943 16.80513763
-26.82724571 73.40703583 16.86813736
-29.73824501 67.50603485 4.60413694
-30.26824760 67.36003113 4.40813684
-32.17424774 68.89303589 15.21813774
-36.28524780 87.08203125 40.72814178
-36.07824707 87.07803345 39.92314148
-26.65524483 73.80003357 17.04713821
-26.51924706 74.21903992 16.67013741
-44.15424347 78.19503784 24.21713829
-27.20624733 72.53003693 16.57113838
-29.64824486 69.82103729 27.97813797
-30.29124641 69.65603638 28.92513847
-23.77924538 85.65203857 3.38413692
-23.93624687 85.46603394 3.55413699
-27.12824440 72.61003113 16.78713799
-27.06024742 72.78603363 16.61213684
-27.15624428 72.72803497 16.27413750
-28.82324791 67.02903748 3.24613690
-28.85824776 68.38703918 23.66113663
-44.60624695 74.13703918 5.22713709
-41.96424866 82.05803680 24.03013802
-19.00124550 76.71903992 3.22013688
-19.04724503 76.72003174 3.48513699
-35.59224701 85.15603638 44.62913895
-42.99324799 75.61503601 35.03413773
-18.99124527 77.64003754 3.32413697
-19.05124474 77.42803955 3.21613693
-19.13624573 77.17803955 3.45513678
-42.16824341 81.65403748 24.35913658
-35.27124786 85.52003479 44.47713852
-35.67224884 85.71603394 44.61413956
-35.93424988 86.00703430 44.62014008
-37.69524384 83.94003296 38.57614136
-31.15124702 87.13703918 31.29613686
-35.10524750 70.14003754 32.97113800
-42.28125000 81.97303772 23.55213737
-21.40924644 82.85203552 19.41313744
-21.34124565 82.82003784 19.05213737
-19.01324654 80.00203705 4.06013680
-25.72724724 83.28103638 26.48213768
-25.52324486 83.41903687 26.82013702
-41.15224457 76.81103516 29.03713799
-27.26324654 79.29503632 9.20113754
-26.97624779 79.47703552 9.21113777
-26.92924690 79.67803955 9.46613693
-42.82024384 76.64603424 42.87113953
-42.70124817 76.79003906 42.30813980
-41.00924683 70.09603882 22.60413742
-31.20424461 70.64503479 26.50813675
-27.02824593 78.97003174 8.18613720
-27.54324532 78.82003784 8.18713760
-27.13124657 67.06503296 15.35913658
-28.12224770 85.25804138 38.15513992
-27.93924522 85.73503113 37.68114090
-27.65124702 65.70003510 30.41213799
-36.75224304 67.41603088 37.60514069
-36.67424774 67.49203491 37.41513824
-27.57124519 78.91104126 8.75513649
-32.31724548 85.17703247 15.28113747
-29.31924629 69.03804016 9.09313774
-29.27324486 66.29603577 18.03413773
-34.82724762 86.17203522 19.67913628
-36.52624512 85.84503174 21.01513672
-24.07524681 75.94903564 45.22114182
-23.98824501 75.63003540 44.86613846
-20.60524559 79.42003632 7.75913715
-24.93524742 72.93703461 24.79413795
-24.95324516 72.52403259 24.98813820
-45.68124390 74.35003662 17.09913826
-30.39224434 66.12203979 39.11714172
-37.29824829 71.95303345 31.05013847
-37.01924896 71.85603333 30.49813843
-37.83625031 72.13903809 30.84113693
-26.48824501 74.98803711 12.34813690
-30.33724785 69.11303711 34.23014069
-20.79824638 75.15603638 5.15013695
-20.62924767 75.19104004 5.09413719
-20.24824715 75.53103638 4.98513699
-37.77124786 71.62403870 28.74813843
-37.50724792 71.85203552 29.70913696
-32.78924561 86.65003967 32.85113907
-32.89024353 86.85903931 33.66413879
-42.07624817 82.67803955 14.25313759
-20.41624641 76.87703705 5.12413692
-20.37524605 77.22503662 5.16613674
-25.14724541 66.78003693 3.28113699
-24.81924629 66.73903656 3.17013693
-24.61124611 66.66203308 3.66913700
-38.49224854 68.84703827 17.02413750
-27.44524574 81.27203369 19.53713799
-27.47624779 81.02304077 19.37313652
-25.05824471 75.71403503 33.09313965
-34.46924591 87.00903320 37.30413818
-38.21424866 84.65903473 26.47613716
-22.80424690 85.85603333 17.00913811
-22.40424538 85.79403687 17.29013824
-27.70724678 80.92303467 19.46713638
-26.85224724 74.53503418 32.13113785
-27.29124641 74.74403381 33.74414063
-30.43024635 83.62004089 27.53813744
-40.86524963 74.94903564 34.82213974
-28.65624428 80.91203308 20.53813744
-23.36024666 70.70303345 16.84113693
-36.16124725 87.05603790 42.29014206
-41.30424500 75.08703613 34.90713882
-22.74024773 70.54603577 17.05713844
-22.74024773 70.68103790 17.49513817
-25.69224739 67.14203644 4.13113689
-28.63624763 80.98503113 20.51713753
-28.28024483 80.57203674 20.14413643
-28.49024773 80.62403870 20.32413673
-28.34024620 80.44503784 20.08213806
-41.28824615 75.74303436 34.82114029
-27.61324501 87.01403809 20.60613632
-40.70824432 69.32803345 5.34213734
-41.45024872 77.08503723 34.88813782
-32.98524475 86.14703369 4.64813709
-33.01524353 87.05003357 41.24813843
-32.82624817 86.09703827 4.74713707
-28.36324501 73.66304016 38.85514069
-27.85124779 72.94803619 38.94614029
-36.25224304 70.88103485 33.36113739
-32.42724609 86.11503601 4.67113686
-26.01324654 76.39703369 34.20913696
-37.44224548 70.44303894 27.11113739
-37.87624359 70.50703430 27.21213722
-36.65224457 71.39403534 33.11713791
-36.59624481 71.33703613 33.42613983
-23.30224419 80.26103210 8.05713654
-33.80224609 82.36103821 30.91413689
-22.71424675 83.76503754 6.73513699
-27.81624794 81.91603088 30.13813782
-28.71324730 66.04603577 23.98913765
-29.04924583 65.97903442 25.20613670
-33.58124542 67.75703430 4.74613667
-39.86824799 74.11303711 31.06113815
-30.64624596 68.76603699 39.64313889
-32.69724274 67.48303223 4.20013714
-32.81624603 67.59603882 4.53413677
-29.45924568 70.19303894 14.00813675
-29.59124565 70.26703644 13.75713730
-26.57424736 86.97203827 27.43613815
-33.16224670 67.48903656 4.16213703
-32.97324371 67.64103699 4.42913723
-39.26725006 79.51903534 32.70013809
-39.42024994 79.29003906 32.78113937
-39.43624878 79.27203369 32.95013809
-28.49224663 71.26803589 13.09613800
-33.69424438 67.53804016 4.20113707
-26.64924431 70.55403137 28.93013763
-24.72724724 81.73204041 16.91713715
-25.26424599 83.85803223 8.89013672
-24.14724541 69.41503906 23.95013809
-23.32924461 81.81404114 18.00113678
-26.12424660 76.04503632 13.73913765
-26.09024620 75.79203796 13.85013771
-28.26124763 86.24003601 20.88113785
-28.32024574 86.19603729 21.37013817
-25.13224602 70.64403534 42.38214111
-40.92624664 70.46103668 13.90313721
-24.54524422 71.30503845 40.64113998
-24.12924767 71.88303375 37.79114151
-32.36124420 69.96503448 23.06113815
-33.41824341 68.91103363 14.88813782
-33.02824402 69.04603577 14.59113693
-21.95824623 73.67103577 7.67613697
-21.29024696 73.56703186 7.72313690
-33.83924866 85.23403931 34.10413742
-32.75024414 68.91304016 15.11713791
-24.83124733 77.53203583 31.29613686
-25.12924767 77.37403870 32.15113831
-25.68324471 77.40903473 32.28813934
-26.08424568 76.23003387 6.34313679
-26.11224556 75.85003662 6.30113697
-42.34424591 69.39003754 4.58713722
-27.67324638 77.26703644 34.08413696
-42.36224365 69.44903564 4.85213709
-27.37024498 75.85503387 22.09313774
-27.18824577 75.76903534 22.25513649
-43.69725037 79.37603760 24.32313728
-27.69824791 84.12004089 33.84814072
-19.74724579 81.92404175 4.22413683
-35.47324371 67.74903870 4.14413691
-34.99824524 67.72803497 3.96113682
-25.76924706 65.70803833 18.48413849
-24.37024498 65.75403595 17.16313744
-28.38124657 85.65603638 15.63713837
-29.68724632 83.05603790 28.00213814
-19.51024628 81.41703796 4.11513710
-19.12724495 80.83203125 3.88713694
-26.29424477 78.88304138 11.85413742
-26.38024712 79.06903076 11.67213821
-39.77224731 81.34503174 27.65213776
-40.02924347 82.83903503 27.31513786
-40.22224426 82.09403992 27.35313797
-28.42024803 85.92604065 15.75713730
-25.32524681 72.70103455 24.60713768
-27.87424660 68.98603821 25.56713676
-42.37024689 69.67903137 3.35613680
-39.84924316 69.70003510 35.12614059
-39.76224518 70.41603088 34.94313812
-39.65424347 69.94703674 35.03013992
-27.42724419 69.03103638 25.51513672
-27.54824638 71.73403931 36.57213974
-38.59424591 72.74703979 34.52413940
-38.75224304 72.81203461 34.61413956
-31.17024803 82.85803223 21.89713669
-28.72824669 70.01103210 35.11214066
-28.98524666 69.59503174 35.50214005
-27.92924690 84.57103729 15.09713745
-34.17824554 85.77203369 18.43513680
-41.72324371 77.64003754 9.65113735
-41.97224426 78.06503296 10.01513672
-42.20024872 77.76503754 10.21213722
-43.53224945 82.10403442 18.20413780
-43.75724792 81.85803223 17.75913811
-42.67624664 70.43403625 40.30113983
-42.96524811 70.62703705 41.30213928
-43.00924683 70.90903473 40.32913971
-28.63024712 70.17203522 35.28313828
-28.49424553 70.43603516 35.15314102
-28.57324791 70.31303406 35.38713837
-28.68424797 84.68003845 15.08613777
-30.44224739 70.04803467 13.31413651
-42.08024597 76.41503906 10.09113693
-41.86425018 76.88003540 9.80413723
-42.01324463 77.39804077 9.98113728
-27.04324532 65.91503906 18.47013855
-27.77724648 66.29103088 18.93813705
-26.91924477 81.45103455 28.23713684
-27.29624748 81.69603729 29.39313698
-24.81224632 84.05903625 8.46113777
-33.58924866 66.27803802 36.85813904
-33.30524445 66.73303223 33.44213867
-33.40324402 67.17403412 33.00413895
-40.18924713 77.48703766 34.07213974
-18.92924500 80.85504150 3.53213692
-18.94624519 80.81103516 3.73013687
-19.75824547 83.32103729 6.52313709
-36.55424500 82.03604126 31.29013824
-41.45224762 74.40603638 27.64513779
-19.32724571 82.14903259 6.11713696
-26.86524773 73.71803284 18.02413750
-24.96224785 84.40603638 27.93813705
-19.28024483 81.77603149 6.22813702
-25.41524696 84.74403381 29.13213730
-21.27524757 85.16603088 18.67413712
-24.37024498 81.16203308 37.75814056
-24.21624565 80.80503845 37.66513824
-34.88924408 84.48403931 8.07713699
-27.61524773 84.22803497 44.94514084
-26.97624779 83.81803894 44.31713867
-27.48824501 83.96603394 45.44113922
-30.73224449 86.56604004 19.81413651
-38.27224731 83.09803772 7.95513725
-38.39924622 83.19703674 8.44613647
-38.87424469 83.00103760 8.75013733
-38.61124420 82.97303772 8.19813728
-28.00724602 70.92604065 43.98413849
-27.58324623 71.50003815 44.07913971
-34.26824951 81.85103607 29.53413773
-38.97324371 82.62203979 7.97613716
-39.48624420 81.96503448 7.47213697
-41.03624725 75.69903564 34.85813904
-40.43724823 75.54303741 34.75413895
-41.43924713 73.69903564 37.56414032
-28.09224510 73.27003479 34.57013702
-28.58124733 66.94503784 3.83013678
-21.21924400 74.44403076 6.02813721
-21.67024422 69.26103210 5.04013681
-21.57224464 69.03203583 5.34313679
-27.94624519 84.54103088 37.20513916
-27.82624626 84.40403748 37.23213959
-27.99124718 84.59403992 36.75914001
-27.34924507 87.09004211 16.77813721
-32.86024475 84.60303497 44.51013947
-34.66224670 85.56103516 44.29014206
-34.78924561 85.96003723 44.17314148
-30.90924644 81.12503815 24.29613686
-43.86624908 73.65703583 13.90313721
-32.70224762 66.15903473 43.47114182
-29.71724510 67.40703583 4.42413712
-29.81024742 67.28804016 4.27013683
-34.47624969 66.38403320 36.69514084
-34.54024506 66.38603210 36.52814102
-34.45724487 70.63504028 31.82213783
-43.06024933 83.51303101 3.60313702
-35.12124634 66.70003510 37.00914001
-34.87724304 66.40403748 36.83113861
-41.78025055 83.99003601 5.05313683
-22.20324516 82.28503418 18.50413704
-19.79124641 78.71503448 4.91213703
-19.76524544 79.29303741 4.82313681
-39.37825012 82.08903503 35.15813828
-44.89524841 75.58903503 5.21413708
-27.48724556 83.08103943 27.07813835
-19.77624512 80.06903076 4.69813681
-27.81124687 73.89703369 9.56313705
-27.77124596 73.51703644 9.96513748
-34.22424316 70.23204041 32.55413818
-44.77224731 74.85203552 4.98213673
-33.29024506 86.88603210 43.44813919
-34.00024414 86.83403778 43.53113937
-28.43324471 80.74803162 39.05313873
-35.93324280 83.63003540 35.22314072
-42.80825043 79.83803558 35.21014023
-28.52624702 79.62203979 34.21014023
-28.46324730 79.17604065 34.18413925
-28.63124657 79.98403931 34.05913925
-23.74324608 67.31003571 15.46513748
-23.20124626 67.25203705 15.65713692
-33.62324524 67.81703186 33.79613876
-34.06524658 82.91403198 33.18313980
-34.37024689 82.95404053 33.55413818
-33.98224640 83.02903748 33.54213715
-28.37124443 77.30203247 8.12313652
-25.18924522 84.41203308 5.71313667
-38.52424622 67.85003662 22.90313721
-31.87924767 70.47803497 23.20513725
-23.49724770 80.31103516 8.49513721
-25.99124718 84.39903259 5.74813700
-25.54424477 84.39103699 5.56813717
-27.71224785 87.02803802 20.97113800
-27.79224586 86.86403656 20.78113747
-24.98824501 68.50203705 27.84413719
-25.66824532 68.51503754 29.06013680
-30.18924522 70.90103149 23.96913719
-30.53124809 70.87403870 23.64813805
-27.53524590 78.76103210 9.36713696
-27.42624474 78.99603271 9.46213722
-27.37624550 78.87303162 9.69013786
-22.21524620 67.87703705 3.98113680
-22.18524742 68.27903748 4.28613710
-22.55824471 68.20103455 4.49913692
-26.58424568 84.60003662 6.25513697
-21.98524666 85.82704163 20.99213791
-21.76224709 85.52703857 20.85113716
-34.36425018 70.67503357 26.60813713
-34.70324707 70.75203705 26.95613670
-27.23824501 65.64203644 23.31613731
-44.62825012 81.55703735 4.19413710
-43.95124817 72.62603760 5.01813698
-34.49324799 83.71203613 34.90313721
-27.07324791 65.63504028 24.27413750
-26.94224739 65.57303619 24.52813721
-43.60324860 72.60303497 5.23413706
-43.64824677 72.18903351 5.26013708
-43.34524536 72.71803284 5.45213699
-26.64324760 72.25803375 39.84814072
-27.09724617 71.64503479 40.54114151
-19.29824638 78.50903320 4.51413679
-18.94824600 79.33203125 4.05513668
-25.50724602 73.65503693 8.38313675
-24.93224525 73.22503662 8.39113712
-27.21724510 65.63403320 23.98313713
-25.54524422 69.99203491 41.88513947
-25.53924751 70.16703796 42.89213943
-20.95624733 84.95103455 3.94813681
-21.21824455 85.49003601 3.72413683
-26.35724449 65.57103729 23.10413742
-34.62825012 69.08203125 13.52613831
-33.97224426 69.03203583 14.08313751
-41.44824982 75.05503845 37.48114014
-36.51524353 81.21303558 30.27513695
-30.28624535 85.58203125 20.42813683
-30.47824669 85.81703186 20.30213737
-29.66324806 85.01103210 20.58013725
-28.69724464 69.52903748 32.65213776
-40.77324677 74.00603485 37.47414017
-34.71324921 68.68503571 15.91513824
-38.62024689 84.69503784 26.63913727
-25.60824776 73.00903320 9.40313721
-28.37824440 84.57904053 15.00113678
-26.55124474 80.79903412 13.39913750
-26.45524788 80.48004150 13.41113663
-26.02324486 79.02603149 24.10313797
-40.82024384 69.87403870 22.01013756
-41.79724884 70.17603302 20.97113800
-20.88524437 69.17303467 5.94413710
-36.34424591 71.53103638 29.34013748
-36.44824982 71.50003815 29.18313789
-36.92824554 71.56203461 29.13513756
-36.68824768 71.51004028 32.64413834
-26.63924599 80.73803711 12.75313759
-21.03024483 68.94104004 5.92513704
-20.92424583 68.86403656 6.38813686
-35.55724335 71.17103577 28.40513802
-26.80524635 81.16304016 12.73413658
-26.71324730 80.87703705 12.68513680
-36.36524963 71.21603394 30.67113686
-35.66824341 66.20803833 44.12213898
-40.88424683 80.09603882 8.81213760
-34.64225006 85.01703644 18.01313782
-40.07225037 75.68904114 33.77214050
-40.21824646 76.24803162 33.40813828
-21.58524513 68.10303497 6.43113708
-21.16224480 69.95103455 4.53513718
-37.39824677 71.48303223 7.55613708
-37.12624359 71.16703796 8.06113720
-37.82324982 71.57303619 8.01813698
-25.91324425 86.15103149 3.90813684
-26.24924660 74.65803528 14.39813805
-26.23424721 74.81404114 14.08813667
-26.76224709 74.88603210 11.33513641
-20.01924515 71.55403137 4.29413700
-27.75624657 74.92203522 21.69813728
-28.02524757 71.91403198 12.57913780
-28.24424553 72.00403595 12.21513748
-28.47724724 71.85903931 12.09813690
-43.04124451 73.07904053 35.24613953
-42.47224426 71.81203461 35.37614059
-27.61224556 78.34003448 7.49913692
-34.98724365 69.81703186 34.43713760
-35.61224365 70.32904053 34.43113708
-35.60424805 70.26703644 34.14113998
-26.81924629 71.94203186 16.70213699
-26.54424477 71.58703613 16.60913658
-27.78524590 81.86703491 39.54413986
-27.69424629 81.53503418 19.95713806
-25.72524452 78.42303467 24.04713821
-22.78224754 78.60504150 6.97713709
-20.95024681 78.58803558 7.29913712
-42.20324707 74.97703552 10.67213726
-41.96524811 74.76503754 10.48713684
-42.38524628 75.41503906 10.79313660
-32.36124420 65.83103943 41.83514023
-31.29524803 65.94203186 41.68313980
-32.74124908 84.29603577 6.32513714
-29.95524788 84.61804199 6.61213684
-36.36324310 67.91903687 4.23813677
-44.24724579 74.42003632 14.06513786
-29.94024467 81.82803345 21.35313797
-27.15224648 87.22703552 18.74513817
-27.27724648 87.20903778 19.81813812
-30.56024742 83.81503296 33.43513870
-44.78025055 73.80903625 15.40813828
-44.76725006 74.28203583 15.01113701
-24.14224434 75.98703766 24.93813705
-42.59324646 82.12203979 5.58613682
-26.55624580 73.72003174 13.87913704
-26.70824623 80.50303650 12.05613708
-23.57224464 67.25003815 3.93713689
-22.36924553 82.33903503 18.20913696
-32.51124573 69.22403717 33.49013901
-32.07224274 69.22503662 33.53813934
-35.38524628 81.95803833 30.10413742
-27.40924644 77.87803650 34.87614059
-27.83224678 86.28203583 16.05913734
-19.83024597 81.38903809 5.23113728
-27.86924553 86.58803558 16.45013809
-27.67024422 78.59703827 34.81913757
-27.74224663 78.95103455 34.88913727
-19.12724495 81.42404175 6.68713713
-19.13924599 81.07704163 6.25813675
-19.33524513 80.84403992 5.97613716
-26.82724571 73.37803650 15.63013840
-19.14624596 80.76203918 6.51113701
-28.05124474 85.38103485 15.43913651
-23.30724525 81.71704102 18.40213776
-28.76024437 83.10203552 21.63513756
-23.15024757 81.85603333 18.58413696
-24.41724586 78.46303558 45.02814102
-36.69224548 67.71703339 24.34013748
-35.19724274 67.39803314 22.56813812
-27.04024696 86.54503632 16.26313782
-27.41124535 86.48803711 16.19213676
-24.57124519 79.17103577 45.50714111
-24.74224663 79.06203461 45.56613922
-42.22024536 83.35704041 5.41413689
-41.53424835 84.02603149 5.29613686
-42.07124329 83.58903503 5.31513691
-28.51324654 84.94603729 15.20013809
-24.59424782 79.46503448 45.42914200
-31.36624718 84.99304199 8.66613770
-38.89924622 80.16104126 34.27313995
-38.80324554 80.29103088 34.53413773
-38.98724365 79.91903687 34.09214020
-26.22424507 84.10704041 15.24813652
-25.78824425 84.37403870 15.39213753
-38.64824677 80.35103607 34.32213974
-28.92324638 85.11903381 15.36913681
-24.63624763 74.48703766 24.40313721
-29.24224663 82.46603394 20.92913818
-31.98424721 84.32003784 38.92813873
-24.22124672 74.70404053 24.79613686
-24.49424553 74.41903687 24.64513779
-31.57424736 83.87303162 32.71813965
-30.33024788 83.32704163 35.37913895
-44.12924957 72.55603790 4.08513689
-44.06624603 72.45603943 4.34213686
-44.24824524 72.84803772 4.49013710
-30.25124550 68.93403625 39.73814011
-41.18624878 84.18803406 43.75614166
-26.55424690 74.40803528 7.41113710
-37.06224823 71.23403931 6.72013712
-37.21624756 81.07803345 31.97913742
-27.75324440 75.37203979 9.63513756
-42.94424438 76.08503723 43.17314148
-42.97924805 76.81903839 43.29314041
-45.85025024 75.32303619 21.14313698
-27.45024681 67.86203766 14.97813797
-26.51924706 76.87803650 34.45713806
-26.10524559 76.96103668 33.89613724
-36.87424469 81.82603455 31.87913704
-29.57524681 70.85403442 11.53613663
-43.85025024 71.86803436 21.69313812
-27.86324501 77.05403137 21.67113686
-43.99424744 79.82603455 14.11313820
-44.05624390 80.09803772 14.54813766
-41.12424469 83.51103210 37.55514145
-29.35224724 71.04803467 11.83713722
-32.90424347 70.62303162 28.99813843
-29.75024605 66.02803802 35.77114105
-28.85924721 65.97403717 34.33813858
-29.99024773 70.71103668 25.02713776
-31.10524559 70.67203522 24.75813675
-41.77624512 76.14403534 9.78313732
-24.01724434 87.12603760 19.60613632
-30.71124458 69.80103302 27.89113808
-31.22924614 70.15903473 28.18613815
-30.85724449 70.72703552 24.25813675
-27.16024590 80.87303162 42.10414124
-30.78724480 67.40803528 27.82013702
-43.75024414 81.04603577 22.22613716
-38.56324768 68.92003632 21.55013657
-38.14024353 68.75003815 21.13313675
-38.31024933 68.72603607 21.41813660
-38.22824860 71.44803619 28.01613808
-24.39524651 71.68303680 41.19713974
-24.65524483 71.29703522 41.73913956
-34.86524963 84.82103729 38.93914032
-23.38324547 70.14703369 20.75613785
-23.18224525 70.28903198 20.26013756
-33.45624542 84.23303223 34.65313721
-33.10124969 84.19703674 34.43313980
-33.39924622 84.31103516 34.34713745
-24.73524666 79.00103760 25.67413712
-24.48824501 78.65303802 25.42013741
-42.90024567 80.06203461 35.29114151
-42.81524658 80.51403809 35.32014084
-20.24424553 73.08103943 4.71713686
-20.23924446 73.43103790 4.80013704
-27.24424553 72.28603363 17.67613792
-19.86424637 73.16903687 4.54713678
-33.33824921 68.97503662 23.00213814
-27.60624504 70.94503784 39.50614166
-19.45824623 71.60704041 3.48813677
-40.41324615 79.30003357 35.01813889
-40.76324463 78.80703735 34.95613861
-29.42624474 86.45404053 16.22113800
-41.09924316 71.38203430 12.43013763
-43.22324371 71.99703979 14.74813652
-28.17724800 70.37803650 39.31713867
-42.63124847 78.79703522 5.93913698
-43.00024414 80.20703125 5.75613689
-43.22724915 79.31604004 5.77313709
-29.10624504 86.79603577 35.01913834
-27.01124763 72.92503357 13.44113731
-27.20824623 72.74603271 13.29513741
-20.72924614 73.40003967 7.47213697
-20.51924706 73.52403259 7.35513687
-32.61024475 86.10803223 4.46913719
-25.19524574 83.93703461 27.78113747
-38.34324646 83.35103607 8.78213692
-31.93824577 86.04904175 4.43113708
-32.03125000 66.71303558 17.17713737
-23.91024590 83.51303101 25.00513649
-23.28924751 83.18103790 23.48913765
-28.73924446 83.03003693 11.53313637
-24.44924736 68.82203674 26.18113708
-39.65224457 83.88203430 22.80413818
-37.97024536 69.20003510 14.28713799
-36.97024536 69.06203461 14.04213715
-24.18624687 68.56903839 26.16913795
-24.62524605 68.45203400 27.24213791
-39.33024597 84.11303711 22.62713814
-32.68324280 70.62004089 26.47213745
-24.21324730 74.18803406 25.75613785
-19.56124496 80.76403809 4.34313679
-19.85224533 81.09204102 4.53913689
-39.34924316 72.34903717 6.40813732
-24.14824486 74.65403748 25.26513672
-24.02824593 75.24603271 25.20813751
-40.14424896 80.26403809 37.70814133
-40.83724976 80.31503296 37.76314163
-37.44024658 85.33303833 35.79413986
-36.83324432 85.58303833 36.10013962
-37.15324402 85.39503479 35.75513840
-24.81224632 72.74703979 25.08213806
-27.46624565 81.25303650 11.17413712
-41.29524994 82.00703430 11.39613724
-41.68924713 81.41503906 11.36013794
-42.56924438 70.81403351 38.35813904
-42.32924652 70.77903748 37.49514008
-41.64624786 71.42403412 24.85513687
-41.53924561 71.66903687 25.35613823
-26.21924782 79.71403503 9.15513706
-42.26224518 76.05803680 34.90913773
-42.18624878 75.55104065 34.94413757
-40.88024902 83.52104187 13.88013649
-33.62524414 69.67703247 32.62014008
-33.89124298 69.77503967 32.67013931
-25.46924782 71.60704041 27.21413803
-25.96024513 71.55104065 28.59713745
-39.11024475 68.29703522 25.36413765
-23.44924736 81.71803284 9.07913780
-25.69224739 75.30003357 39.52214050
-26.42224693 78.85403442 44.91614151
-44.06124878 74.67503357 37.84014130
-44.40324402 74.91304016 39.94813919
-33.26725006 69.48103333 33.18914032
-44.62224579 75.11403656 3.24613690
-44.65024567 74.87603760 3.32113695
-44.70224762 75.08503723 3.61513686
-45.72224426 79.15303802 17.65513802
-24.66724586 87.14103699 22.00513649
-40.86724854 83.27903748 22.76613808
-39.86624908 83.78604126 22.30813789
-27.27524757 71.94703674 39.14813995
-37.02124786 84.36603546 5.56213665
-38.01424408 84.11403656 5.60313702
-26.40324593 80.42103577 14.45713806
-40.59024811 83.44303894 22.34713745
-31.78624535 67.37303162 3.90413690
-32.11724854 67.42603302 3.95613694
-32.31524658 67.63703918 4.57113695
-31.35824776 81.29603577 24.28113747
-31.82724571 81.56003571 24.01713753
-28.33024788 82.75903320 10.97613716
-28.68524742 83.18703461 11.03313732
-40.67124939 83.52003479 22.13313675
-32.90924835 86.40603638 44.03614044
-31.91624641 86.32803345 44.26713943
-27.86024666 78.34003448 21.05013657
-26.07824516 77.19303894 44.66413879
-26.28024483 79.92703247 15.10013771
-26.21624565 74.11303711 30.38813782
-28.19124794 78.60504150 21.76213646
-41.62624359 77.08703613 6.39613724
-23.80624580 74.92503357 43.72214127
-42.68224335 76.30003357 41.94213867
-27.12924767 69.83003235 9.27813721
-27.51224709 69.76903534 9.32913780
-43.44124603 78.54503632 35.26713943
-43.59024811 78.75003815 35.54013824
-43.74724579 77.61003113 35.51314163
-43.57124329 77.82803345 35.23814011
-22.94424629 84.11103821 6.38213730
-28.79924583 80.96503448 34.04213715
-41.97824860 83.47603607 43.59513855
-41.59124756 83.93303680 43.61714172
-24.24024773 74.35003662 7.15613699
-26.26624489 70.67103577 15.02513695
-36.70224762 83.49103546 35.29314041
-29.68324471 82.87803650 25.85613823
-29.35624504 83.08003235 24.63113785
-40.32524872 79.00103760 29.52613831
-27.33324623 76.10203552 20.51013756
-25.29824638 68.59603882 6.87713718
-25.50924492 68.49703979 7.01213741
-25.20224571 68.47503662 6.48913670
-25.51824760 68.44104004 6.47713709
-36.40224457 73.42003632 37.93214035
-44.35224915 74.87803650 14.04813766
-30.46124458 70.28303528 26.35113716
-30.69924736 70.46503448 26.24613762
-24.76924706 73.36903381 45.50914001
-30.13024712 70.60903931 25.31613731
-29.90424538 70.36803436 25.54313660
-20.74224663 71.59503174 5.58013725
-20.62124443 71.72903442 5.80013704
-30.40524483 67.26004028 4.36413670
-30.59924507 67.44104004 4.57613707
-19.41624641 76.49403381 3.98213696
-41.14225006 82.90303802 23.65013695
-41.19324493 83.13103485 22.64313698
-23.08524513 83.80203247 16.71213722
-35.75325012 85.15803528 19.33113670
-42.36924744 76.99003601 26.95813751
-42.69524384 77.25403595 26.47513771
-39.10724640 72.47203064 8.10013771
-42.18524933 69.31703186 3.89413691
-40.69224548 79.59303284 34.99313736
-40.33524323 79.68703461 35.06613922
-23.05324745 66.14303589 22.69713783
-40.28524780 72.81303406 27.92213821
-40.48024750 73.01303101 27.86413765
-21.26124763 74.17403412 7.04413700
-25.80424690 70.58103943 45.24514008
-28.26024437 77.83003235 8.36313725
-38.28924561 85.63703918 4.76213694
-38.61124420 85.62004089 4.66113710
-27.96124458 79.66104126 20.19813728
-28.14724541 79.82303619 20.33113670
-44.87524414 80.82803345 4.19413710
-36.95124817 82.22603607 34.75413895
-26.93524742 75.35403442 36.08314133
-43.94424438 82.65403748 3.80313683
-30.71624565 65.77403259 32.39613724
-43.13224792 70.01703644 4.79513693
-42.89324951 69.76503754 4.73013687
-30.68724632 86.17003632 3.21613693
-31.12124443 86.17503357 3.30413699
-31.50424767 86.23503113 3.61113691
-30.45624733 65.76803589 32.85413742
-30.66324806 65.86803436 32.65414047
-27.25424767 84.19104004 43.46014023
-43.40424347 71.76903534 39.66614151
-27.61224556 81.76503754 20.79313660
-30.33224678 65.77703857 33.50313950
-27.79124641 72.99203491 10.78113747
-27.69324684 66.20303345 19.35313797
-24.98024559 80.85403442 9.56913757
-42.14824677 71.91203308 35.11214066
-27.80824471 73.25503540 10.41713715
-29.05324745 68.79203796 28.72313690
-29.32424736 68.74603271 28.35313797
-29.84624672 68.67003632 28.75213814
-41.88424683 70.85503387 35.77014160
-24.54624748 68.68503571 6.63413715
-41.81524658 70.91703796 35.41814041
-27.71624565 83.62603760 30.18913841
-28.10324669 83.69403839 31.03413773
-29.46724510 68.76103210 28.97413826
-23.98724556 68.39203644 15.29113770
-22.87624550 84.61103821 23.93413734
-22.64424706 84.39804077 23.43113708
-23.02324486 84.24603271 24.12213707
-28.57224464 82.57603455 45.40414047
-40.09424591 71.85704041 27.26513672
-25.92924690 76.68603516 29.96413803
-25.98224449 77.15803528 29.88613701
-32.01725006 68.80103302 34.90113831
-25.52324486 83.81803894 15.43313789
-25.60424614 82.81503296 40.39213943
-25.30224419 82.40303802 40.66913986
-42.21324921 78.38603210 10.32313728
-42.34924316 78.79303741 10.61513710
-42.30825043 79.36103821 10.78113747
-28.29924583 78.54503632 34.29513931
-41.44924927 82.15703583 5.71613693
-26.22424507 81.71403503 21.52713776
-26.05124474 81.48204041 20.04313660
-25.83724785 81.83203125 21.87513733
-32.19424438 86.04403687 17.08213806
-25.44924736 75.18803406 32.49613953
-25.07524681 66.50703430 15.86613655
-23.17524529 76.32203674 37.93214035
-23.40824699 76.43303680 37.75313950
-20.18924522 79.28804016 7.66613722
-19.42524529 79.11003113 6.87213707
-25.36324501 79.27703857 45.65814209
-28.17424583 82.40903473 10.97913742
-43.70924377 76.65703583 5.77313709
-32.23424530 84.69403839 5.58013725
-28.41724586 83.92503357 34.70213699
-38.98724365 67.81103516 38.53113937
-39.58524323 67.97703552 39.05714035
-30.50524712 70.44104004 11.85313797
-30.52024651 70.26203918 12.31813812
-42.94624329 81.69203186 22.70613670
-25.37624550 77.06703186 6.24713707
-28.81424522 85.66603088 15.64913750
-28.21524620 81.21603394 20.14113808
-30.71624565 70.28804016 11.75613785
-39.36324310 79.83303833 34.86713791
-39.63824463 80.03103638 35.02914047
-39.94424438 71.44203186 34.84413910
-38.69824982 80.10103607 32.84013748
-32.78524780 69.58203125 11.55613708
-32.62224579 69.59503174 11.87613678
-32.31824493 69.69503784 11.62513733
-38.68124390 80.12903595 32.60113907
-29.79524803 70.59603882 12.44613647
-29.18624687 70.82703400 12.84613800
-20.33924675 71.26203918 6.19013691
-20.49924660 70.77603149 5.90213680
-29.37624550 67.95803833 15.11713791
-29.08324623 67.82103729 15.10913658
-37.91624451 81.47103882 28.16113853
-25.84724617 71.22803497 17.59113693
-25.37824440 71.18103790 17.38313675
-25.66324425 71.16903687 17.60313797
-41.07024384 80.06103516 9.18613720
-30.24624443 68.89003754 44.74214172
-33.85624695 71.06003571 28.91113853
-27.48724556 84.80703735 34.33613968
-37.07024384 68.18603516 4.67113686
-28.35024452 70.27003479 45.08113861
-29.19624519 69.55603790 44.94013977
-29.66924477 69.19203186 44.88314056
-27.75924492 85.18703461 35.00114059
-40.73424530 83.31103516 12.79613686
-41.51624298 82.79403687 13.21013641
-40.89624786 83.04703522 12.45513725
-27.34124565 65.60603333 24.46813774
-27.52724648 65.65003967 23.92513657
-25.14424706 85.37903595 16.02613831
-31.42024803 85.97503662 45.19614029
-31.30424690 86.10803223 45.17914200
-27.03924751 77.36103821 35.00013733
-42.92024994 70.72803497 3.30913687
-25.74424553 65.94403839 28.41413689
-42.42824554 75.69104004 5.97713709
-42.46324921 76.47403717 5.99413681
-33.04024506 70.36603546 24.18913651
-44.53125000 81.03703308 18.01313782
-23.80324745 70.79203796 16.58113670
-41.60324860 70.15703583 36.82614136
-40.21624756 84.26103210 17.48313713
-39.35324860 84.57103729 16.84513664
-27.47524452 72.62703705 12.44813728
-27.65024757 72.22503662 12.74913788
-39.67824554 74.08003235 32.21714020
-40.56424713 81.65303802 39.05913925
-22.03824425 70.23603821 17.17913818
-28.67124748 68.88603210 36.42213821
-26.76624489 84.73004150 6.78213692
-24.69124413 84.57603455 7.01813698
-26.14424706 79.09703827 15.72313690
-20.57524681 77.20903778 5.23213673
-35.22424316 87.08703613 42.04214096
-46.17724609 76.58003235 18.18513680
-25.98024559 69.36303711 40.23213959
-25.74924660 69.61803436 40.54613876
-40.31324768 74.37703705 29.90313721
-39.89624786 73.59103394 29.69113731
-39.61924744 73.36803436 29.93013763
-44.18724823 79.66703796 42.94713974
-36.18624878 81.97303772 30.59113693
-36.17524719 68.63103485 25.04213715
-35.52424622 68.98403931 24.83813667
-33.32524872 82.14903259 24.02313805
-36.91424561 67.58603668 20.70013809
-36.18924713 70.46703339 32.83213806
-36.03024292 70.31103516 32.81013870
-20.30024529 71.60503387 6.23413706
-20.13024521 72.21003723 6.51913738
-40.91925049 78.67403412 34.97613907
-24.01524544 83.00003815 16.25513840
-23.75224495 82.57003784 16.54913712
-24.18824577 70.14403534 20.57713699
-40.83424377 79.34103394 35.04113770
-35.49824524 69.96803284 9.48113728
-32.29724884 68.97503662 15.00813675
-31.55524635 68.93603516 15.13013840
-28.28624535 83.31703186 36.49314117
-19.45124626 81.53804016 3.99613690
-44.29324341 73.15103149 15.15513802
-43.95524597 72.58003235 15.25613785
-22.63824654 71.34303284 7.66013718
-22.68024635 70.68803406 7.57313728
-41.52024841 72.53103638 26.33513832
-44.37224579 73.50303650 42.34313965
-24.92524529 79.29603577 8.12913704
-28.37724495 69.81403351 20.60413742
-21.06724739 69.56103516 4.21813679
-26.91724586 83.50303650 28.56013680
-40.51424408 69.75803375 35.22713852
-36.21424866 70.73003387 26.72113800
-35.46624756 82.63203430 33.34413910
-35.43324280 82.81903076 33.57814026
-25.62724495 82.21903992 9.88213730
-20.40624428 72.27603149 4.64713669
-30.38024712 84.54003906 10.88613701
-30.27924538 84.65003967 10.58413696
-30.83424568 84.73004150 10.77413750
-33.93124390 84.08303833 23.45013809
-24.77824593 74.76203918 27.38113785
-29.11124611 85.40803528 23.72613716
-28.92724800 85.61903381 23.43113708
-40.32225037 76.49703979 31.97213745
-40.23024750 77.23803711 31.96113777
-21.11424446 67.18303680 18.43813705
-21.24824715 67.10003662 19.14013672
-24.16924477 75.70803833 25.80813789
-40.26024628 77.19503784 32.16713715
-24.39024544 72.88103485 7.98313713
-29.11724663 82.78804016 24.93213654
-29.22324562 82.74903870 25.48313713
-23.69024467 73.62603760 41.61014175
-23.53724480 74.37403870 41.40013885
-23.62724495 73.80503845 41.22314072
-25.90224648 68.54203796 7.72713709
-25.68024635 68.54503632 7.55713701
-31.05924797 68.70103455 30.95013809
-30.68424797 68.72003174 30.69513702
-25.20524788 68.73903656 7.24013710
-25.21424675 68.87503815 7.78013706
-41.01024628 80.70303345 35.14113998
-36.02524567 69.71303558 25.61913681
-28.05024529 87.25303650 25.91013718
-28.21924782 87.24304199 25.58813667
-34.13424683 84.74703979 42.50114059
-25.10624504 81.61303711 16.67313766
-25.20924568 75.55303955 23.69013786
-25.48224449 75.38603210 23.45913696
-27.59324455 87.26103210 25.41613770
-26.24624443 81.16403198 16.31413841
-25.79624748 81.28403473 16.68613815
-26.11524773 81.21803284 16.53613663
-40.83724976 69.94803619 43.52114105
-40.61024475 70.35203552 43.54714203
-31.01724815 65.82103729 32.64513779
-31.95724678 65.95603943 34.33613968
-36.24324799 66.00303650 41.95314026
-35.36224365 65.88103485 42.33514023
-41.68724823 73.41304016 38.45613861
-28.53024483 83.99304199 14.58713722
-28.20624733 83.90203857 14.72513771
-36.29524994 68.11603546 35.15113831
-36.57224274 68.06103516 35.29114151
-23.44924736 68.34003448 24.97513771
-23.44524574 68.11803436 25.14913750
-36.90424347 70.44104004 34.59013748
-41.04724884 81.44703674 35.23213959
-31.08124733 66.59703827 16.85413742
-37.09824371 70.53003693 34.59613800
-36.56724548 70.16003418 34.64014053
-23.28324699 69.95503235 21.47013664
-44.68924713 76.22003174 42.09814072
-36.71024323 69.92303467 34.64913940
-28.50724602 81.45503235 33.01514053
-27.63224602 87.08103943 21.43413734
-27.97024727 86.98004150 22.18813705
-27.72824669 87.12303162 22.31213760
-26.33524513 76.19403839 17.49713707
-26.44524574 75.62803650 17.73313713
-29.68124580 66.57603455 18.48713684
-33.29124451 68.31703186 34.32513809
-20.60724449 77.58103943 5.39113712
-28.25624657 67.52503967 37.30614090
-28.08424568 67.58103943 36.78813934
-28.36024666 67.30603790 37.55014038
-28.27824593 81.03503418 32.68413925
-38.38624573 68.69903564 5.29313707
-26.81424522 73.27703857 14.09513664
-41.72624969 74.29403687 37.61114120
-26.78524590 74.38603210 18.14213753
-21.12224388 83.08203125 7.25813723
-20.80524635 82.93103790 7.36113691
-26.94124794 73.79503632 18.33713722
-41.67424774 70.02803802 17.23413849
-41.62624359 70.10503387 16.57613754
-42.11324310 70.39903259 16.54213715
-21.15224648 68.93303680 7.06113720
-21.02324486 68.85503387 6.84913731
-44.95224762 78.60403442 15.19513702
-45.88924408 76.83403778 21.42413712
-24.51324654 68.97803497 25.87213707
-24.96524620 68.90103149 26.80413818
-36.85824585 68.45003510 34.96213913
-21.25324440 68.82803345 16.73613739
-33.65024567 81.90903473 25.72813797
-33.51324463 82.11703491 24.61213684
-27.23924446 80.78303528 18.71613693
-27.49724770 80.87203979 19.17813683
-36.79824829 84.86303711 18.10513687
-37.60924530 84.77803802 18.70313835
-40.13224792 84.94903564 24.85213661
-40.02824402 84.86203766 24.31713676
-36.77624512 84.88003540 18.40013695
-42.28125000 74.33503723 34.96714020
-40.71424866 72.94303894 10.07413673
-42.38824463 73.02703857 35.02713776
-42.38224792 72.34403992 35.12313843
-42.68724823 73.05703735 35.07613754
-24.76624489 77.05203247 32.43513870
-24.55224419 77.06303406 31.98613739
-22.43224525 85.07403564 22.87413788
-22.79724693 85.05703735 23.67513657
-28.25024605 70.38603210 20.22213745
-43.37024689 78.02903748 35.15513992
-43.52024841 78.09703827 35.30014038
-20.42324638 70.25303650 6.90013695
-20.28824425 70.39003754 6.75513697
-38.76924896 68.83903503 35.18914032
-27.54424477 85.80403137 15.70913696
-28.35124779 75.23703766 8.18613720
-28.35224724 75.44303894 8.36713696
-28.28724480 74.88103485 8.28813744
-21.36224556 84.29803467 4.76313686
-21.11024666 84.37203979 4.51913691
-29.89224434 83.54203796 31.08213806
-20.09524536 75.49103546 4.89813709
-35.92124939 82.60504150 33.06613922
-34.02024841 85.07704163 17.83313751
-26.18624687 72.23303223 10.07413673
-26.05424690 72.54203796 9.91713715
-26.83224678 72.52603149 10.23613739
-26.69024467 71.99903870 10.36713791
-26.55424690 72.39703369 10.22013664
-34.46824646 84.41203308 35.05014038
-31.38524437 66.99703979 29.04913712
-29.21824455 83.92003632 23.77913666
-29.23824501 83.48204041 23.92113686
-28.35424614 75.27503967 7.60413694
-28.37024498 75.93403625 7.45113707
-28.42124748 75.44003296 7.67713690
-39.41424561 73.63003540 31.87313843
-28.11024666 68.75203705 36.77313995
-39.58224487 85.44603729 43.87414169
-28.01324654 86.47703552 34.11513901
-27.75724602 68.56703186 37.47214127
-20.10124588 72.11703491 6.72113705
-20.18924522 72.09204102 7.21213722
-27.40524483 68.19403839 41.96014023
-28.07424736 67.83603668 43.79114151
-27.59024620 68.12303162 43.05913925
-21.86224556 69.06303406 4.92413712
-35.92624664 67.67303467 23.67513657
-43.01024628 83.52003479 4.71313667
-41.01024628 68.48003387 41.41413879
-41.26924896 68.75503540 41.31314087
-41.06524658 68.61703491 41.26613998
-21.74824715 74.96903992 5.59213734
-26.96824455 71.72903442 15.71013832
-26.88724709 71.80803680 16.03413773
-42.02124786 84.39503479 4.59913683
-42.53924561 83.85203552 4.95913696
-42.28224945 84.17604065 4.59413719
-36.19924927 82.78804016 34.30213928
-34.98925018 86.11003113 3.58913684
-36.42224884 84.36703491 38.53713989
-41.91524506 76.66003418 6.20513725
-30.00824547 65.74003601 29.26613808
-28.32624626 65.62203979 29.06313705
-31.84224510 68.03403473 30.39813805
-32.25524902 68.09403992 31.16013718
-23.71724510 70.69203186 7.65913725
-23.68824577 71.57503510 7.85013723
-33.02724457 68.80203247 34.56414032
-29.18524742 65.66003418 29.60313797
-32.82324982 85.67503357 4.97613716
-29.37824440 69.62603760 42.92914200
-23.83324623 81.71503448 17.74713707
-23.79924583 81.84603882 17.57013702
-28.56124687 65.64103699 29.07413673
-29.14824486 65.66703796 29.23013687
-23.64724541 81.93003845 17.50913811
-20.88224602 85.55603790 3.24113679
-20.45124626 84.88403320 3.56813693
-19.04424477 81.27703857 3.50013685
-28.46824455 65.63103485 28.79313850
-28.66124535 65.71903992 28.94713783
-22.97624397 82.08303833 17.79413795
-28.92224693 65.70303345 29.20013809
-39.76424408 78.71803284 32.29913712
-29.08724785 83.97903442 13.92313766
-28.90224648 84.04703522 14.19813728
-26.59024620 68.82703400 8.26713753
-30.54824638 66.22203827 43.57413864
-30.75724602 66.17003632 43.61513901
-32.60824585 84.73603821 7.59313726
-33.83124542 85.21303558 15.40713692
-26.46724510 84.12203979 30.57713699
-32.78224945 85.18203735 15.84013748
-29.78524590 86.98004150 17.94713783
-26.38724709 77.74003601 17.34813690
-35.01824951 70.40303802 30.17113686
-37.05724335 85.41003418 20.94113731
-36.31724548 85.34403992 20.05713654
-38.86425018 83.73803711 44.07213974
-26.37624550 77.45404053 17.62713814
-26.24324608 77.54103088 17.00513840
-27.23624611 74.00603485 32.89014053
-42.23224640 82.96003723 15.79813766
-30.61824608 83.87103271 45.03314209
-29.95424461 83.72303772 45.30514145
-24.60224724 81.43904114 39.93814087
-40.05825043 78.12603760 31.94213867
-39.79824829 85.50603485 3.15513682
-40.48324585 73.25403595 28.08513832
-40.79224396 73.17203522 27.70313835
-27.11024666 72.90703583 32.02613831
-41.80024719 70.46803284 22.29113770
-19.37224579 82.59703827 6.70913696
-27.28324699 72.25603485 31.95013809
-35.29424286 81.55703735 29.66113853
-28.04824638 71.74203491 35.03813934
-27.85424614 72.07303619 34.94413757
-27.87324715 72.04503632 35.18513870
-31.99324608 86.71504211 19.14413834
-37.46724701 71.88103485 34.13013840
-34.10824585 78.40103149 38.31314087
-33.60424805 79.75804138 38.39413834
-34.18724823 80.31903076 38.33813858
-33.76424408 80.12303162 38.37313843
-27.64224434 71.98103333 32.43113708
-24.70824623 78.29703522 45.64014053
-24.82424736 72.25003815 25.46013832
-25.04824638 71.90403748 25.64413834
-25.74924660 71.46103668 25.74813652
-25.18224525 81.45703125 16.96513748
-32.63824463 86.25303650 3.73013687
-30.44924736 85.89203644 45.11814117
-43.60924530 73.16703796 37.40713882
-38.10025024 85.22703552 5.05013704
-38.36724854 84.58103943 5.34913731
-26.85324669 65.67703247 20.55413628
-34.20124817 84.86203766 38.96414185
-34.08824921 84.78703308 38.81813812
-40.13424683 82.34503174 42.76213837
-33.73024750 66.84803772 34.54813766
-19.73624611 78.65703583 6.96313715
-19.80224609 78.94603729 7.30113697
-32.28924561 69.35704041 13.72313690
-32.27424622 69.09503174 14.59313774
-32.56424713 69.16903687 14.32313728
-24.43024635 85.89403534 3.63113689
-32.79224396 86.41203308 32.49713898
-27.13024712 74.43803406 32.74113846
-39.81424713 74.84403992 34.05413818
-22.70324516 86.43203735 21.55213737
-22.82424736 86.60704041 21.30813789
-24.39924431 84.45703125 6.27313709
-24.53024483 84.46003723 6.03913689
-24.48524666 84.38403320 5.68913698
-25.01624489 84.51103210 6.07213688
-33.66724396 68.11303711 40.33613968
-33.22224426 68.11203766 41.33013916
-21.14524651 69.85503387 5.36413670
-25.21724510 72.09803772 9.60513687
-25.52124596 72.07603455 9.76713753
-25.01724434 71.80203247 9.49813652
-27.07524681 66.78703308 32.97813797
-35.04524994 83.51703644 38.37213898
-35.74324799 84.41003418 38.49713898
-34.88824463 85.04303741 10.50013733
-34.15724945 85.09903717 10.25913715
-26.63624763 66.54803467 31.81913757
-26.19224739 66.78804016 31.17913818
-21.55624580 78.91203308 7.46613693
-31.51824760 87.06604004 36.52714157
-32.14024353 87.08603668 36.58013916
-26.41124535 66.71003723 31.56013680
-26.31724739 66.48203278 31.09913826
-21.67224693 66.74303436 20.07813644
-21.50224495 67.00503540 19.96013641
-32.15824890 87.05603790 35.79214096
-33.14225006 87.03503418 36.44313812
-41.66824341 77.06303406 34.95213699
-38.51424408 69.70703125 12.97413826
-34.39924622 86.95703125 43.27714157
-34.52524567 86.89804077 43.33613968
-20.63724709 72.37303162 5.69613695
-38.49924469 83.52803802 27.11813736
-21.78024483 86.24403381 18.65713692
-26.18124580 78.92203522 42.23114014
-22.98024559 82.30104065 7.81013727
-26.14024544 77.66304016 30.45913696
-44.59624481 77.14103699 42.85113907
-44.69624329 77.06203461 42.65013885
-44.72324371 76.59003448 42.60913849
-38.53824615 80.22403717 32.31313705
-38.79624939 80.01203918 32.10313797
-26.94524574 85.76703644 4.38313675
-35.50724792 68.37903595 38.39213943
-35.16824341 68.39803314 38.22713852
-35.34224701 68.57903290 38.09914017
-24.08124733 82.20603943 16.68713760
-29.39424706 71.87403870 21.50913811
-28.93524742 72.23204041 21.20013809
-43.22525024 70.95303345 41.78013992
-23.39324760 81.99103546 17.49013710
-32.42124939 84.84603882 31.44913864
-31.84924507 84.64503479 30.26413727
-31.34524727 65.89803314 34.85813904
-43.65024567 71.62703705 3.37613678
-43.72224426 71.58303833 3.85913682
-23.34624672 67.86003113 4.36413670
-23.42324638 81.24403381 9.10013771
-25.71424675 81.84303284 9.97513771
-21.70124626 67.11503601 16.45213699
-21.77724648 67.36903381 16.34213829
-23.11024666 81.33203125 8.54313660
-23.21824455 81.54203796 8.91413689
-23.39324760 81.39003754 9.06413651
-26.48824501 79.27903748 45.45214081
-26.53024483 74.76203918 12.84113693
-35.68624878 67.87103271 3.25113678
-36.46324921 67.99803162 3.48313689
-27.66924477 73.94403076 22.17613792
-27.93624687 73.79003906 21.96813774
-27.70924568 74.47203827 21.94313812
-37.98324585 70.60903931 10.26913738
-33.05824280 66.12803650 35.90713882
-33.90324402 66.24803162 36.61814117
-22.55524635 86.77304077 19.43113708
-22.78224754 86.86403656 19.14513779
-23.30224419 87.00103760 19.10513687
-32.92924500 66.46503448 32.87813950
-27.17024422 70.09303284 20.77713776
-27.05924797 69.97203827 21.26213646
-33.58024597 66.17903137 36.53813934
-31.19224739 68.74903870 32.87213898
-30.10824776 68.71203613 31.99213791
-31.12224770 83.43803406 21.56213760
-30.84524727 83.83703613 21.21913719
-23.23124504 66.71903992 15.89213753
-42.18124390 70.64203644 43.28614044
-26.41624641 75.06803894 6.59313679
-28.13124657 83.02203369 12.96413803
-25.00324440 70.52703857 39.81613922
-42.87924957 72.75403595 24.67713737
-30.33924675 69.31103516 32.97813797
-25.86724663 78.40203857 40.81914139
-25.97324562 78.84503174 39.84614182
-42.60025024 72.10803223 24.37313652
-38.61724854 67.80103302 23.37713814
-38.86224365 67.92403412 23.54713821
-29.86724663 83.47003174 45.20314026
-21.13424492 84.54803467 18.83213806
-21.34524727 84.95003510 19.97213745
-21.24224663 84.83403778 19.56513786
-34.59824371 81.56803894 28.74013710
-34.56524658 81.62803650 28.40313721
-28.68524742 67.90403748 38.67314148
-28.72624779 67.82603455 39.08514023
-29.21924782 67.35803223 40.53514099
-25.47824669 77.53903198 30.79413795
-35.24224854 81.79803467 27.61713791
-35.21824646 81.66304016 28.23313713
-34.72124481 81.71403503 27.82613754
-37.47724915 86.26903534 42.22613907
-37.54424286 86.17003632 42.07213974
-28.59224510 82.44203186 23.93813705
-27.43924522 82.03403473 23.00913811
-27.92824745 82.17103577 23.09213829
-39.64624786 79.48703766 37.70814133
-40.25824738 77.51903534 37.62014008
-25.41524696 71.51103210 25.99413681
-37.44224548 76.23204041 37.87614059
-38.13624573 76.77803802 37.82014084
-34.99124908 67.11003113 19.11213684
-38.45124817 78.36103821 37.82114029
-38.18924713 77.48204041 37.85913849
-31.65424538 68.26503754 30.40513802
-31.11024666 68.65503693 30.42113686
-34.45224762 67.14203644 18.33813667
-34.93224335 67.25103760 18.74813843
-34.37324524 66.99703979 18.52313805
-26.55424690 76.53503418 35.15214157
-37.04724884 77.55403137 37.94213867
-41.83724976 75.75303650 27.54013824
-37.71024323 80.94803619 29.88613701
-41.98324585 74.32803345 26.91013718
-36.37825012 67.29303741 22.97013664
-37.37324524 67.47603607 24.06113815
-36.95524597 68.01903534 20.07413673
-35.07924652 68.61303711 16.41913795
-42.12224579 74.62603760 26.84213829
-21.93624687 86.38903809 18.95513725
-22.06824684 86.48004150 18.62413788
-22.24324608 86.62203979 19.18213654
-27.89024544 83.67503357 14.48613739
-28.63124657 83.88403320 35.90613937
-28.89724541 83.79203796 35.73413849
-29.35624504 83.77503967 35.71113968
-41.88324738 74.79903412 27.20213699
-41.94324493 74.68603516 26.98913765
-41.87124634 74.37403870 27.08313751
-28.96024513 83.58203125 36.11613846
-28.56124687 83.51503754 36.32814026
-26.23024559 78.05403137 11.96413803
-26.32424736 86.09603882 4.15313721
-44.92724609 74.01803589 22.64913750
-45.27924347 74.98603821 22.52713776
-45.05524445 74.61003113 22.74313736
-30.44424629 69.53903198 30.13413811
-29.72724724 69.52003479 30.31913757
-28.82024574 68.81903839 6.26813698
-45.10624695 75.07003784 22.85813713
-45.33124542 75.48803711 22.60613823
-26.70524788 75.57904053 34.80714035
-26.66624641 75.60603333 34.93413925
-37.13524628 85.79703522 4.86713696
-36.78424835 85.82303619 4.73913670
-27.68224525 68.51203918 6.00213718
-27.20924568 68.45703125 5.68613720
-28.39524651 68.68703461 6.05813694
-30.62324715 69.64203644 28.34313774
-30.23624611 69.73003387 28.28913689
-20.91924477 84.02603149 4.85813713
-32.16124725 67.08403778 19.53513718
-21.65624428 82.73803711 19.76913643
-28.45124626 68.32903290 36.31013870
-28.28024483 68.27303314 36.53713989
-38.19524384 68.46303558 43.88613892
-38.97924805 68.36803436 43.78213882
-35.26624298 70.21403503 32.67113876
-34.63224792 70.05803680 32.95613861
-31.81824684 68.22203827 15.68813705
-22.56124687 66.29403687 21.75513649
-28.63924599 68.56403351 36.31414032
-43.18424988 71.74803162 15.11313820
-34.83624268 70.45404053 32.25513840
-29.62124443 69.38103485 9.67413712
-29.27324486 69.25003815 9.44913673
-29.01924706 69.48703766 9.59413719
-29.24524498 69.54703522 9.65713692
-20.77524757 73.37903595 5.72113705
-20.67824745 73.35103607 5.87813711
-40.79524994 75.95503235 7.48213720
-40.85924530 76.72803497 7.69013691
-38.34324646 70.77403259 34.78413773
-27.92624474 79.86603546 23.70513725
-28.28724480 80.15703583 23.92613792
-35.09024811 82.19903564 32.53513718
-28.21324730 84.64103699 45.15314102
-28.01024437 84.44803619 45.37813950
-26.93924522 75.57603455 22.47913742
-28.30024529 84.59303284 45.36714172
-28.26524544 68.59803772 36.70314026
-24.41024590 83.87403870 8.58313751
-24.51024437 84.23004150 8.22313690
-28.97324562 71.46403503 23.60213661
-33.36224365 67.46003723 21.16613770
-32.25124359 86.33403778 44.94113922
-31.27924538 69.43403625 31.64413834
-38.86224365 84.16903687 35.52014160
-39.02824402 84.52503967 35.72713852
-25.88124657 74.82904053 30.37813759
-25.97724724 74.68503571 30.34913826
-25.93324471 74.76703644 30.58413696
-39.25424957 84.56803894 35.84313965
-38.70324707 84.73303223 35.67713928
-39.46524811 84.49203491 35.93714142
-24.00824547 76.34003448 25.01713753
-32.85024261 86.95003510 34.10813904
-31.59424782 84.48303223 39.98913956
-30.66924477 83.99103546 41.76113892
-30.80024529 68.73103333 20.36913681
-31.08924675 68.73903656 20.40313721
-33.31224823 86.89303589 35.76013947
-38.99524689 68.80503845 22.59713745
-41.35324860 83.01103210 26.15913773
-41.24924469 83.52304077 25.93513680
-38.09924316 72.40203857 31.76913834
-29.90724754 66.91103363 44.77714157
-38.12024689 71.14103699 27.57713699
-38.85025024 68.53203583 22.39813805
-38.73224640 68.32103729 22.45713806
-22.49624443 81.99903870 19.04113770
-22.45624733 82.04803467 18.65813828
-30.79124641 84.61203766 11.37413788
-30.71924782 84.50903320 11.69513702
-30.73524666 85.46003723 27.54913712
-31.17924690 85.33303833 28.50413704
-27.52024651 84.62103271 39.74414063
-27.24724770 84.35704041 38.62913895
-38.61924744 72.56803894 30.61913681
-33.75224304 70.64804077 26.70113754
-38.30424500 80.81703186 34.48313904
-33.90724945 81.84503174 29.44913673
-34.01224518 82.24903870 29.89713860
-45.69224548 73.90103149 18.50113678
-45.63424683 73.77304077 19.28213692
-45.76424408 74.15503693 19.55813789
-25.83424568 79.17003632 28.42813683
-25.69124413 78.79903412 28.53413773
-42.12024689 82.37203979 22.94213676
-23.45924568 81.99003601 9.06913757
-34.96024323 70.39804077 29.95513725
-34.84924316 70.42203522 30.12913704
-35.24624634 70.52003479 29.97113800
-41.66925049 81.92303467 25.38813782
-28.22524452 73.05203247 34.45013809
-45.00124359 77.56303406 3.46413684
-45.05124664 78.14303589 3.71413684
-33.90124512 67.59303284 3.84013700
-39.70824432 79.79003906 34.97813797
-28.25824547 83.86503601 33.88613892
-28.88124657 83.86403656 34.78313828
-39.53324890 72.68903351 8.43413734
-25.29524422 67.22303772 29.40413857
-23.93324471 67.47303772 26.41713715
-39.40124512 85.64503479 3.55113697
-39.00824738 85.76703644 3.59413695
-19.70224571 83.07003784 3.77313685
-30.66024590 68.86103821 38.71014023
-30.25424767 69.06604004 38.84313965
-23.26724434 74.00603485 7.49213696
-23.43024635 74.19703674 7.38913727
-26.39324760 78.08003235 11.46913719
-26.34224510 78.47103882 11.54513741
-26.53624535 78.03804016 11.16013718
-40.81224823 76.30403137 7.31813717
-32.76024628 69.44203186 12.82913780
-32.04124451 84.89403534 45.08113861
-32.44224548 69.59603882 12.39813805
-32.42924500 69.62403870 12.09513664
-27.11824608 66.03003693 16.88213730
-26.45624733 65.98403931 16.78413773
-19.32724571 74.53903198 3.88513684
-23.98624611 80.13703918 40.14514160
-23.87124443 79.72503662 40.72214127
-22.68824577 78.88403320 7.31313705
-40.91424561 69.99803162 5.49313688
-19.25924492 73.99803162 3.95213699
-32.96024323 69.48403931 12.54513741
-32.72124481 69.50403595 12.49513817
-24.17824745 78.37503815 6.53613710
-31.14624596 70.06003571 11.56413651
-34.54624939 84.88203430 39.48114014
-24.16524696 74.52803802 25.00013733
-36.24424744 71.24003601 28.43713760
-36.62924957 71.43603516 28.89213753
-23.55024529 65.56103516 19.96513748
-26.44824791 76.14603424 35.02113724
-41.38724518 78.31404114 34.94413757
-41.46125031 78.85403442 35.00214005
-41.56424713 77.71803284 34.92613983
-40.81524658 82.60303497 35.38713837
-41.17724609 71.11403656 25.01113701
-39.21424866 79.60003662 32.58713913
-23.59924507 67.93103790 6.11313725
-22.48224449 67.87003326 5.86913681
-22.24024773 67.95103455 6.41713715
-27.57024574 78.87503815 20.09713745
-30.23124504 66.56103516 44.01213837
-30.69524574 66.43103790 44.00614166
-28.48124504 82.56303406 21.41113663
-27.67924690 78.63803101 20.44913673
-33.62825012 68.05103302 42.58713913
-20.82524681 84.34003448 5.91313696
-30.08924675 69.47503662 20.86313629
-33.51224518 83.74003601 34.73513794
-21.57224464 84.22403717 6.39113712
-25.71124458 77.05403137 39.48313904
-25.91624641 78.44303894 39.53414154
-26.31724739 77.96003723 30.39513779
-26.16324425 77.72503662 30.26313782
-41.84724426 79.74803162 42.50814056
-41.79724884 79.71103668 41.69813919
-20.34924507 73.63103485 6.69813728
-44.35224915 76.33203125 38.90013885
-34.26924896 69.65903473 33.79813766
-27.74724770 81.81103516 11.30413818
-43.98524475 72.28603363 42.67414093
-26.58924675 77.71103668 23.01013756
-26.07824516 77.27803802 23.24213791
-24.69824409 78.65503693 25.06713676
-26.18124580 68.13603210 30.82613754
-34.20324707 70.25703430 7.05013704
-25.57524681 81.71803284 45.58214188
-34.30524445 70.09003448 7.73713732
-34.77024841 70.30403137 7.53013706
-33.53624725 70.06903839 7.08613682
-26.69824791 77.25203705 22.86113739
-24.79724693 73.55703735 7.72313690
-24.77124596 73.23703766 8.17113686
-36.70124817 87.02803802 41.98514175
-36.57124329 86.97303772 42.48514175
-35.85324860 87.01703644 42.71813965
-24.16124535 75.36403656 45.33914185
-24.16624641 75.78003693 45.35913849
-22.79524422 85.79003906 3.63913679
-25.73924446 70.33103943 19.98113632
-37.39624786 85.02104187 14.90613747
-37.87825012 84.87703705 14.33213806
-37.80424500 84.93103790 14.82113838
-24.90524483 75.10704041 6.16513729
-30.01324654 84.33003235 10.98613739
-29.88724709 84.48303223 10.64413738
-24.20824623 70.39804077 19.81213760
-24.63424492 70.50203705 19.44913673
-19.81824493 83.31903076 6.84713697
-26.16024590 75.20003510 15.18713760
-26.62324715 86.79003906 16.54813766
-26.41924477 87.11703491 17.02613831
-26.21224785 87.02703857 16.90613747
-24.80124474 81.85003662 38.03013992
-44.54624939 74.32904053 42.43214035
-29.69224739 86.22603607 42.56713867
-29.73424721 86.15803528 42.76314163
-26.81324577 84.22203827 15.01413727
-26.95224571 83.90203857 14.90613747
-26.48224449 80.11203766 29.54513741
-26.38024712 70.05103302 9.20313740
-26.04924583 70.09003448 9.18413734
-27.95524788 85.68703461 37.35213852
-33.65124512 67.10403442 34.29713821
-37.51725006 85.05203247 35.62213898
-37.24124908 84.92503357 35.55213928
-30.60424614 67.25403595 4.09313679
-26.22624779 77.06503296 16.94313812
-42.59624481 73.97803497 43.08214188
-42.30624390 73.60003662 42.44913864
-24.93924522 85.00903320 4.73413706
-24.80224419 85.14703369 4.63013697
-24.60324669 85.17303467 4.49113703
-37.24924469 71.78403473 33.36813736
-23.63524437 80.40303802 8.70313644
-23.71024513 79.96603394 8.35213661
-39.27624512 69.95203400 39.38914108
-22.94324684 81.84603882 19.00113678
-24.90224648 85.55803680 4.36013699
-27.66624641 77.62303162 22.05113792
-30.70524788 84.80403137 7.35913706
-30.95824623 84.72403717 7.17313719
-19.76524544 70.58303833 3.80913687
-39.57724762 82.73903656 9.57713699
-22.26424599 70.60403442 18.22413826
-37.00224304 71.57603455 33.80014038
-20.18424416 69.74503326 3.41813684
-40.00424957 81.99203491 9.10213661
-36.15824890 84.65303802 39.97414017
-27.48424721 79.83203125 19.12513733
-27.37524605 79.86703491 18.91913795
-27.72324562 79.95503235 19.37813759
-26.00324440 82.59003448 44.91114044
-26.00724602 83.00703430 42.97613907
-46.14225006 77.28303528 20.14613724
-24.01124763 86.05003357 25.36413765
-24.02224541 86.32503510 24.90613747
-24.24624443 86.37603760 25.19713783
-25.95824623 68.28203583 6.64713669
-26.19224739 68.24603271 6.73513699
-35.79524994 86.45003510 44.50413895
-36.12324524 86.44003296 44.59114075
-36.22824860 86.24504089 44.59614182
-46.21324921 76.38703918 19.45913696
-46.21824646 77.17103577 19.21413803
-28.83424568 74.04103088 38.79214096
-30.40824699 74.13903809 38.59814072
-25.66224480 68.41503906 6.74113703
-46.09624481 76.41903687 19.98413658
-46.18024445 76.70404053 19.91213799
-46.14125061 76.36903381 20.27213669
-38.81824493 73.17903137 33.91114044
-38.67624664 72.93203735 33.41913986
-26.98424721 81.56203461 13.29813766
-26.99424553 81.53203583 12.96013641
-21.81724739 77.84903717 5.97713709
-20.91924477 78.04203796 6.41613674
-34.46424866 65.96703339 40.91114044
-34.53224945 65.83003235 41.30414200
-21.76124763 70.43703461 7.64013720
-21.35224724 70.56604004 7.70513725
-27.19224739 82.43904114 14.70913696
-21.60524559 84.63003540 17.86513710
-26.19024467 75.69803619 16.03113747
-26.20424461 75.55104065 15.36713791
-35.86324310 86.95903778 38.75313950
-44.06024933 79.56703186 40.54513931
-43.87624359 79.68503571 39.31414032
-38.74324799 77.98204041 37.76813889
-37.00325012 86.87303162 41.14514160
-37.09024811 86.88304138 41.56713867
-22.47524452 74.57103729 6.97513676
-38.06424713 81.20803833 28.73713684
-32.54224396 69.48803711 10.40113735
-32.71424866 69.43803406 10.21413708
-21.10124397 84.15203857 19.14813805
-21.14824486 83.80903625 19.68013763
-31.62124443 69.33603668 7.88313723
-28.51924706 68.65003967 22.56213760
-25.16524696 75.18803406 37.27613831
-28.31224632 70.28303528 32.93813705
-28.10624504 70.23204041 32.31713867
-25.44124413 74.41903687 37.19013977
-38.54724884 77.29403687 37.80313873
-28.05624580 75.45303345 7.31413698
-27.42824745 75.23603821 6.99513721
-43.46624756 80.93303680 43.28514099
-31.59924507 86.16003418 4.35013676
-31.52224541 86.17903137 3.91713691
-27.79424477 71.00003815 19.65413666
-28.29224586 71.11103821 20.09813690
-31.40424538 86.21003723 4.16213703
-28.58924675 66.82703400 37.63114166
-30.77124596 69.12203979 5.65013695
-29.79424477 68.83803558 5.49013710
-26.45324516 80.83903503 28.54813766
-28.88024712 68.75203705 30.26213837
-29.09624672 68.76903534 30.28013802
-28.99424553 68.73503113 30.96213722
-28.72824669 68.70603943 31.25613785
-24.30624580 74.96903992 45.46514130
-31.58924675 69.97603607 28.99713707
-30.66124535 70.15203857 12.72513771
-30.50624657 70.12003326 13.06713676
-30.25824547 70.21803284 12.96013641
-35.48324585 69.77403259 25.45313835
-26.58424568 80.92604065 28.67813683
-36.46125031 85.76603699 24.07513809
-37.42024994 85.39804077 25.17313766
-35.58924866 85.85203552 23.50913811
-37.01324463 85.33003235 25.06613731
-36.42924500 85.34303284 24.67313766
-31.17624474 85.17503357 15.88113785
-41.39924622 69.82803345 5.37613678
-39.48925018 69.06503296 23.50413704
-34.74724579 65.94703674 39.73913956
-35.26124573 66.00303650 39.56914139
-29.28824806 84.28804016 20.89513779
-19.41324615 71.85704041 3.64013696
-21.41024590 69.89403534 4.81613684
-33.30724335 69.80403137 38.16413879
-33.34824371 85.18303680 10.57413673
-34.59524536 65.99003601 40.11714172
-34.43124390 65.93103790 40.30514145
-27.06824684 71.61303711 15.17213821
-21.19224739 70.35503387 4.79013681
-34.26824951 70.22803497 6.46913719
-33.91724396 70.09503174 6.35313702
-35.96324921 68.33403778 39.49514008
-27.74624443 68.91203308 26.33913803
-19.25924492 82.04003906 6.83613682
-19.49424553 82.39804077 7.06313705
-36.60724640 71.26004028 33.84313965
-36.38424683 71.01803589 33.84713745
-28.49124718 79.34803772 21.80513763
-28.68624687 79.77603149 21.40113640
-22.72224617 81.07603455 7.73413706
-19.25124550 82.12703705 6.57513714
-19.29224586 82.49403381 6.45613670
-31.66924477 82.81103516 32.00814056
-28.43224525 66.04503632 34.01514053
-32.97824860 68.13003540 41.93214035
-33.15124512 68.06903839 43.19213867
-43.43224335 79.25403595 35.57913971
-26.95224571 72.99003601 14.79013824
-26.86324501 73.22403717 14.98313713
-42.12825012 78.58503723 35.02013779
-41.70124817 78.68403625 35.02113724
-26.90324593 83.91304016 37.42813873
-30.04424477 84.81003571 14.92113686
-42.68524933 78.76403809 35.08613968
-42.56424713 79.21903992 35.10514069
-42.13324738 78.90703583 35.06513977
-29.79924583 84.65403748 14.64213753
-26.09624672 76.93503571 12.74213791
-26.20324516 76.70003510 12.22513771
-33.04824829 66.18403625 44.43413925
-33.36524963 66.06803894 44.38713837
-38.12724304 68.61403656 43.83613968
-32.68724823 69.97703552 30.08113861
-20.75224495 68.97303772 3.48313689
-28.06024742 78.33703613 8.00113678
-34.67724609 65.97703552 44.19414139
-24.73824501 76.43403625 30.77413750
-25.18624687 76.75203705 30.54513741
-23.79424477 82.40003967 22.10313797
-32.10724640 69.71703339 30.12913704
-32.41224670 69.82503510 29.93313789
-26.24524498 79.46704102 24.34913826
-23.28224754 82.46803284 21.75413704
-21.64624596 68.11503601 3.88113689
-21.09224510 85.59103394 3.51313686
-21.24624443 84.98403931 4.09213686
-41.62224579 73.13303375 26.73813820
-27.84124565 74.21403503 9.04113770
-40.50424957 72.14103699 37.57313919
-39.07824707 70.56803894 37.71113968
-29.83824730 66.18603516 37.12813950
-29.92024803 66.71103668 42.65414047
-30.50024605 66.40303802 43.72914124
-30.90124702 66.37103271 43.83214188
-45.65224457 77.16003418 22.03313637
-25.70724678 74.05603790 7.76313686
-25.90324593 73.94003296 8.08113670
-36.83924866 70.83303833 8.50513649
-36.65724945 70.91703796 8.09413719
-36.30624390 81.87903595 38.16413879
-39.77924347 79.69403076 29.63913727
-40.06624603 79.32803345 29.64413834
-36.49924469 85.35504150 35.73114014
-36.38624573 85.12203979 35.51314163
-25.10724449 86.93003845 17.09313774
-24.65624428 86.69903564 16.92513847
-32.14624786 83.89303589 34.70513916
-32.79724884 83.98903656 34.71014023
-26.92124748 66.80703735 4.19313717
-27.04724693 66.95503235 4.36413670
-25.37024498 86.64203644 16.68413734
-39.54624939 73.72603607 34.72314072
-39.37424469 73.66203308 34.58913803
-39.12224579 73.28804016 34.54913712
-36.45624542 70.96203613 34.32114029
-27.00924492 74.83003235 36.64113998
-26.77624702 75.69003296 36.74914169
-26.72324562 76.33803558 36.77914047
-39.92824554 83.16403198 44.00914001
-24.59824562 65.65003967 18.29213715
-34.87724304 67.71303558 44.27313995
-36.46024323 67.34703827 44.07913971
-26.04124641 76.41203308 14.28013802
-39.62724304 68.62003326 3.34613681
-32.20724487 85.13203430 14.87913704
-44.82324982 80.73503113 19.67113686
-26.02724648 76.62403870 13.92213821
-24.74924660 72.70903778 45.32014084
-26.00924492 77.58603668 14.84413719
-43.28025055 73.49103546 35.29114151
-43.27124786 73.29803467 35.51613998
-39.12624359 79.49303436 33.09513855
-18.93424606 80.01403809 3.52613688
-18.99224663 79.65903473 3.54313684
-34.45724487 67.73803711 4.84413719
-34.66624451 68.10503387 5.07113695
-42.98624420 73.39804077 35.13113785
-43.24824524 73.95703125 35.20314026
-43.26224518 74.21803284 35.17013931
-34.65024567 67.62503815 4.51313686
-34.29024506 67.63303375 4.67913723
-34.67424774 67.68603516 4.66313696
-39.12424469 79.60803223 32.91013718
-30.01124763 70.37103271 12.80913734
-34.39024353 84.20703125 6.79813671
-30.16124535 83.41903687 26.27613831
-30.32224464 83.64303589 26.77413750
-25.97824669 77.11103821 30.05213737
-23.31624413 85.65703583 16.75713730
-23.59424400 85.68003845 16.60413742
-23.39824486 85.91304016 16.83113670
-28.59724617 85.44203186 21.48813820
-28.79324532 84.61403656 21.64313698
-28.81824684 84.45303345 22.01613808
-37.19324493 68.36603546 19.97413635
-41.59024811 76.30903625 6.38713694
-41.40324402 75.48703766 6.40513706
-28.73924446 85.15403748 22.48213768
-29.12824440 82.61103821 20.94213676
-28.95824623 82.41603088 20.91513634
-28.15924644 68.95703125 36.72713852
-29.24824715 80.46303558 21.51913643
-29.37124443 80.67803955 21.42113686
-41.23524475 75.14903259 9.18213654
-22.37424660 65.85603333 17.93513680
-28.69624519 80.17903137 23.63213730
-29.00524712 80.45103455 23.94713783
-33.42224884 68.17803955 5.08013725
-26.66724586 79.06404114 18.01913834
-26.51024437 78.78003693 17.53613663
-27.32324791 81.46603394 19.70813751
-43.22824860 76.21704102 43.26713943
-42.68424988 70.65003967 20.58913803
-23.83824730 68.30803680 6.49213696
-26.41424751 77.62703705 6.66213703
-27.46124458 77.41104126 7.08013725
-41.41424561 82.29403687 35.41814041
-28.04224586 85.93403625 35.35113907
-27.97724724 85.32303619 35.59114075
-27.77824593 85.14503479 35.17613983
-27.92024422 85.58703613 35.33414078
-31.69624519 67.62103271 19.72113800
-37.04324341 71.81803894 32.39313889
-37.56924438 72.03703308 32.38213730
-30.66724586 69.03603363 34.41013718
-27.59324455 71.82403564 14.65013695
-26.50924492 86.09803772 3.75713682
-34.55724335 82.04503632 31.72613716
-34.31624603 82.13304138 31.66013718
-44.01024628 74.85203552 24.37113762
-40.40124512 81.40703583 35.15214157
-40.57225037 81.28604126 35.22113800
-23.04424477 67.18103790 24.25813675
-28.12124443 70.53003693 40.84014130
-26.57624626 86.00203705 4.04713678
-26.22524452 86.15903473 3.65413690
-40.07324982 68.61203766 3.92913699
-28.14524651 74.97403717 8.91413689
-29.99724770 69.22703552 9.47013664
-29.97124672 69.39803314 9.74213696
-44.58424377 73.84303284 4.23813677
-44.59824371 73.83903503 4.73113680
-44.70524597 74.26603699 4.69913673
-39.72024536 71.03903198 11.29313660
-38.87124634 71.26803589 9.87613678
-32.34724426 87.10403442 34.82713699
-26.05824471 70.75003052 9.73613739
-31.26824760 86.50403595 44.09413910
-26.13724709 71.22003174 10.01813698
-37.95324707 71.97703552 29.64113808
-25.78024483 76.85903931 45.56613922
-39.14824677 68.44803619 23.09613800
-27.86624718 81.57503510 43.97613907
-30.23524666 82.31803894 21.41713715
-29.97524452 83.20803833 21.02913666
-29.84224510 66.50003815 25.98113823
-42.96524811 70.45103455 42.44913864
-42.58924866 69.89303589 42.91814041
-42.40824890 69.70603943 43.10614014
-23.85024452 69.82803345 7.38313723
-35.55024719 70.62004089 26.26213837
-24.38224602 85.72403717 26.56813812
-41.59624481 81.08303833 26.18713760
-26.49824715 73.62004089 44.85614014
-24.33624458 85.19104004 26.85613823
-26.14724541 74.57803345 45.42813873
-28.37924767 71.03603363 13.86813736
-32.32924652 73.79103088 38.37113953
-22.89824486 69.60403442 7.30713701
-26.72124672 72.88103485 45.28813934
-36.65625000 84.45103455 43.60813904
-41.76624298 80.54203796 43.66213989
-42.26324463 80.03203583 43.56013870
-43.00024414 69.92203522 4.86613703
-39.87224579 68.98403931 24.94213676
-42.11924744 79.74903870 43.55813980
-24.08824730 76.70003510 25.01813698
-21.68424416 66.41403198 19.24413681
-21.42124748 66.59503174 18.63913727
-40.30825043 75.95803833 32.05813980
-26.98424721 69.29403687 37.11613846
-33.65424347 70.49403381 31.68513870
-32.37524414 84.22003174 32.19913864
-32.11824799 84.04803467 32.28213882
-24.72624779 71.32403564 37.54613876
-40.26024628 76.22903442 32.34813690
-27.35624504 81.67604065 28.86113739
-26.90124702 67.26103210 32.89613724
-33.92024994 68.28003693 35.60514069
-26.21524620 78.70903778 12.18713760
-35.43524933 77.88703918 38.13914108
-26.35724449 69.64303589 8.85913658
-26.14724541 69.72603607 8.91713715
-26.54124641 69.80903625 9.02113724
-26.64324760 73.82203674 22.88213730
-26.50624657 74.05403137 22.92013741
-27.32424736 67.30103302 33.73014069
-23.06924629 82.85803223 22.48513794
-29.64624596 70.05203247 26.08913803
-26.25524712 82.56703186 45.61314011
-37.57524872 69.15903473 38.01713943
-28.15024757 85.93803406 38.22513962
-32.51924896 67.61803436 4.58813667
-33.69124603 82.49603271 31.82713699
-27.09624672 78.42503357 10.22213745
-26.93824577 78.75203705 10.52413750
-20.80124474 84.28804016 5.60213709
-29.53224754 84.69703674 24.65813828
-29.75824547 84.38103485 25.28213692
-39.77524567 68.79103851 24.80113792
-39.67024994 68.64103699 24.42813683
-26.69424629 73.89503479 17.32313728
-26.86324501 73.40703583 17.47613716
-32.11624908 81.41203308 26.34613800
-40.23224640 76.06003571 33.15113831
-28.15024757 69.44104004 21.26313782
-28.06424522 69.67303467 20.92313766
-28.72224617 82.22603607 32.73814011
-28.29224586 69.54803467 20.75213814
-20.69424629 72.87103271 5.14213705
-20.78524590 73.14603424 5.60813713
-20.73824501 72.69503784 5.55213690
-29.50824547 66.49803162 39.93914032
-22.62024498 83.97603607 23.21213722
-27.43524742 82.18203735 23.70113754
-44.56124878 77.05703735 5.54613686
-40.30825043 74.79203796 34.79913712
-30.07024574 69.09803772 39.63513947
-29.48524666 69.41403198 39.71813965
-40.68724823 75.24504089 34.82114029
-40.74324799 75.55104065 34.85713959
-27.83124733 73.79903412 34.14213943
-39.86324310 78.38903809 33.74613953
-44.31324768 73.22403717 22.98013687
-44.24524689 72.90403748 22.73513794
-20.80224419 73.31604004 7.63913727
-20.64324760 73.21403503 7.63413715
-27.65724754 72.30803680 32.83313751
-41.63924408 84.43403625 4.97213697
-28.08624458 84.05003357 34.70013809
-28.02924538 84.01004028 34.21513748
-26.49324608 73.95203400 16.03513718
-24.60724449 68.94303894 15.14513779
-38.97324371 83.46203613 27.28313828
-26.64324760 73.79203796 16.72413826
-36.52324677 81.75003815 30.92613792
-28.50824547 82.12303162 20.85713768
-28.86224556 81.95503235 20.74713707
-31.51724815 70.67403412 26.55813789
-35.08024597 85.93203735 36.35414124
-24.67424583 75.47803497 24.18413734
-24.35024452 75.12004089 24.56813812
-20.86824608 68.76703644 17.59013748
-34.30024719 85.86403656 4.28313684
-34.15625000 85.79303741 4.53813696
-31.28124809 70.26603699 22.37513733
-30.61124611 70.53303528 21.97513771
-26.10924721 78.94003296 13.08213806
-27.57624626 78.35903931 32.49013901
-24.41824532 69.79403687 22.27513695
-25.00824547 70.02303314 21.18913651
-26.96524620 80.15403748 17.93313789
-41.17624664 81.00804138 43.03813934
-41.01124573 81.36703491 43.40814209
-41.13924408 80.98503113 42.29314041
-40.96724701 85.07103729 4.34713697
-41.22624969 81.15303802 43.62213898
-40.73424530 81.65103149 43.02313995
-37.58924866 70.96003723 9.04413700
-36.62825012 70.26903534 9.60513687
-31.88824654 67.39703369 3.64713693
-26.90224648 80.51303101 10.12913704
-31.76724815 82.44703674 22.55013657
-42.95024872 72.64603424 35.33713913
-42.87724304 72.62603760 35.24113846
-22.82324409 81.89503479 7.68313694
-32.37324524 82.82704163 22.84913826
-32.41324615 85.00103760 8.88813782
-39.89624786 81.13203430 27.68213844
-40.18624878 81.44003296 27.47613716
-38.93524933 73.12403870 32.62913895
-37.26324463 83.34403992 6.76313686
-37.07924652 83.46103668 6.52213669
-42.75924683 75.34603882 34.99514008
-33.55424500 70.44203186 30.44413757
-34.13124847 70.48403931 30.56413841
-39.22924805 73.50603485 33.20513916
-39.49324799 73.90803528 33.14813995
-41.54124451 75.42203522 34.87113953
-39.57524872 73.98603821 32.80213928
-39.68924713 74.24603271 33.01713943
-40.90224457 84.11903381 24.83413696
-29.38424492 70.72203064 10.92413712
-26.97624779 84.84003448 32.91814041
-26.98324776 85.11303711 33.02413940
-31.54424477 70.62503052 23.03913689
-31.62724495 70.59203339 23.29113770
-23.89624596 78.78303528 37.63013840
-20.99924660 68.76203918 6.39713669
-26.76524544 73.68803406 12.33213806
-27.25024605 81.55303955 20.07013702
-26.99424553 81.56503296 20.42613792
-19.30624580 72.55203247 3.85313702
-40.90824890 81.64403534 43.59714127
-41.20724487 81.33203125 43.74314117
-41.08424377 81.84303284 43.79714203
-42.76424408 71.04703522 5.38813686
-43.43224335 71.97703552 5.35813713
-28.66524696 80.07303619 21.02013779
-28.89124489 82.12004089 35.95713806
-44.02024841 82.41903687 4.77313709
-43.81624603 82.71003723 4.87813711
-43.84024811 82.65203857 4.61313677
-43.96324921 82.42604065 5.00813675
-34.07724762 86.68103790 35.61513901
-36.60924530 66.24003601 41.34513855
-27.08524513 82.13803101 14.36413765
-26.98524666 81.93904114 14.87813759
-30.90724754 68.52903748 44.71514130
-31.20524788 68.50803375 44.48514175
-31.69624519 85.53203583 45.16413879
-22.31724739 71.81003571 7.70013714
-26.96524620 79.30803680 30.74113846
-27.02724648 79.24504089 31.01713753
-24.87224770 81.57303619 17.08613777
-28.19824791 68.96703339 25.20113754
-28.31624794 68.89503479 25.63313675
-33.65824890 67.74603271 44.42314148
-32.81924438 67.88603210 44.48614120
-28.54924583 72.78003693 21.99613762
-33.73024750 67.67703247 34.11314011
-29.30424690 72.08803558 22.06813812
-28.96724510 69.55903625 35.75814056
-28.79524803 69.87003326 35.64514160
-36.99824524 85.95703125 3.56213689
-27.99724770 87.10704041 17.05613708
-42.44124603 71.68503571 13.91613770
-42.27524567 72.07803345 13.11913681
-42.71024323 72.04303741 13.82013702
-41.52024841 83.64103699 17.68513680
-40.92324829 83.94003296 18.10113716
-40.73524475 84.03604126 17.24313736
-36.06224823 71.06803894 27.94813728
-28.25524712 79.79703522 20.60913658
-35.54924774 86.44903564 37.52714157
-35.95324707 86.11503601 38.18613815
-29.62624550 86.69203186 37.92414093
-29.91624641 86.90503693 35.64813995
-26.81224632 65.87803650 18.20913696
-27.35224724 66.00903320 18.51813698
-28.32324791 65.85203552 32.81913757
-27.75624657 65.86703491 31.95613861
-27.98124504 74.41703796 8.97813702
-40.94624329 78.42803955 7.68313694
-39.48624420 82.08103943 6.33313704
-28.70224571 81.06903839 33.52013779
-28.31524467 80.71203613 32.94513702
-24.87024498 72.35103607 9.29413700
-36.57724762 68.92803955 37.93714142
-26.01524544 69.56903839 42.84014130
-28.56524467 80.93303680 33.25613785
-26.37524605 75.33803558 12.41613770
-26.49324608 75.09403992 17.64813805
-26.54324532 80.80503845 14.19413757
-26.45324516 80.46003723 14.15213776
-35.11824799 83.37403870 34.90713882
-35.60025024 84.63703918 43.87714005
-36.27824402 84.52304077 43.39213943
-35.79224396 84.61003113 43.48714066
-18.96324539 79.52203369 3.95313692
-35.29324341 83.46903992 35.05313873
-29.91724586 82.70703125 33.81813812
-41.48824310 70.52403259 35.44713974
-23.02524757 65.98603821 16.87713814
-37.11524963 66.20503235 43.64213943
-26.08324623 74.21003723 42.17613983
-26.06324577 73.96403503 41.35013962
-38.04424286 67.15303802 39.70613861
-31.39724541 68.90303802 35.27613831
-35.04824829 66.56403351 36.82014084
-40.75824738 83.75403595 5.43513680
-28.95524788 82.69503784 25.18113708
-35.55624390 84.69203186 9.36913681
-36.30824280 70.77603149 31.03713799
-26.49024773 87.28003693 20.09913635
-25.97924614 87.26303101 18.99513817
-24.17624474 85.86303711 16.45913696
-24.31024742 85.39604187 16.16113663
-23.90524483 71.52503967 7.91913700
-23.90424538 85.40503693 16.43613815
-37.01324463 86.67604065 40.92613983
-36.98524475 86.30303955 40.61714172
-37.27824402 86.24703979 41.32313919
-23.33924675 81.94003296 17.74613762
-23.00424767 82.03303528 17.97113800
-27.56424522 77.60303497 34.67713928
-19.31924629 77.18603516 4.24313688
-27.39324760 73.37903595 11.41213799
-19.42724609 77.20203400 4.48913670
-19.49024582 76.81203461 4.28613710
-34.33224487 84.67803955 34.93214035
-34.12724304 84.53903198 34.83013916
-31.63424492 66.54403687 17.47513771
-29.74224663 67.26103210 19.28713799
-26.41024590 74.66103363 31.31513786
-40.71424866 71.52603149 38.82213974
-41.51924896 76.39103699 34.88613892
-31.12424660 69.85103607 13.18413734
-31.28924751 69.95703125 12.21613693
-23.15624428 84.59204102 24.53613663
-38.42424774 82.39103699 35.19713974
-38.38224792 82.73603821 35.27714157
-23.88024712 81.55603790 18.53113747
-23.70224571 81.62803650 18.36013794
-23.52324486 83.82303619 24.75713730
-23.13324547 84.27003479 24.37713814
-26.95224571 84.58503723 32.62813950
-38.46324921 82.99803162 35.25214005
-33.63924408 82.53403473 31.67113686
-33.57024384 82.58003235 31.95013809
-25.90424538 75.14303589 39.39614105
-41.30024719 83.81003571 39.93814087
-40.76524353 84.31703186 40.07313919
-41.04824829 83.88504028 38.98514175
-38.75524902 66.82603455 43.05514145
-23.32124519 84.64503479 24.83513832
-41.60824585 83.82103729 42.01813889
-41.38624573 84.07403564 42.42314148
-37.17624664 81.20503235 32.31113815
-40.06424713 78.96503448 30.26613808
-26.96724510 80.57003784 11.51913643
-20.50824547 83.73103333 7.16013718
-39.56224823 73.39103699 34.86314011
-39.78824615 73.71903992 34.79413986
-39.52724457 74.22603607 33.82513809
-39.41024780 74.10203552 34.11813736
-36.29824829 82.29904175 26.12013817
-35.64424896 82.24003601 25.88213730
-39.80424500 72.89103699 34.87213898
-39.87224579 72.53303528 34.81414032
-34.89324951 66.67203522 36.05714035
-28.72824669 70.02403259 34.73513794
-27.64724541 81.27103424 44.88714218
-28.64724541 70.22103882 34.12014008
-24.47824669 86.96303558 17.25013733
-42.63524628 80.92903137 12.39913750
-32.33024597 84.46103668 44.29214096
-31.94024467 84.33803558 44.05014038
-28.22924614 70.75803375 34.73114014
-23.98724556 86.73903656 17.23313713
-26.55724525 73.81604004 15.48013687
-26.64124489 73.58903503 15.23313713
-28.36824608 68.56703186 34.40414047
-42.43724823 76.66503906 10.53913689
-42.81924438 76.16403198 11.15413666
-24.93424416 78.25804138 24.63313675
-28.31124687 68.22803497 35.16714096
-28.22924614 67.95103455 35.33514023
-28.80424690 69.94003296 40.73413849
-28.95024681 69.92803955 42.29214096
-26.45724678 71.18903351 18.31413841
-30.85024452 70.01703644 27.69113731
-28.51724434 81.14203644 34.19013977
-34.64524841 86.43603516 43.57514191
-41.33224487 75.87303162 9.10513687
-41.41324615 75.69503784 9.36713696
-25.75624657 74.86603546 31.10813713
-25.97124672 75.02203369 32.37614059
-19.79824638 78.61703491 5.81113720
-19.96024513 78.24504089 5.97613716
-19.99024582 78.29403687 5.74513721
-33.29824829 85.81303406 17.75113678
-33.03224945 85.86903381 17.62113762
-31.61824608 83.62903595 21.86213684
-27.98424721 78.23703766 8.71013737
-27.91924477 78.05203247 9.07413673
-28.22124672 77.97503662 8.16713715
-37.68824768 84.84204102 21.18213654
-24.20724678 70.36503601 7.80213690
-24.46024513 70.28703308 8.29113770
-27.25024605 72.11803436 15.88513756
-27.28124428 71.91203308 15.44113731
-41.43124390 83.64703369 16.68913841
-41.87224579 83.36003113 16.37313843
-37.96924591 68.17803955 3.73413682
-22.79724693 69.22803497 22.55013657
-22.33124733 69.13703918 21.77413750
-24.84024620 82.39703369 16.04813766
-25.02224541 81.94303894 16.27613831
-24.99124718 82.30403137 15.99713707
-40.79624939 70.72403717 35.06414032
-27.96124458 87.06303406 29.51213837
-27.73424721 86.98403931 29.51613808
-29.05624580 86.39703369 36.74414063
-28.15524483 84.77703857 15.08813667
-30.44424629 84.35903931 12.17613792
-24.58824730 82.54203796 16.08413696
-24.34224510 82.83903503 16.09913826
-24.19724464 82.61903381 16.22713661
-34.74524689 70.42403412 6.75713730
-36.38024902 67.96803284 4.65113688
-36.84224701 68.04003906 4.56613684
-28.17024422 86.87103271 32.23814011
-26.63024712 83.82303619 9.52313709
-44.66524506 74.64703369 3.56813693
-35.42624664 68.51004028 17.17513847
-32.43424988 83.52603149 22.62113762
-33.11424255 83.84403992 22.94813728
-24.49724770 71.40603638 8.93813705
-24.31624413 71.38803101 8.65613747
-29.81824684 67.10203552 3.53613687
-41.97024536 71.86303711 25.04613686
-42.07624817 71.21203613 23.72413826
-41.96424866 71.52703857 24.54013824
-28.34524727 80.19104004 20.06313705
-24.43824577 70.75803375 8.63713646
-23.23124504 83.73303223 6.91613674
-23.48924446 83.99703979 6.87113714
-23.96724510 80.42903137 37.76314163
-24.93524742 79.17903137 25.63413811
-23.17224693 83.47303772 7.17413712
-34.00424957 84.87004089 34.45413971
-34.28224945 85.33803558 34.94013977
-29.49624443 85.63803101 4.84713697
-29.41224480 85.31903839 5.02913713
-29.19524574 85.12903595 5.15413666
-37.02724457 84.65703583 19.88613701
-31.56424522 68.67303467 20.93213654
-24.53224754 72.11803436 43.58013916
-24.51824760 72.36303711 44.02413940
-38.81424713 72.86103821 31.05113792
-36.70624542 68.33703613 42.88214111
-36.84624481 68.54703522 40.03313828
-26.16924477 76.14303589 16.42413712
-26.14824486 76.25803375 16.13313675
-38.17724609 84.70204163 18.98313713
-24.26524544 67.36903381 4.12613678
-26.94724464 65.57303619 26.62813759
-19.73924637 75.41903687 4.37413692
-19.84624481 75.63903809 4.58913708
-36.85124969 84.37503815 39.07514191
-28.32224464 66.31803894 18.34213829
-37.97525024 84.54503632 21.34113693
-38.88724518 84.30403137 22.21213722
-41.11724854 75.39403534 28.69113731
-19.86024666 78.18904114 4.97413683
-22.22524452 70.18303680 19.57013702
-28.36024666 65.65803528 30.00713730
-28.67124748 65.67803955 29.77513695
-41.12825012 75.61303711 28.64413834
-41.32124329 75.78003693 28.46513748
-24.53624535 77.22703552 31.18413734
-22.62224770 70.50003052 19.15913773
-28.21224785 65.66603088 30.38513756
-28.44724464 65.70703125 30.75913811
-28.95324516 69.41203308 32.08613968
-28.68724632 69.50003815 32.16613770
-28.96724510 69.40703583 32.79013824
-23.31224632 86.24803162 23.44913673
-23.11124611 85.93703461 23.56313705
-26.61824608 76.95803833 34.36314011
-26.92524529 77.05203247 34.31613922
-43.69024658 79.78103638 24.04213715
-42.99224854 80.24403381 24.72613716
-36.31724548 70.38603210 8.94413757
-36.83124542 70.64103699 8.90913773
-36.74524689 70.42803955 9.23313713
-28.06424522 84.47503662 5.80713701
-27.23524666 75.48603821 20.11513710
-27.28724480 75.05603790 20.09113693
-23.70624733 78.81503296 7.14813709
-39.09524536 83.56103516 44.08013916
-32.73024750 69.80403137 31.23713684
-32.54524994 69.68203735 31.23313713
-32.17024994 69.63203430 31.69713783
-27.53224754 87.24403381 25.71013832
-19.46324539 78.47903442 4.62813711
-23.69224739 78.45003510 6.67613697
-25.46224785 66.37503815 15.97613716
-38.63624573 72.86003113 32.32913971
-38.85424805 73.05603790 32.40613937
-24.11324501 78.77103424 6.98513699
-24.27724648 78.62703705 6.86513710
-39.59124756 83.92103577 22.17513657
-39.55825043 83.88203430 22.42313766
-35.53524780 69.78903198 37.91814041
-37.07724762 70.24803162 37.77613831
-35.10025024 67.00103760 21.09513664
-33.40424347 66.72903442 19.38413811
-39.18624878 80.90303802 28.33013725
-39.60025024 80.69703674 28.29113770
-27.03724480 83.98004150 31.39813805
-38.31724548 81.24203491 28.37113762
-38.03324890 81.52203369 27.98113823
-46.09724426 76.73603821 17.54613686
-46.02024841 77.90803528 17.47213745
-36.31924438 81.33403778 29.38613701
-37.10424805 81.19003296 29.52113724
-28.52924538 86.06803894 4.55413723
-27.89024544 82.01103210 39.76813889
-29.17424583 83.19203186 39.96414185
-28.50724602 82.59503174 40.09313965
-37.35624695 68.09803772 4.53513718
-29.63624763 68.58603668 34.68214035
-20.18324471 71.25203705 6.46213722
-20.16524506 71.42003632 6.62713718
-19.12424660 77.26703644 3.63213682
-19.13524628 77.04603577 3.57913685
-28.36624718 82.22803497 45.30714035
-28.02424431 81.91104126 45.40114212
-28.05224800 81.84703827 45.27814102
-20.15524483 71.25603485 7.05913734
-26.93024635 76.94003296 19.35613632
-24.94224739 68.32403564 6.23513699
-25.03224754 68.21003723 5.73713684
-20.17324638 82.79303741 5.08813667
-19.94724655 82.73803711 5.37113667
-20.01224518 82.51503754 5.14813709
-41.32724762 71.76103210 34.99113846
-40.19124603 71.41603088 34.88113785
-40.87825012 71.18903351 34.96113968
-30.14424706 66.12503815 37.93914032
-30.08324623 66.18603516 37.82313919
-29.46524620 66.37603760 37.86413956
-34.31424713 70.66403198 26.55313683
-20.07224655 83.07103729 5.29813671
-29.84124565 66.37503815 41.32814026
-27.55324745 82.89203644 13.97013664
-27.75624657 82.96603394 13.66013718
-27.96324730 83.13803101 13.58013725
-26.86724663 79.42703247 23.89913750
-34.95324707 85.83403778 4.44313717
-24.04324532 68.32903290 26.20413780
-29.30224800 81.44403839 26.51313782
-29.38424492 81.29703522 25.99913788
-29.62224770 81.41104126 26.34913826
-21.91924477 86.31203461 18.24213791
-44.32524872 81.69903564 5.08413696
-44.26224518 81.96704102 5.14913702
-21.44824409 69.73003387 4.69413710
-26.61524773 80.26004028 29.66613770
-26.54424477 80.32303619 29.41513824
-26.69524574 80.42403412 29.75613785
-20.80624580 70.59703064 4.43113708
-21.04124641 70.41403198 4.65913677
-31.60024452 87.09603882 35.64714050
-32.63424683 68.64803314 34.57713699
-26.84924507 69.17303467 45.09014130
-21.28224754 74.47303772 6.52913713
-21.60524559 74.48503113 6.90913677
-41.29124451 70.80203247 35.17414093
-36.57924652 68.14503479 35.10313797
-36.81224823 68.12703705 35.21714020
-25.81724739 70.12903595 44.28514099
-32.53524780 68.75603485 34.58613968
-32.79724884 68.56503296 34.53213882
-37.21125031 68.11303711 35.36013794
-37.05524445 68.19303894 35.14913940
-28.10124779 80.55903625 19.92913628
-28.37324715 80.31203461 20.07513809
-21.95624733 67.95503235 6.43313694
-33.14024353 70.31003571 29.37913704
-44.85924530 80.23603821 21.13513756
-45.07124329 79.82203674 21.34213638
-24.06624413 76.13903809 25.53713799
-35.17324829 86.42903137 43.94213867
-36.93624878 82.21303558 34.02013779
-27.39324760 69.92803955 21.32613754
-27.10424614 69.36303711 23.90613747
-27.33924675 69.69903564 22.41013718
-39.75724792 79.84903717 29.41413689
-40.01224518 79.65503693 29.20813751
-39.55624390 80.46003723 28.65613747
-43.27424622 70.21503448 4.68013668
-26.59624672 69.19104004 24.74113655
-38.11524963 86.00003815 41.98114014
-38.50624847 85.79203796 41.09014130
-28.27724648 82.02603149 44.59513855
-28.11624718 81.84003448 44.95413971
-28.00224495 78.35803223 21.97413635
-37.17124939 86.34004211 44.39213943
-37.68424988 86.23303223 44.31314087
-37.69224548 86.25003815 44.20214081
-37.68524933 70.94603729 27.41113663
-35.83624268 69.93503571 25.71613693
-36.03524780 67.93103790 3.46613693
-39.45524597 79.65803528 34.75713730
-38.56124878 68.21203613 4.36313677
-26.58924675 66.98303223 4.29713678
-26.26424599 67.18403625 4.35413694
-26.39124489 67.33803558 4.48013687
-35.93124390 82.16104126 31.69413757
-39.03024292 68.34003448 4.37213707
-30.02824593 83.55104065 42.93313980
-30.13524437 85.20003510 15.49813652
-26.97024727 74.75803375 19.09313774
-27.10324669 74.54403687 19.42713737
-27.09724617 74.31203461 19.27813721
-30.82224464 81.34303284 22.75713730
-31.51524544 81.58903503 23.32213783
-23.67024422 84.34003448 5.53313732
-41.43424988 83.13603210 25.02613831
-26.68224525 73.86303711 12.44913673
-26.56424522 74.33303833 12.58413696
-24.82324409 81.59803772 41.38513947
-25.09524727 81.85003662 42.42214203
-41.44924927 82.90003967 24.84513664
-41.56124878 82.66403198 25.09813690
-27.31324577 72.31003571 14.01013756
-42.11425018 71.63003540 35.21113968
-26.85724449 75.10403442 35.31813812
-26.98724556 74.89003754 35.11113739
-30.85224724 69.67003632 28.32613754
-27.44924736 76.65303802 6.90413713
-33.00024414 67.25203705 32.25013733
-27.04024696 73.22803497 22.94313812
-36.32624817 70.31503296 26.46113777
-36.71824646 70.46703339 26.77413750
-26.04424477 77.59204102 45.51113892
-27.78324699 77.26004028 7.20113707
-32.64724731 67.27203369 31.62513733
-32.60424805 67.05103302 31.51513863
-22.64724541 65.90003967 20.65713692
-23.36424446 65.66304016 21.35313797
-22.96424675 65.79303741 21.09713745
-31.96324730 69.32903290 9.41313744
-28.67724800 70.00503540 33.73014069
-28.87224770 69.73803711 33.91713715
-27.23524666 81.15203857 30.18613815
-31.30624580 69.21603394 8.70713711
-28.86124611 69.61203766 33.54314041
-29.13424492 69.46103668 34.25713730
-36.71724701 81.71403503 31.16913795
-36.60824585 81.66503906 30.77613831
-35.01124573 68.02403259 17.97413826
-34.42124939 67.75203705 17.72513771
-27.46324730 77.76203918 32.57213974
-46.06924438 75.83203125 20.45913696
-26.67124748 81.22203827 14.86613655
-26.51924706 80.75703430 14.61113739
-27.93524742 77.64003754 33.89413834
-30.65424538 65.93003845 34.24913788
-37.90324402 72.24103546 33.71513748
-25.09424782 70.19303894 15.30713654
-25.15424538 70.21603394 15.29113770
-25.80424690 70.47203064 15.12913704
-23.73624611 73.29903412 40.84014130
-23.78024483 72.95503235 40.43214035
-37.45624542 69.23503113 13.68613815
-33.62124634 85.13203430 16.61313820
-33.74724579 85.10803223 17.29813766
-39.97824860 69.76303101 24.20313835
-19.03224564 81.69104004 3.35113692
-42.50124359 81.32803345 24.26113701
-42.23524475 81.23803711 24.86113739
-34.10324860 85.10103607 16.74413681
-34.00524902 85.09103394 17.13213730
-33.67424774 85.08903503 17.01413727
-39.17224884 69.63803101 41.44514084
-26.15024757 82.24103546 45.59614182
-34.57824707 85.16603088 16.38913727
-30.10024452 69.67003632 14.44413757
-29.64224434 83.35603333 35.92414093
-30.24924660 83.50903320 35.49414063
-30.65924644 83.70603943 35.31013870
-30.40324593 83.63803101 35.43114090
-34.63224792 85.14703369 16.76013756
-42.48324585 78.02003479 10.72713661
-42.37124634 78.09703827 10.49113655
-27.77424431 85.81604004 4.43213701
-28.79524803 72.14003754 38.79314041
-30.87524605 66.41503906 17.53713799
-44.01124573 74.12603760 38.16814041
-32.72724915 66.20303345 33.83713913
-27.83224678 69.82103729 36.72814178
-28.39124489 69.37303162 36.55714035
-35.62024689 66.80803680 37.99914169
-35.39024353 67.29103088 38.06713867
-26.26524544 78.11803436 23.49813652
-26.41224480 78.09703827 23.29813766
-42.04224396 69.25403595 3.73513699
-38.24824524 67.99303436 25.50113678
-24.28124428 77.86403656 25.54813766
-45.86124420 78.17703247 17.06813812
-39.03524780 69.59003448 5.55213690
-32.19624329 65.81203461 43.20714188
-41.83324432 80.14403534 43.51213837
-23.62324715 86.96103668 17.58413696
-32.81124878 65.77503967 42.62714005
-30.23124504 86.30703735 26.87813759
-37.49424744 68.89203644 34.97813797
-28.14524651 84.98903656 42.52313995
-26.28724480 76.34003448 17.09913826
-26.30224419 76.71403503 17.34813690
-27.23824501 87.25603485 22.23513794
-33.92324829 86.33403778 19.03213692
-32.52724457 86.51103210 17.96713829
-28.37724495 66.74003601 21.02513695
-29.04824638 86.42803955 36.91513824
-26.18824577 69.93203735 45.12014008
-25.78424644 70.40703583 44.91614151
-42.22324371 78.33403778 40.98714066
-26.96824455 82.21603394 23.81213760
-26.63324547 82.34803772 24.17913818
-25.79024696 82.48403931 24.22113800
-25.32724571 82.27803802 23.24113655
-30.74624443 65.76503754 32.07114029
-38.73824310 70.92703247 34.78713989
-38.82324982 70.52304077 34.81913757
-33.17624664 69.17603302 33.65613937
-33.11624908 69.24003601 33.36513901
-42.45224762 75.13504028 40.70513916
-31.57924461 85.02903748 15.06613731
-22.11124611 84.25804138 22.32713699
-28.62224770 86.27603149 22.97913742
-22.06024742 86.42803955 19.63613701
-25.58924675 76.38603210 40.80313873
-25.53524590 76.18203735 40.03113937
-25.55024529 75.78403473 39.91513824
-29.46724510 68.91903687 36.06914139
-29.93124580 68.98503113 35.88414001
-29.82424736 68.92303467 35.96213913
-38.82024384 80.91703796 35.00613785
-27.97724724 76.42003632 9.15913773
-24.13024712 78.00003815 44.94913864
-24.42524529 76.65703583 45.65814209
-24.43524742 75.77203369 45.57014084
-28.21524620 82.57303619 25.37113762
-32.86824799 82.50503540 31.04113770
-33.36424255 82.56903076 31.41813850
-24.54024696 78.98103333 45.43614197
-27.00124550 79.49003601 18.63513756
-30.40624809 66.47903442 44.59914017
-28.93524742 67.94803619 23.42313766
-43.93424988 82.59803772 4.05013704
-44.15324402 82.31404114 4.27913666
-35.95924377 71.35704041 30.08113861
-36.00824738 71.11803436 30.19313812
-27.29324532 80.27703857 18.86413765
-27.53124428 80.01203918 19.16513634
-28.68024635 68.04903412 20.27813721
-39.51224518 83.06903076 10.15513706
-26.05924416 72.94503784 9.70313740
-43.76324463 76.07803345 35.33514023
-30.04024696 80.74303436 23.55413818
-36.11524963 66.41903687 38.99314117
-35.99224854 66.33703613 38.93714142
-25.67424583 72.17203522 9.78913689
-25.80424690 72.34204102 9.85813713
-39.99624634 83.22603607 11.26013756
-39.24024963 85.60803223 44.06914139
-38.90924835 84.86203766 26.50813675
-39.10824585 85.07603455 26.22213745
-38.43324280 84.92903137 26.34613800
-26.37124443 76.91903687 11.44213676
-37.31924438 84.23004150 42.97914124
-36.77424622 84.39503479 42.69414139
-35.06824493 82.43003845 33.04813766
-23.22024727 77.60704041 38.17913818
-23.39324760 78.60203552 38.21813965
-28.00824547 72.95404053 34.04013824
-20.14324570 79.90803528 7.78813696
-19.88924599 80.76004028 7.74913692
-20.85024452 79.65003967 7.76313686
-20.63024712 80.04603577 7.80513716
-32.66124725 66.11403656 37.08213806
-26.34824562 77.75103760 11.50013733
-26.24824715 77.74103546 11.72213745
-26.69424629 73.49203491 16.36113739
-26.71624565 73.49504089 15.92113686
-26.80424690 73.39003754 16.20813751
-21.38324547 68.74103546 19.97013664
-21.62724495 68.26603699 20.79113770
-30.24924660 66.63303375 44.55213928
-30.28924751 66.51803589 44.31713867
-40.86824799 73.44303894 9.79313660
-41.10025024 73.41503906 10.15713692
-27.72924614 75.45503235 21.45013809
-27.90724754 74.49203491 21.54613686
-40.51725006 72.86903381 9.91913700
-27.31924629 78.97603607 19.49413681
-27.20024681 78.59103394 19.47013664
-40.35724640 75.16703796 34.71614075
-29.06624794 69.86703491 43.27714157
-37.89225006 85.55603790 24.87513733
-28.54324532 86.21203613 3.28913689
-36.16624451 83.12303162 35.10413742
-36.41624451 82.80903625 35.00013733
-26.44524574 69.51803589 14.92813683
-26.20124626 69.59803772 14.94413757
-30.64824486 85.80503845 45.27313995
-30.32624626 85.66104126 45.29014206
-25.93624687 69.39503479 14.96413803
-25.90824699 83.71704102 15.28413773
-38.94224548 84.43803406 20.11013794
-38.63024902 84.42203522 20.31713676
-24.48724556 79.59703827 45.17113876
-24.62524605 80.09303284 45.08214188
-26.17924690 83.46303558 39.77513885
-25.69824409 76.81203461 29.31713676
-20.29024696 83.67303467 5.91513729
-28.79224586 80.47603607 20.62413788
-38.64225006 72.13003540 8.02113724
-28.18624687 67.32503510 36.40214157
-32.61624908 85.73603821 44.82413864
-32.79424286 86.01103210 44.63114166
-19.79424477 74.35903931 4.70213699
-20.03324509 74.18703461 4.78013706
-44.16424561 79.10704041 43.06513977
-43.79124451 80.51303101 43.19113922
-36.52924347 82.19803619 26.47613716
-36.36824799 81.93904114 27.45613670
-36.81624603 82.58603668 35.08213806
-34.02124786 70.35003662 24.86913681
-33.43324280 70.23603821 24.24513817
-32.06924438 65.99703979 34.73413849
-32.64924622 66.11003113 34.39313889
-41.90424347 75.09503174 10.23613739
-21.35224724 66.75503540 17.27213669
-21.49524498 66.67603302 17.00213814
-38.95124817 69.19104004 26.38613701
-22.61924553 85.77104187 3.81213689
-26.18224525 75.51403809 15.08013725
-30.64024544 82.68803406 32.26113892
-34.07724762 85.36403656 44.36214066
-33.68824768 85.74703979 44.26914215
-28.29624748 76.44703674 7.31513691
-28.43824577 76.71003723 7.73713732
-43.28624725 70.64804077 4.81013680
-29.56824684 67.21603394 4.29113674
-29.59724617 67.08303833 3.93713689
-25.34824562 82.44603729 37.46113968
-25.01424599 82.13304138 37.88613892
-34.41524506 69.64403534 34.11314011
-28.78324699 80.64903259 33.83813858
-31.94824791 85.15903473 44.88714218
-25.57724571 82.44603729 37.28013992
-28.53124428 70.07503510 20.52413750
-32.84424591 85.11703491 44.62113953
-32.42424774 84.73803711 44.63814163
-32.65324402 84.81003571 44.62514114
-34.50724792 85.28103638 12.65913773
-34.33424377 85.25003815 14.43713760
-41.18924713 76.82803345 34.87113953
-29.21624565 86.80503845 16.46013832
-28.93724632 86.83303833 16.57513809
-33.73824310 82.41703796 31.34113693
-33.91824341 82.34603882 31.50913811
-26.29824638 74.61403656 13.84113693
-26.31124687 74.68703461 13.44713783
-33.39225006 80.23703766 38.32814026
-29.52624702 86.92103577 16.64013672
-29.21824455 86.95903778 16.71213722
-27.04824638 72.75603485 15.40413666
-45.57524872 79.50703430 20.24113655
-45.33724976 79.83703613 20.46313667
-45.60424805 79.58903503 19.98513794
-45.25824738 80.10003662 20.04413795
-43.66824341 74.95003510 35.46113968
-43.56624603 74.39503479 35.47914124
-43.50325012 75.12403870 35.20413971
-35.10424805 84.72703552 38.73114014
-27.60424614 78.84803772 8.40313721
-29.75624657 86.58603668 40.58314133
-29.75124550 86.66104126 39.30014038
-27.99224663 82.59403992 12.16113663
-26.01024437 79.06103516 28.87213707
-44.13824463 72.74603271 42.32313919
-43.98824310 72.55503845 41.39614105
-20.74624443 69.26103210 6.75913715
-32.04324341 69.16403198 33.88213730
-22.01824760 67.60603333 16.16613770
-22.46524620 67.00803375 16.04113770
-43.61924744 71.97303772 40.40414047
-28.67124748 87.19603729 25.89013672
-34.39225006 68.13803101 39.69414139
-32.92224884 69.96403503 30.35413742
-18.89524651 78.98603821 3.55213690
-18.96124649 79.13103485 3.38213682
-18.88224602 78.75603485 3.80913687
-34.20924377 68.07703400 41.08613968
-18.96224594 79.07803345 4.15513706
-22.17724419 68.68803406 4.86513710
-32.92424774 70.02503967 30.78413773
-32.65124512 69.82403564 30.80513763
-32.84124756 69.86603546 30.95913696
-37.28524780 86.14503479 41.19113922
-37.33024597 86.08503723 41.10913849
-37.27124786 86.16304016 41.19414139
-19.13724518 78.91403198 4.32613707
-22.08124733 68.80303955 4.75013685
-36.69924927 83.38003540 25.99513817
-41.52124786 78.88304138 27.60513687
-22.12524605 68.67403412 5.02313709
-27.54124641 71.94603729 13.91513824
-27.16324425 72.63603210 13.79613686
-38.48824310 68.39503479 26.03013802
-35.69424438 82.77003479 33.57114029
-35.55724335 82.94104004 33.93914032
-26.40924644 76.50703430 11.39313698
-26.68624687 75.99303436 11.00413704
-26.79524422 76.45303345 10.75113678
-41.01824951 84.21704102 43.84313965
-38.66524506 83.42404175 9.41613770
-38.68624878 83.67404175 10.12813759
-28.51824760 68.25203705 21.78213692
-26.51224709 77.17403412 11.18013763
-27.10724449 67.56604004 33.31013870
-26.73724556 67.56403351 32.52513885
-27.68324471 79.82003784 32.11513901
-27.50824547 79.62203979 31.76213837
-27.29824638 79.33103943 31.40413857
-40.69624329 81.24803162 6.14313698
-40.04524994 82.12603760 6.03613710
-25.65524483 79.44303894 24.74713707
-25.70724678 79.27203369 24.51913834
-30.92124748 69.55903625 21.36113739
-36.98524475 68.69104004 5.32813692
-37.23524475 68.68803406 5.27213669
-40.94324493 68.75403595 39.80514145
-25.49924660 69.38203430 8.55813694
-21.52224541 67.78703308 16.47613716
-24.51124763 75.37703705 31.09013748
-24.08624458 75.67903137 31.35013771
-29.16124535 67.37203979 40.71213913
-43.79524994 75.87703705 35.55014038
-40.22024536 80.31303406 35.12413788
-37.04724884 66.66603088 41.34914017
-37.37524414 66.63504028 41.63414001
-26.80924416 74.95503235 33.03614044
-26.69824791 75.10303497 33.50814056
-39.99824524 79.70003510 35.04413986
-31.83924675 83.93403625 32.50713730
-31.57624626 83.84903717 31.68213844
-26.94824791 75.00603485 33.59013748
-26.05224419 78.14403534 15.41613770
-26.09524727 78.66403198 15.57313728
-26.11624718 78.42604065 15.96113777
-26.21324730 79.02603149 15.99713707
-26.71824455 77.14303589 6.72413731
-26.80924416 81.92003632 10.27013779
-41.14424896 80.30303955 35.10913849
-41.86524963 84.54603577 4.67113686
-27.17924690 79.09204102 36.81013870
-26.58724785 77.36703491 36.92514038
-44.93325043 76.30203247 5.02513695
-44.90625000 76.00403595 5.27113724
-44.82324982 75.99504089 5.36313725
-42.39924622 80.54803467 35.22214127
-41.77824402 80.74504089 35.20013809
-41.81324768 72.76303101 41.76113892
-40.90724945 74.64804077 28.77013779
-40.65924835 74.83503723 29.49413681
-36.19524384 70.43003845 32.32114029
-28.60824776 68.89603424 24.16013718
-43.12224579 79.15103149 25.32113838
-43.59624481 73.69503784 13.41613770
-28.29424477 68.40403748 37.20013809
-43.72624969 78.64603424 12.80613708
-24.82124519 77.19104004 45.64813995
-38.26924896 83.82103729 39.51613998
-38.27424622 83.84103394 40.96414185
-21.30824471 77.15403748 5.41913700
-21.39124489 76.86803436 5.38013697
-42.72525024 79.88803101 11.67813683
-43.13824463 79.33903503 12.05213737
-35.71824646 82.27903748 25.76513672
-28.43324471 85.40803528 36.62514114
-21.54024696 76.69203186 5.38713694
-26.36524773 79.41503906 42.17914200
-34.06124878 66.02103424 43.93814087
-34.54024506 65.95803833 44.07413864
-24.45324516 76.48503113 32.19813919
-20.73724556 84.20603943 6.32813692
-33.95624542 66.01103210 44.22914124
-28.78324699 80.04903412 23.24713707
-31.29124641 69.50303650 21.69513702
-31.11924553 69.46503448 21.46313667
-37.67024994 71.61803436 34.55113983
-40.82124329 71.60603333 39.24414063
-35.45424652 82.06103516 30.70413780
-35.40124512 82.01503754 30.31013680
-35.05024719 81.98503113 30.32613754
-27.34424782 81.11703491 45.49113846
-38.69224548 68.42203522 35.66714096
-38.35324860 68.39103699 35.39514160
-32.06224823 69.58303833 10.44013786
-40.89024353 75.74203491 6.92713737
-41.26524353 76.08003235 6.58413696
-40.44725037 80.84303284 35.13913727
-27.59824562 71.18903351 45.18914032
-27.32424736 71.00203705 36.71213913
-27.31124687 79.63003540 39.17013931
-45.59724426 79.28804016 20.66013718
-45.33124542 79.60504150 20.97913742
-34.57424927 84.98204041 35.14714050
-40.13224792 84.90503693 43.99514008
-38.32225037 80.43003845 32.75413895
-28.20124626 66.12103271 21.87813759
-37.70624542 72.17803955 32.25914001
-37.81624603 72.21103668 32.63314056
-41.23224640 73.09703064 10.63313675
-42.91724396 83.35803223 5.30813694
-43.18524933 83.30104065 5.04913712
-34.23124695 68.86303711 38.11014175
-32.83824921 68.76004028 38.29713821
-27.43424797 74.37503815 22.25113678
-42.91424561 83.05803680 5.39313698
-40.15924835 70.42604065 42.25114059
-40.19924927 70.59003448 41.07714081
-40.46624756 70.73603821 42.08414078
-26.69724464 74.82203674 22.67813683
-26.56524467 75.00803375 22.72413826
-44.22525024 81.39903259 18.03313828
-44.37324524 81.21704102 18.00613785
-19.25824547 79.44903564 6.67513704
-19.32924652 79.36103821 6.31613731
-19.98724556 78.55503845 5.36313725
-40.16124725 85.46103668 3.59113693
-45.45324707 79.96603394 18.71313667
-25.70724678 86.01703644 16.15813828
-44.88324738 80.50804138 20.30913734
-37.60324860 81.72503662 27.76413727
-37.56024933 81.95703125 27.29113770
-37.31924438 82.08703613 26.99913788
-23.57824516 78.99803162 7.34013700
-23.86324501 79.01803589 7.38513708
-19.14424515 74.51103210 3.66313696
-33.68224335 68.53703308 16.21313667
-33.92824554 68.33603668 16.76013756
-37.22924805 81.79403687 27.73413849
-39.64424896 69.11803436 19.40613747
-39.95124817 69.19903564 18.65613747
-31.82224464 66.87303162 19.19313622
-44.46524811 77.82503510 41.69813919
-44.42224884 78.30303955 41.69314194
-44.36924744 78.59103394 41.13314056
-23.73724556 83.77003479 8.29113770
-40.96424866 80.34003448 27.35513687
-40.81124878 79.99504089 27.76213837
-25.30124474 84.30503845 8.42113686
-26.05224419 76.05104065 13.96013832
-31.90224648 66.97703552 19.29013634
-35.95724487 66.26403809 39.14313889
-35.59824371 66.05403137 39.70014191
-35.33424377 66.15403748 38.66513824
-39.14424896 72.01503754 28.11413765
-39.50124359 72.11103821 27.94613838
-29.82224464 70.51603699 12.96513748
-29.45224571 70.62303162 12.99713707
-39.37825012 72.23003387 28.27113724
-39.62624359 72.42003632 28.25113678
-39.81124878 72.33103943 27.83313751
-28.08824730 69.79403687 30.44313812
-28.15424538 69.75203705 31.09613800
-34.12024689 84.14403534 6.00813675
-24.11524773 84.99803162 4.56313705
-24.86124611 84.81903839 4.85113716
-24.85524559 70.74303436 37.83113861
-24.51724434 71.18303680 37.96614075
-37.55724335 85.35003662 21.47013664
-37.62624359 85.61403656 22.01513672
-39.35524750 70.21003723 34.94013977
-40.16024780 75.23603821 31.84313774
-39.87224579 81.93203735 6.18913698
-30.48624611 68.14803314 27.89313698
-29.82724571 68.37103271 26.73313713
-28.06724739 78.19403839 7.72113705
-30.78224754 68.44803619 29.22913742
-30.83624458 68.21403503 28.79413795
-25.60724449 75.35503387 39.74013901
-33.27824402 87.07203674 36.83514023
-32.50724792 87.07803345 36.49914169
-28.17024422 78.04803467 7.79313707
-28.14624596 77.79003906 7.56313705
-19.36924553 72.45303345 4.07613707
-19.39924622 72.19703674 3.94113684
-19.24424553 72.70503235 3.91713691
-36.00924683 85.62603760 35.81813812
-40.29425049 84.17303467 26.70013809
-40.00624847 84.48803711 26.58913803
-39.65224457 84.51303101 26.72613716
-42.65024567 74.66903687 26.14313698
-27.82524681 70.18003845 26.74913788
-27.34724617 70.30203247 26.60013771
-39.65224457 68.49103546 4.69613695
-29.28324699 65.91003418 34.46714020
-40.99424744 83.08203125 26.70013809
-40.08124542 75.23204041 33.02313995
-40.02124786 75.18103790 32.78313828
-19.13624573 75.73503113 3.23313689
-41.27124786 79.65303802 9.44413757
-41.27124786 80.12103271 9.73913765
-23.04024696 70.53003693 19.37013626
-23.48924446 70.48703766 19.58813667
-19.16424561 75.54603577 3.46413684
-30.77024651 85.81903839 16.14413834
-24.23224449 68.11403656 5.65313721
-20.56324577 83.73703766 5.47513676
-24.35824776 68.14703369 5.35613728
-23.37824440 78.46903992 37.95613861
-25.96224785 72.60704041 45.41514206
-28.01424599 70.34203339 45.14313889
-44.80624390 75.75003815 3.53113699
-38.41724396 78.65403748 37.81713867
-38.69524384 79.09703827 37.78913879
-28.31424522 86.51203918 20.10813713
-28.67624474 79.62603760 21.96613693
-30.53124809 86.81203461 28.38313675
-39.98724365 74.40803528 31.34713745
-39.65424347 73.88403320 31.45613861
-39.86524963 74.29203796 31.60513687
-30.51524544 86.98803711 28.89313698
-37.23024750 66.69203186 41.19314194
-37.84424591 80.95503235 33.62913895
-45.71424866 78.87303162 17.22613716
-45.56324768 78.96403503 16.89613724
-29.71124458 86.45303345 16.26813698
-22.35724449 77.25403595 5.69813728
-38.26424408 85.05203247 5.17513704
-38.95724487 84.70003510 5.24813700
-39.10025024 83.88903809 5.53213692
-38.49924469 84.25503540 5.48613691
-38.18524933 80.74803162 34.19513702
-38.65625000 83.79703522 5.65613699
-39.37524414 83.51303101 5.63613701
-31.57924461 85.88504028 29.48413849
-31.17924690 86.03103638 28.71713829
-30.73024559 85.94903564 27.69913673
-44.43325043 73.33703613 4.54413700
-44.41224670 73.33303833 4.18613720
-22.92124748 76.93103790 5.70013714
-35.80724335 85.05203247 11.55913734
-34.92724609 85.10603333 11.04813766
-40.10924530 82.47103882 43.06414032
-25.73224449 74.95903778 23.28913689
-37.08824921 84.35504150 39.81314087
-36.61425018 84.52104187 39.87113953
-37.29924774 84.29904175 40.76113892
-21.71924400 70.33903503 17.92713737
-21.57624626 70.21303558 18.01013756
-21.27124596 69.77503967 18.41713715
-33.54924774 82.76403809 32.60913849
-21.70224571 70.36503601 18.25313759
-34.57624817 67.10703278 35.29214096
-37.94824982 84.64203644 44.34313965
-27.48124504 65.99003601 17.49413681
-26.50624657 65.94303894 17.06213760
-27.56624794 72.93403625 35.12213898
-27.34624672 73.83003235 34.98814011
-25.26824760 77.63403320 37.27214050
-24.93224525 78.08803558 37.31914139
-25.29124641 77.99003601 37.27914047
-28.99824715 84.95204163 15.24013710
-28.94524574 69.65603638 29.30013847
-19.44924545 81.65303802 5.84713697
-19.75124550 82.23703766 5.52113724
-27.26924706 74.41803741 34.94614029
-27.36724663 74.72203827 34.79813766
-36.12124634 68.24103546 5.01213694
-35.97224426 68.27903748 5.16213703
-19.33524513 81.70003510 6.04313707
-19.34224510 81.16903687 5.92213726
-45.84124756 74.34204102 18.43813705
-26.55124474 74.42503357 12.85813713
-24.01624489 76.38203430 37.57413864
-24.50724602 76.30003357 37.43714142
-32.84724426 82.19503784 30.11813736
-32.89624786 81.95703125 29.74313736
-27.19824791 74.14603424 35.05213928
-29.20724678 84.65303802 9.92313766
-29.59224510 84.57303619 10.33513737
-37.14924622 71.41703796 7.19813728
-32.62924957 68.03703308 44.21813965
-22.98824501 68.93303680 23.35713768
-38.69124603 80.24403381 30.93113708
-38.63024902 68.49403381 35.47713852
-40.77424622 85.03003693 4.86913681
-38.32024384 67.83003235 25.14713669
-29.90524483 83.19104004 25.75413704
-29.83324623 83.34503174 25.48813820
-29.84024620 83.04403687 25.80613708
-38.17024994 69.12303162 34.97513962
-38.68024445 69.28303528 35.00914001
-38.46624756 69.57103729 34.89613724
-28.86224556 67.10203552 39.33113861
-29.09824562 66.91003418 40.00513840
-39.03024292 83.33703613 40.39614105
-29.35224724 66.68303680 40.64014053
-38.73724365 69.02403259 35.14513779
-33.69824982 85.15903473 15.89813805
-30.71924782 85.34703827 15.86313820
-30.90724754 85.32904053 15.87413788
-19.73924637 79.79203796 5.40013695
-34.25325012 85.19303894 16.31013680
-33.69224548 85.18003845 16.13913727
-30.82424736 85.14703369 15.71813774
-43.86124420 80.53103638 43.06414032
-29.09524727 69.29903412 35.73614120
-28.84024620 69.48503113 36.08113861
-29.13624763 69.00103760 36.00513840
-20.17824745 70.86003113 6.93313694
-20.13324547 71.16003418 6.62313700
-23.67424583 83.32503510 8.60413742
-24.11124611 83.53804016 8.70613670
-39.49624634 78.97203827 33.19113922
-24.18324471 71.06003571 17.34513664
-23.74924660 70.91803741 17.89913750
-24.15524483 70.97703552 17.71413803
-32.71724701 66.88603210 17.34513664
-32.38824463 67.31003571 16.65013695
-44.58724976 81.71603394 4.50013685
-44.71125031 81.42803955 4.43413687
-27.59224510 68.39403534 44.88914108
-27.29624748 68.57603455 44.53514099
-26.91224480 68.87603760 44.23614120
-26.55924416 69.25503540 44.33713913
-27.18124580 72.47003174 17.11713791
-27.18224525 72.31803894 17.10713768
-41.01224518 71.18903351 5.68313694
-24.77224541 65.53603363 22.36713791
-33.59324646 85.14103699 10.23113728
-43.33124542 81.66203308 43.23213959
-38.11924744 83.76004028 9.48313713
-35.75024414 82.58203125 33.05513763
-34.88424683 82.45303345 33.08113861
-26.84324455 71.72203064 17.85813713
-27.01924706 71.75303650 18.17713737
-29.63224602 85.78103638 43.96813965
-32.93924713 82.73303223 32.00313950
-33.08824921 82.63403320 31.66513824
-26.75724602 71.72403717 17.54013824
-40.97525024 72.53503418 10.89813709
-25.53924751 82.75103760 37.91313934
-25.94224739 83.15203857 37.78414154
-27.20824623 72.54103088 17.77513695
-31.96724510 86.23004150 3.52713680
-31.41724586 86.22003174 3.41613698
-25.79624748 82.94303894 37.39413834
-26.28424644 83.36203766 37.34914017
-40.51924896 71.80903625 11.16813660
-39.98624420 71.33203125 11.15013695
-38.34224701 70.66003418 27.20313835
-35.03324890 70.30203247 6.30713701
-34.41424561 70.12403870 6.26513672
-29.57524681 84.43403625 5.63813686
-32.21024323 69.67503357 30.77013779
-34.60324860 69.91803741 6.03913689
-36.19924927 68.47703552 38.63814163
-46.13024902 78.07303619 19.19313622
-19.72024536 80.52903748 5.36313725
-19.59524536 81.07704163 5.49613667
-37.28224945 68.85603333 38.40314102
-36.97324371 68.81003571 38.15613937
-20.53124428 72.23003387 5.95213699
-20.76724434 72.22603607 5.53413677
-20.60624504 72.83903503 5.81413698
-38.87724304 80.06503296 34.10113907
-38.67824554 80.15203857 33.91814041
-25.07224464 73.79703522 7.65813732
-20.49924660 72.51203918 6.00813675
-20.33724403 72.40903473 6.20713711
-26.07824516 68.26603699 5.95813704
-29.35824776 68.97103882 20.42613792
-20.24224663 83.47603607 5.58613682
-44.83824921 75.21603394 4.29213715
-44.71324921 75.15803528 3.82413697
-27.84824562 68.39503479 37.91213989
-34.91524506 68.16703796 5.09613705
-24.47324562 82.09803772 16.56713676
-24.65024757 82.02003479 16.45813751
-28.81824684 86.01903534 4.60813713
-44.31424713 81.90403748 4.98113680
-40.68325043 81.63203430 42.61613846
-29.66024590 86.27703857 4.20213699
-42.39724731 81.33503723 35.56813812
-20.37824440 79.68403625 7.80113697
-29.53624535 86.15403748 4.48513699
-29.23524666 86.19503784 4.40713692
-39.98424530 73.35503387 6.68813705
-30.94724464 69.12403870 33.99113846
-27.69524574 80.10103607 31.62613869
-27.53624535 79.91203308 31.55313683
-27.65824699 80.03403473 31.78413773
-41.16324615 78.57703400 8.53913689
-41.19024658 78.07103729 8.51813698
-28.95424461 86.06203461 15.89513779
-34.24824524 65.88703918 41.33713913
-33.98424530 65.81604004 41.44913864
-34.03024292 65.79803467 42.00214005
-26.82724571 86.10403442 3.62913680
-26.93224525 86.15003967 3.42213678
-28.45024681 71.97903442 11.79013634
-28.52224541 71.86103821 11.57813644
-34.60124969 85.41003418 5.11613703
-34.59424591 85.36703491 18.47213745
-34.64225006 85.11003113 18.40213776
-34.85224915 84.65503693 38.64913940
-28.60624504 71.77304077 11.85813713
-28.33324623 75.05503845 7.75413704
-19.35024643 81.92103577 3.82413697
-38.24924469 69.94403839 26.87113762
-26.96524620 74.03003693 18.65213776
-26.99624443 73.54403687 18.38113785
-42.00524902 74.40203857 10.64813709
-36.63124847 86.57704163 39.94213867
-37.24424744 81.89303589 34.66913986
-37.01624298 82.02403259 34.55413818
-25.91224480 85.88403320 16.12613678
-36.91824341 69.39503479 37.84614182
-34.58724976 85.25503540 13.63513756
-41.24224854 83.64403534 25.57813835
-23.36224556 86.91703796 21.05813789
-26.96524620 81.04803467 11.95713806
-37.43224335 68.67903137 18.60913849
-26.17824745 74.87303162 22.95713806
-40.54224396 80.20204163 7.26713705
-40.33324432 80.68703461 7.22213697
-26.68424416 73.48204041 15.00313759
-26.84724617 73.24703979 15.21213722
-39.99524689 81.57003784 35.13013840
-40.08724976 82.09403992 35.22013855
-39.74024963 81.42803955 35.12014008
-26.67524529 73.45003510 14.19113731
-26.84824562 73.16403198 14.55613708
-40.26725006 80.59703827 27.78413773
-22.38224602 82.77203369 17.46813774
-22.50124550 83.21903992 22.22813797
-22.79424477 83.50703430 23.15013695
-27.06924629 72.82603455 13.65913773
-39.54024506 74.28603363 33.38613892
-24.12424660 79.59503174 43.14614105
-44.09624481 76.70103455 37.17113876
-24.82724571 75.00703430 24.04513741
-25.14724541 75.12303162 23.77513695
-26.49424553 67.66203308 15.02513695
-32.20424652 69.10303497 5.59013700
-26.94724464 72.98204041 14.04113770
-26.91524696 73.14903259 14.25713730
-36.91424561 68.12103271 44.00114059
-37.32824707 68.31703186 43.89413834
-36.71924591 86.65803528 42.50914001
-40.91724396 73.89103699 28.16113853
-40.61224365 73.63903809 28.42113686
-41.24624634 78.99803162 37.62313843
-40.47924805 74.74403381 7.27713728
-40.51224518 74.85403442 7.47913694
-26.28424644 77.50403595 23.21713829
-40.99824524 81.54303741 5.99113703
-41.26524353 81.71603394 5.85513687
-41.35224915 81.10903931 5.99113703
-31.17124748 79.09703827 38.66614151
-32.01124573 79.80203247 38.57614136
-26.11624718 75.82904053 23.03413773
-20.24224663 82.94503784 4.97713709
-31.83224678 75.45703125 38.47314072
-31.11324501 77.90803528 38.63914108
-31.80424690 77.04103088 38.52613831
-28.84724617 81.84903717 35.01813889
-28.70424461 81.26203918 34.06813812
-28.69624519 80.51103210 34.10413742
-28.83624458 80.76603699 33.96513748
-33.41624451 83.22303772 33.58613968
-33.61324310 83.10303497 33.54113770
-36.87224579 66.45803833 42.09014130
-27.95124626 77.59603882 34.24514008
-26.09624672 67.09603882 31.14713860
-26.46224785 67.02703857 31.89313698
-19.87024498 79.79103088 5.16413689
-19.87724495 79.10203552 5.12113714
-41.53824615 83.12503815 21.78313637
-44.40024567 73.81404114 23.30313683
-25.76724434 67.60803223 30.40513802
-39.29724884 79.40703583 34.08013916
-43.96324921 73.11303711 23.44813728
-20.76724434 79.06604004 7.66513729
-35.48324585 67.53503418 37.84814072
-22.56424522 78.45803833 6.70513725
-27.66624641 78.68403625 35.06013870
-22.79724693 78.38903809 6.66013718
-19.87824631 75.10303497 4.70313692
-29.31524467 83.24703979 39.37614059
-29.40524483 83.14804077 39.18613815
-38.26124573 82.92303467 7.35113716
-44.47224426 73.48603821 4.94113684
-29.70524788 83.47403717 39.25914001
-30.26124763 83.76303101 39.17314148
-30.75524712 83.83803558 39.02513885
-28.00224495 72.58303833 11.13113785
-37.67124939 83.56803894 8.38913727
-36.11224365 70.60003662 33.44913864
-27.64824486 75.20003510 9.89713669
-22.26424599 86.59103394 18.41313744
-22.46224403 86.72703552 18.69513702
-41.16424561 75.45404053 8.92813683
-23.05024529 82.29703522 17.45413780
-22.97824669 82.48603821 17.34113693
-44.60124969 76.14303589 41.10113907
-28.27124596 68.87103271 28.04913712
-27.78824425 68.87703705 27.90913773
-27.66324425 68.88504028 28.24413681
-29.79824638 70.43503571 13.13113785
-29.29124641 67.03103638 19.10613823
-20.76424599 83.94303894 6.95413685
-37.72624969 68.11703491 4.42813683
-19.21824646 76.03903198 3.38313699
-19.18524551 76.33703613 3.45013690
-38.27324677 68.41903687 4.85913706
-38.03324890 68.43403625 4.91313696
-26.07824516 77.53503418 44.04114151
-34.35924530 67.64603424 3.79913688
-34.43524933 67.69303894 4.03313684
-34.18024445 67.63603210 4.04013681
-37.96824646 68.64303589 5.18113708
-35.31324768 85.93203735 23.20313644
-36.65224457 85.88103485 23.79113770
-37.22324371 86.28503418 42.44113922
-37.92524719 85.34403992 25.34313774
-35.04624939 85.63603210 35.90713882
-34.25824738 70.62004089 31.06813812
-38.50024414 66.65203857 43.59413910
-28.22524452 84.42103577 9.73313713
-27.33924675 83.87203979 9.79013729
-40.20324707 77.44903564 34.41814041
-44.25824738 79.91304016 5.55313683
-43.93724823 80.34703827 5.59213734
-25.31324577 73.25403595 28.12213707
-32.36824799 67.61603546 31.01613808
-38.66124725 85.50903320 4.77613688
-23.81024742 72.86703491 40.81114197
-39.66924286 69.47203827 22.69513702
-33.41824341 85.84103394 44.30313873
-33.09924316 85.70003510 44.48714066
-40.52124786 70.16103363 23.79613686
-44.25225067 76.47303772 24.33013725
-44.43824768 77.31703186 24.02213669
-39.19124603 70.71103668 11.27513695
-39.75624847 70.85603333 11.63213730
-30.17124748 86.26703644 4.39013672
-30.14024544 86.29503632 4.14913702
-42.60924530 76.49003601 26.58513832
-45.53924561 74.16603088 21.14113808
-37.09224701 81.95603943 33.27613831
-29.15124702 69.36403656 32.37313843
-28.93924522 69.58203125 30.47413826
-43.59124756 76.56604004 12.37113762
-30.89024544 67.29403687 3.93613696
-30.68124580 67.33003235 3.52413702
-28.53924751 86.19403839 38.45013809
-34.70924377 66.68203735 35.61114120
-35.13724518 67.05503845 36.78813934
-24.53224754 85.08003235 15.96813774
-24.84024620 85.20103455 15.91913795
-39.88224792 69.44104004 24.86613655
-28.40424538 72.01004028 11.74213791
-43.91624451 80.47403717 42.84614182
-43.63424683 80.87503815 42.85314178
-44.74824524 81.13403320 3.67613697
-44.81124878 81.00403595 3.41213679
-44.88524628 80.48903656 3.24113679
-44.89324951 80.64103699 3.47213697
-41.38624573 73.06503296 37.87213898
-41.39724731 72.80303955 38.28414154
-19.40124512 73.92604065 4.31613684
-23.76124763 87.04803467 20.35413742
-31.05324745 81.99003601 22.21913719
-30.85024452 82.07803345 21.99313736
-43.45524597 81.43603516 42.54014206
-43.48524475 81.21203613 41.50513840
-26.37724495 75.65003967 12.55113792
-26.69924736 76.53804016 35.61114120
-29.83724785 83.19903564 39.07213974
-37.17824554 85.03403473 16.03113747
-35.98424530 85.11503601 16.32713699
-39.69424438 69.83203125 25.92913818
-43.92624664 81.45703125 16.71613693
-22.77024651 66.77503967 23.22013664
-36.18124390 85.07803345 16.03013802
-35.92324829 85.14103699 15.90213776
-36.50224304 85.11103821 15.80313683
-36.53624725 85.07904053 16.20013809
-30.74824715 68.48903656 20.20613670
-23.57324409 66.49303436 24.77113724
-23.05524635 66.64903259 23.73413658
-31.06224632 68.29803467 20.12313652
-31.26324654 68.30903625 20.16713715
-32.41024780 69.25203705 14.08713722
-42.65224457 69.77403259 4.09513712
-26.92524529 72.72003174 31.41613770
-26.62624550 72.74504089 30.72113800
-39.70424652 72.11503601 27.78213692
-40.09924316 72.34603882 27.67213821
-39.46724701 71.80203247 34.79314041
-37.53324890 67.54503632 37.65613937
-37.93524933 67.74103546 37.23313904
-42.46224976 69.56303406 4.58013678
-42.36324310 69.46603394 4.32913685
-40.98224640 73.36703491 34.89313889
-35.53924561 67.21003723 19.58113670
-25.85824776 81.14403534 17.51113701
-28.70524788 81.78804016 28.28313828
-28.42124748 81.55303955 27.35413742
-43.25824738 77.39003754 35.05413818
-42.62524414 82.74603271 19.90613747
-42.67424774 82.46603394 21.07713699
-28.51024437 79.82403564 20.94813728
-26.41124535 74.42803955 13.32713699
-24.85724449 79.23903656 26.16813660
-25.02424431 79.31604004 26.63913727
-36.02624512 69.02703857 25.29013824
-35.85025024 69.14803314 25.14313698
-27.61824608 75.59603882 6.96113682
-27.76424599 76.05703735 7.03413677
-28.15524483 75.94203186 7.26613712
-20.83824730 73.94803619 5.68213701
-20.78924751 73.97403717 5.45513725
-27.46924782 83.05503845 14.51313782
-26.91324425 74.07703400 18.21713829
-26.81824684 73.81103516 17.79713821
-26.74324608 74.17503357 17.84213829
-20.84024620 73.94303894 5.92013693
-38.90024567 69.02203369 20.72913742
-27.85124779 81.78103638 36.56113815
-20.80824471 73.56803894 5.83813667
-26.81124687 73.55203247 17.24213791
-26.79624748 73.60303497 17.57813835
-29.55924797 66.85303497 41.33514023
-29.57624626 66.64403534 41.30213928
-29.41324806 66.80703735 40.88513947
-28.06724739 67.80103302 36.69213867
-23.91824532 70.35103607 7.58613729
-24.04224586 70.36703491 7.64613724
-22.17624474 86.37004089 20.31613731
-22.11924553 86.16003418 20.72913742
-40.86624908 79.32603455 6.97713709
-38.38424683 67.66603088 23.66313744
-37.51024628 85.60603333 4.86713696
-27.34524727 80.41003418 10.56113720
-27.54524422 81.02803802 10.75113678
-27.26724434 80.57003784 10.85413742
-27.06824684 70.17903137 28.75613785
-26.88924599 70.26403809 28.03813744
-21.18024635 84.24703979 4.71813679
-32.02524567 67.47103882 19.83713722
-29.79824638 70.58103943 25.16313744
-21.03524590 84.52403259 4.32413673
-40.05724335 82.35203552 41.83013916
-41.91724396 79.14003754 40.28414154
-29.08424568 70.78804016 24.85213661
-24.40124702 81.45903778 18.62813759
-24.46524620 81.55403137 19.31013680
-24.90824699 81.34403992 17.81713676
-40.28125000 82.04904175 39.42813873
-27.01224709 86.00103760 32.61013794
-27.08724785 85.62203979 33.15813828
-26.74624443 85.79503632 32.10913849
-34.32024384 86.47003174 35.54613876
-25.11624718 69.53603363 15.11713791
-25.41324425 69.25803375 15.01113701
-24.04224586 81.54803467 18.07213783
-24.08124733 81.50303650 18.31813812
-37.19724274 68.03503418 4.00913715
-37.47525024 68.06803894 3.86513686
-31.85124779 65.97403717 35.19514084
-32.19524384 66.01103210 35.62514114
-34.26324463 84.87004089 40.40113831
-30.38624763 83.37703705 27.92013741
-27.93524742 84.28503418 35.01913834
-35.62324524 81.37004089 29.48513794
-36.21224976 81.25103760 29.74713707
-27.48924446 69.36703491 36.88214111
-37.69924927 82.12103271 35.18114090
-36.56224823 71.30803680 32.23013687
-26.12124443 76.29903412 15.44713783
-26.07024574 76.39403534 15.71113777
-39.25624847 80.67604065 28.63013840
-39.49424744 85.49003601 43.31414032
-39.44324493 85.22903442 39.83214188
-30.26924706 66.34903717 17.97913742
-30.85324669 66.39603424 17.99013710
-26.10124779 76.62103271 16.26013756
-33.20324707 69.38203430 12.61413765
-28.64524651 72.42903137 22.35713768
-28.14024544 72.78703308 22.46113777
-40.90924835 83.96303558 26.30913734
-40.65124512 83.95603943 26.62613678
-28.23724556 71.71003723 11.03313732
-30.06724739 66.23603821 40.92914200
-39.32124329 68.23903656 24.31713676
-30.56724739 66.08703613 41.98814011
-31.21624565 65.93403625 42.83813858
-21.70924568 75.44803619 5.41213703
-21.62424660 75.14903259 5.45113707
-38.38324738 80.61503601 30.13213730
-26.10924721 69.42103577 38.14813995
-25.61824608 69.89103699 38.11714172
-28.40624428 68.21603394 35.42414093
-26.86024666 86.08103943 3.95013690
-32.67624664 81.63003540 28.17713737
-33.43924713 81.63003540 28.12313843
-28.52324486 66.13603210 34.48014069
-23.51024437 85.82503510 24.59713745
-23.01724434 85.64403534 23.74513817
-38.35724640 85.08703613 35.85213852
-26.20824623 69.09703827 8.42213726
-32.39524841 83.57103729 34.35213852
-27.96124458 73.88803101 34.51813889
-27.18424797 75.26303101 34.68313980
-34.15024567 86.15903473 3.67013693
-27.93524742 80.73403931 31.90513802
-27.90024757 80.53003693 31.76213837
-27.75924492 80.59703827 31.47513771
-27.51324654 80.97003174 30.97013855
-35.08024597 67.69703674 37.33713913
-34.87324524 67.83603668 36.89813995
-35.02324677 67.84203339 36.82014084
-24.52524757 78.08203125 45.65914154
-24.34524727 77.80003357 45.57814026
-41.34124756 81.90703583 35.31813812
-41.22124481 81.73703766 35.28514099
-37.69725037 84.77703857 12.76713753
-30.58824730 82.38504028 30.52213860
-29.54824638 85.59004211 20.31613731
-31.57224464 69.54103851 30.67613792
-29.50524712 81.97803497 28.84813690
-24.65024757 69.90503693 8.39013672
-39.75624847 74.69703674 34.22213745
-40.25924683 75.58703613 31.84913826
-40.28624725 76.06404114 31.92713737
-23.20824623 69.80003357 21.89813805
-22.49124718 69.96203613 20.53413773
-27.63924599 83.42404175 28.90413857
-27.36324501 83.39103699 28.44413757
-20.43724632 73.58303833 6.44313717
-23.99224663 86.77203369 23.48813820
-24.35224724 86.85003662 23.88113785
-34.52124786 87.15503693 39.31314087
-28.46524620 81.57403564 36.13613892
-28.42724800 81.76503754 36.26314163
-33.20324707 87.10403442 40.23413849
-27.08224678 77.52503967 32.07513809
-33.87324524 87.09204102 40.13513947
-24.96524620 75.57203674 24.00213814
-27.81924629 80.67803955 19.66213799
-28.25724602 80.75804138 20.18313789
-23.85324669 83.03203583 8.85813713
-24.58324623 82.23403931 9.50713730
-26.51624489 77.83103943 18.07313728
-26.75224495 77.00903320 18.80913734
-31.30724525 82.23903656 29.91513824
-30.50724602 82.01903534 28.93413734
-35.84924316 68.17803955 18.59813690
-24.14224434 78.37303162 44.72713852
-29.05524635 83.69703674 21.14413643
-37.36324310 71.69403076 34.45713806
-37.76725006 71.11103821 34.62014008
-37.50624847 71.23103333 34.61413956
-37.51424408 71.79103088 34.44013977
-31.96324730 68.72303772 32.82913971
-31.63924599 68.75003815 32.89913940
-33.31024933 86.09004211 4.74613667
-33.17224884 86.20503235 4.52013683
-25.39324760 81.85704041 44.42414093
-30.30024529 83.08903503 38.96414185
-31.07124519 83.78103638 38.94414139
-28.76924706 85.98703766 40.39413834
-37.78824615 82.47603607 26.94113731
-30.50324440 84.02703857 40.44514084
-29.74324608 83.58903503 40.70613861
-25.85824776 77.62203979 42.14014053
-25.72024727 77.12303162 41.54214096
-27.55824471 74.18803406 33.85113907
-27.33324623 74.43803406 33.34013748
-24.60524559 75.47703552 32.20113754
-31.83224678 69.72003174 10.71713734
-32.02324677 69.61803436 10.65913773
-31.77524757 69.59603882 10.38413715
-32.08524323 69.71103668 11.20113754
-26.00124550 76.97003174 43.59214020
-27.41324425 81.40103149 19.62413788
-36.64824677 82.32904053 32.62313843
-24.07424736 69.84203339 22.04413795
-26.00824547 81.16403198 17.04713821
-40.28224945 78.05503845 34.82313919
-26.44724464 84.64103699 8.15813732
-32.08624268 85.87004089 45.05014038
-31.65424538 85.69803619 45.12113953
-31.73324776 85.91304016 45.10913849
-26.72224617 78.90903473 7.90513706
-39.54724884 69.34903717 26.02113724
-36.25724792 85.40903473 35.55714035
-35.18624878 85.25804138 35.39313889
-24.34424782 68.71703339 6.75813675
-24.66324425 68.84803772 6.79713726
-33.78024292 84.96403503 22.79413795
-25.54724693 79.01703644 7.69713688
-25.34724617 79.24203491 8.25213718
-25.43324471 79.15103149 7.90913725
-40.08124542 81.17803955 6.70513725
-28.74824715 82.58603668 23.95413780
-44.14225006 73.68904114 5.43113708
-38.32824707 70.03703308 11.84713745
-36.20424652 82.59703827 33.21413803
-25.29124641 70.41304016 37.49414063
-25.82624626 70.06003571 37.35514069
-31.82824516 69.37303162 9.92813683
-25.15124702 71.44104004 9.50913715
-27.08724785 78.05104065 19.28713799
-44.81424713 76.97303772 5.17713690
-28.43724632 73.02903748 21.38013649
-26.93424416 77.24803162 19.32013702
-24.57824516 69.36603546 24.31213760
-25.29724693 69.48503113 23.67713737
-24.65824699 69.52803802 23.50513649
-28.14224434 71.21903992 36.24414063
-28.15324593 73.59204102 21.59313774
-37.22324371 83.56203461 35.29214096
-37.79824829 83.57003784 35.30913925
-28.95624733 65.65203857 27.83213806
-35.92924500 68.09303284 43.52014160
-34.30524445 67.93603516 43.74214172
-37.40324402 83.16203308 35.28414154
-37.15124512 83.15803528 35.25313950
-28.58124733 69.95803833 33.03413773
-30.65424538 65.88803101 35.14014053
-30.71324730 65.92303467 35.66814041
-43.42424774 77.48204041 35.12714005
-30.93224525 84.91104126 7.93013716
-28.50224495 69.67603302 32.54013824
-28.27724648 70.06103516 32.41613770
-28.83124733 66.22303772 23.78213692
-29.73524666 65.82403564 33.90513992
-32.09824371 86.93803406 41.82213974
-29.52524757 81.03903198 25.27513695
-26.23324776 73.19203186 40.45314026
-44.16024780 77.51103210 13.33513641
-44.13524628 76.61503601 13.29113770
-35.04224396 70.22903442 8.09613705
-34.18824768 69.87603760 8.40013695
-27.68024635 85.84503174 34.56213760
-22.73424721 69.26203918 7.23413706
-40.38824463 73.88903809 6.62713718
-44.87524414 76.73204041 14.61113739
-28.10324669 69.26004028 22.70013809
-27.99224663 69.45403290 22.16713715
-27.86424446 69.49803162 22.44113731
-31.08524513 87.03403473 36.69813919
-40.08524323 68.90103149 5.13113689
-40.13424683 69.14303589 5.26013708
-40.47224426 68.98103333 5.08513689
-40.39424896 69.18003845 5.23413706
-39.85824585 68.98903656 5.30013704
-20.99724388 69.26903534 7.10413694
-20.81424522 69.35704041 7.12513733
-21.13424492 69.15703583 7.13913727
-42.47424316 82.20103455 38.64313889
-40.04224396 84.14903259 14.87913704
-42.69324493 83.88803101 3.51213694
-25.62824440 72.37203979 9.67713737
-30.38424492 66.67503357 44.67414093
-30.52824593 66.84803772 44.71714020
-26.69524574 76.83403778 6.60813713
-29.08324623 66.41503906 36.88214111
-42.48224640 84.09703827 3.66613698
-42.20424652 84.24703979 3.55613685
-26.90924644 68.98803711 26.05513763
-26.73024559 69.03403473 25.50313759
-41.66024780 76.26503754 34.85913849
-41.75124359 75.36403656 34.90414047
-19.65424538 78.65003967 6.61913681
-19.80824661 78.44503784 6.59913731
-41.84824371 77.43503571 34.93713760
-38.00924683 80.79303741 30.06213760
-19.53724480 78.79203796 6.83613682
-19.49324608 78.96903992 6.49613714
-33.34524536 84.43703461 33.89313889
-27.38724709 72.02003479 18.61513710
-36.31924438 70.73003387 31.25913811
-35.95224762 70.49603271 31.02313805
-36.16224670 70.54403687 31.52313805
-32.95224762 84.30703735 33.56013870
-28.55624580 71.70803833 20.49213791
-43.29924774 83.29103088 4.73613691
-43.39724731 83.17803955 4.98013687
-33.90024567 73.97403717 38.21514130
-34.09924316 72.14903259 38.13814163
-32.58124542 71.88203430 38.30813980
-33.31424713 72.68203735 38.24414063
-27.43224525 84.44603729 5.44813728
-27.93524742 71.19503784 19.74013710
-39.57924652 69.27403259 15.99513817
-38.84124756 69.06903839 15.88313675
-37.00424957 84.27304077 35.40613937
-21.78924751 82.63003540 18.35913849
-21.71824455 82.84403992 18.30313683
-22.01924706 82.49103546 18.43213844
-19.93624496 77.17203522 4.98613691
-36.78024292 81.61403656 31.46313858
-36.81124878 81.58803558 31.12113762
-19.18424606 82.16903687 3.22313690
-19.25424576 82.67703247 3.30213690
-24.08224678 74.25803375 37.58113861
-28.86524773 83.96103668 22.04113770
-32.31724548 68.43503571 38.65914154
-32.61324310 68.48204041 38.46113968
-32.61924744 68.37203979 38.68413925
-28.31824684 80.01103210 20.18713760
-39.49724579 74.14103699 33.42613983
-33.08124542 86.22703552 18.03313828
-33.32524872 66.63703918 33.77813721
-33.54924774 66.82703400 34.03113937
-33.69724274 67.13003540 34.04813766
-23.50524712 79.09803772 38.01113892
-28.02324486 73.78303528 21.26713753
-28.42324638 69.44803619 14.70513725
-27.42024422 74.59103394 20.26813698
-27.27424431 74.62703705 19.97113800
-33.13824463 68.38103485 16.24813843
-24.17624474 80.59003448 40.09313965
-23.88724709 79.99703979 39.60813904
-23.63724709 79.43904114 38.80514145
-26.94924736 75.32003784 19.41313744
-43.57024384 71.39003754 42.84014130
-43.83224487 71.93403625 42.83414078
-32.28224945 68.49003601 15.70813751
-33.09824371 68.48204041 16.09313774
-41.11524963 84.39303589 43.39313889
-38.58424377 80.52304077 34.59513855
-40.10624695 77.83703613 33.43513870
-39.98724365 78.11703491 33.60313797
-40.07324982 77.86703491 33.64113998
-41.26524353 71.71704102 42.00614166
-40.52624512 76.24203491 34.78013992
-40.54624939 76.57303619 34.77513885
-26.46724510 75.29703522 33.85514069
-29.61024666 66.45103455 40.32114029
-26.24524498 75.69104004 16.52513695
-27.90124702 77.56303406 9.16613770
-44.58424377 77.51203918 42.50114059
-45.99824524 77.52203369 20.87813759
-44.83224487 76.17003632 3.33313680
-44.50924683 78.26703644 42.83314133
-44.54824829 78.13903809 42.59214020
-28.18024635 77.88903809 8.55513763
-28.19624519 77.63903809 8.67313766
-43.63524628 71.47503662 5.10913706
-28.59024620 67.02303314 15.55013657
-29.30024529 67.46303558 15.30413818
-27.72324562 68.09503174 39.74113846
-28.12524605 67.80403137 40.49214172
-43.50024414 71.16503906 4.89513683
-43.61124420 71.38703918 4.80513668
-44.46524811 77.45803833 42.87514114
-29.34824562 67.27503967 15.46613693
-35.38224792 82.11903381 31.74013710
-44.33124542 77.22803497 42.98014069
-44.15324402 76.81203461 43.02814102
-24.23624611 72.17203522 8.35413742
-41.38424683 83.29003906 25.24613762
-41.13224792 83.53804016 24.94413757
-41.01124573 83.67803955 24.77013779
-23.50024605 73.76303101 37.77413940
-23.45124626 73.72403717 38.22613907
-43.21024323 73.71803284 43.19113922
-42.97424316 74.74003601 43.26713943
-31.55324745 83.93103790 30.82113838
-31.81424522 84.09003448 31.03413773
-42.08924866 69.50203705 41.49713898
-42.17524719 69.73903656 40.70914078
-42.37424469 70.16703796 39.81513977
-29.78224754 82.84703827 26.38713837
-23.53824425 73.43503571 37.83613968
-41.89924622 81.52903748 35.37313843
-28.79224586 82.66203308 23.64713669
-28.87324715 72.13103485 22.54213715
-29.00424767 71.87103271 22.83813667
-43.89524841 73.08903503 42.97513962
-44.17324829 73.11103821 42.86513901
-28.62524605 67.02003479 3.43913698
-44.04324341 81.21403503 16.38013840
-28.75124550 82.69703674 22.99813652
-19.27324486 76.43703461 3.78413677
-40.96224976 83.74403381 20.13513756
-45.76324463 79.00403595 20.46213722
-34.82024384 71.25103760 29.23113823
-25.47224617 76.15403748 6.13113689
-37.07724762 81.07103729 29.95213699
-29.49724770 67.04503632 41.38713837
-42.51824951 78.26403809 10.74813747
-20.57424736 71.43403625 4.57313681
-24.73724556 76.23603821 32.77613831
-23.15124702 85.35603333 24.29013824
-37.26524353 71.74504089 33.86113739
-29.60324669 86.95903778 33.62513733
-30.68124580 85.61203766 20.44513702
-29.94624519 85.70503235 15.95313835
-37.43724823 66.58803558 41.96014023
-24.76324654 78.69203186 26.44713783
-24.71224785 77.95003510 26.73913765
-42.72324371 74.86703491 42.72814178
-45.99724579 78.68403625 19.55913734
-45.84324646 79.28303528 19.12913704
-26.38924599 76.59603882 17.78313828
-29.57724571 65.86303711 26.89913750
-29.56924629 65.98103333 26.43713760
-29.82024574 70.18503571 21.08613777
-30.17824745 70.24403381 21.33713722
-30.31324577 69.90303802 21.27713776
-30.05224800 66.07003784 27.20313835
-41.44624329 68.72003174 42.67514038
-33.88924408 68.00103760 34.78413773
-31.19624519 68.99703979 34.58213806
-26.82624626 87.17903137 17.32213783
-24.80024529 76.83503723 32.67113876
-42.22624969 83.84903717 5.10013676
-26.61524773 80.62103271 16.37613678
-26.64424706 80.84003448 16.75013733
-41.93524933 82.68303680 22.46713638
-33.28524780 84.62803650 43.61714172
-33.88024902 84.68803406 43.84814072
-22.19324684 85.80104065 3.36613679
-33.14924622 85.56703186 5.05013704
-33.58224487 84.93603516 5.37713718
-33.23024750 84.33303833 5.76213694
-23.49524498 79.82403564 7.79113722
-36.68024445 70.00303650 10.55313683
-23.61724663 79.59603882 7.73813725
-28.17124748 68.28703308 34.88813782
-27.27224541 67.88203430 33.50914001
-27.99924660 68.04603577 34.92613983
-28.38524437 65.74903870 24.70513725
-28.35224724 65.63703918 26.20513725
-27.96424675 65.60703278 26.27713776
-42.21624756 70.21603394 18.50213814
-40.70524597 69.53303528 19.91513634
-23.86024666 79.50603485 7.75113726
-42.74624634 78.27503967 26.21513748
-22.78624535 68.62003326 15.77713776
-23.15924644 69.34903717 15.72813797
-30.90124702 85.03804016 9.35013771
-40.64024353 68.39403534 40.46014023
-29.09824562 70.55303955 13.60013771
-28.92824745 70.77103424 13.50513649
-29.19024467 70.62803650 13.25113678
-36.98925018 81.98103333 34.19713974
-24.30324745 65.94403839 16.63013840
-25.57024574 70.82403564 44.95613861
-41.19824982 77.78604126 34.92913818
-36.02724457 85.83003235 4.85813713
-36.49424744 85.86003113 4.73113680
-19.80424500 70.41304016 3.60513687
-25.95624733 80.03403473 28.11113739
-26.97724724 86.56903839 31.02813721
-26.48024559 86.53303528 29.90413857
-26.87324715 86.38803101 31.39413834
-26.41224480 86.25203705 30.52013779
-30.96424675 65.91304016 34.52013779
-23.97424507 82.77003479 16.33313751
-24.68124580 83.18003845 15.85113716
-24.36224556 83.21203613 16.05313683
-37.30024719 83.46203613 6.25013733
-37.87424469 83.44403839 6.03813696
-45.49524689 75.21603394 15.94413757
-33.02324677 85.18703461 11.87513733
-33.48624420 85.24703979 11.75013733
-43.72024536 82.92003632 4.51813698
-24.32524681 83.49103546 15.99913788
-27.84524727 86.15803528 3.60413694
-27.47824669 86.07803345 3.55413699
-40.63924408 75.00603485 7.02513695
-44.61824799 81.43503571 5.04813671
-33.03724670 69.82203674 23.51313782
-33.85024261 69.57903290 24.05113792
-27.75924492 76.18403625 9.51713753
-27.94524574 75.88003540 9.27613735
-24.21424675 82.12303162 21.68213654
-25.41124535 86.31703186 27.77013779
-44.70224762 81.39103699 4.94213676
-44.73624420 80.95703125 5.12313700
-26.56924629 79.59003448 17.22513771
-26.49324608 79.38903809 17.08813667
-46.10724640 76.09003448 17.79113770
-26.74324608 71.62503815 17.71113777
-32.84424591 66.17803955 34.30613708
-24.55824471 78.44203186 26.00713730
-24.50824547 78.57403564 25.67013741
-35.19624329 66.42803955 37.42813873
-19.75424576 72.95803833 4.48713684
-19.61424637 72.14804077 4.18913698
-28.81124687 86.95404053 19.19313622
-21.02824593 74.28103638 6.78313732
-20.74024391 74.13504028 6.95213699
-28.48924446 70.54403687 14.21413803
-27.88124657 70.98303223 14.36813736
-24.40624428 78.21103668 25.36313820
-20.89824486 74.14103699 7.11913681
-21.27024651 74.11103821 7.34413719
-20.02124596 72.55104065 4.49413681
-27.44724464 81.69603729 30.19413757
-34.99924469 84.69203186 43.31414032
-39.03125000 69.98204041 26.59613800
-39.26524353 70.20203400 26.44313812
-39.24024963 69.90503693 26.41613770
-39.05324554 70.26903534 26.65513802
-35.60724640 84.68103790 42.20513916
-35.28125000 84.72503662 42.26514053
-34.61324310 84.78804016 41.79214096
-27.18924522 81.53804016 29.70913696
-39.83625031 68.71603394 5.22613716
-39.52724457 68.65603638 5.22213697
-33.31724548 82.46903992 30.88313866
-39.36524963 70.09003448 39.03514099
-38.39225006 69.38303375 38.85113907
-26.89324760 81.19703674 29.47213745
-27.21924782 81.29703522 30.04113770
-27.07024574 81.35203552 29.71413803
-28.43024635 68.72203827 21.01313782
-28.46124458 68.27103424 21.12613678
-28.04424477 83.76203918 36.53113937
-28.29224586 80.79203796 35.36714172
-28.38124657 81.09003448 34.98814011
-28.44024467 81.17503357 35.35313797
-30.05824471 69.53503418 14.61713791
-29.81924629 69.69703674 14.53713799
-41.88824463 81.25703430 25.56213760
-41.94224548 78.11703491 37.81214142
-38.20424652 80.42903137 32.13013840
-38.37624359 82.82503510 7.09013700
-39.04724884 82.33103943 6.93013716
-23.30124474 77.06003571 40.29114151
-31.89224815 67.35603333 4.14913702
-30.18124580 85.09103394 26.27013779
-27.67924690 84.08003235 14.76313782
-27.53424644 83.93103790 14.72013664
-24.90024757 72.27304077 25.23313713
-25.93024635 83.12503815 41.05813980
-30.91324806 66.08903503 34.63314056
-30.53524590 66.13403320 34.40813828
-30.65924644 66.11803436 34.40113831
-34.29024506 83.23603821 34.15813828
-34.53125000 83.09204102 34.22013855
-30.23924446 66.17703247 39.16313934
-30.04824638 66.19403839 38.99414063
-24.14624596 84.34403992 5.88513708
-23.85524559 84.35504150 6.07013702
-27.86424446 74.43503571 21.70513725
-23.64024544 84.31103516 5.30713701
-38.63924408 84.90003967 35.77914047
-37.92324829 85.24703979 35.80014038
-39.07724762 69.82703400 38.89913940
-23.32224464 84.30203247 5.51013708
-38.88224792 71.14603424 6.00613689
-39.49024963 70.07703400 39.73313904
-39.51424408 70.09403992 39.48514175
-23.75924492 85.95603943 16.74413681
-32.07124329 66.20303345 43.62714005
-31.98424721 66.14703369 43.55213928
-24.73324776 66.56803894 27.62013817
-40.16024780 71.60803223 10.97513771
-36.36624908 84.95803833 17.84813690
-23.77824593 85.23303223 16.38513756
-41.26024628 71.31703186 43.30813980
-28.51524544 82.58803558 25.29813766
-25.52524757 70.55603790 44.28713989
-22.54224586 83.90103149 17.05513763
-22.76224709 84.20503235 16.87813759
-29.75524712 83.74103546 35.68413925
-30.07524681 83.72103882 35.52914047
-20.52924538 70.00503540 7.16113710
-27.96724510 81.99803162 10.92413712
-23.62724495 84.22603607 16.41913795
-20.59724617 70.05803680 7.35113716
-20.57324409 70.41403198 7.47013712
-41.52024841 69.17003632 3.45613694
-36.63624573 84.74103546 19.12513733
-27.37224770 80.60603333 10.52513695
-24.49324608 84.97803497 15.95513725
-27.90424538 65.82503510 22.38713646
-27.67724419 65.75403595 22.24113655
-26.78824425 81.03403473 10.21813774
-27.07624626 81.01703644 10.39713669
-21.37524605 73.35803223 7.76213694
-39.92124939 75.06203461 33.19113922
-40.13924408 75.74203491 33.32513809
-28.74524498 81.07503510 25.70013809
-29.92424583 86.27703857 4.37513685
-27.46124458 87.17203522 19.93513680
-28.24524498 87.06503296 29.25413704
-36.86924744 85.90703583 4.45013714
-39.38724518 69.02403259 18.86613846
-27.13424492 85.65303802 15.65913773
-26.31024742 83.43203735 42.32514191
-26.68124580 83.78103638 42.55813980
-24.74324608 71.48503113 43.05813980
-24.82124519 71.17303467 42.41614151
-25.26824760 70.67503357 43.35113907
-28.96624565 68.62103271 24.65013695
-41.12024689 83.11903381 24.43813705
-43.58424377 73.86103821 24.53913689
-44.12124634 74.46403503 24.06813812
-29.23924446 84.76803589 6.99113703
-29.08524513 84.72403717 6.74913692
-40.49924469 74.29803467 8.34513664
-40.63724518 74.85603333 8.03613663
-33.77824402 69.52803802 10.31913757
-39.69824982 69.06703186 35.37614059
-38.92524719 68.61603546 35.41913986
-38.18524933 72.46303558 32.03313828
-38.35724640 72.60103607 32.22813797
-35.91124725 70.29403687 26.11013794
-36.17524719 69.87303162 25.84113693
-34.99024963 85.58403778 4.99413681
-42.24224854 69.78103638 5.16413689
-24.65524483 76.66703796 24.24013710
-27.48024559 71.07103729 31.65213776
-39.62524414 84.22003174 26.95013809
-43.83924866 72.65103149 5.13813686
-24.37824440 76.59303284 24.51013756
-28.63924599 67.55103302 22.06013680
-21.17324638 83.51503754 19.63413811
-25.67224693 85.80703735 4.32013702
-24.11924553 84.42803955 6.49413681
-40.09024811 83.60203552 22.79413795
-40.22224426 83.64604187 23.40513802
-39.87524414 83.70003510 22.86513710
-40.24324799 83.53203583 23.19313812
-26.63224602 74.26803589 7.58613729
-20.76624489 69.28103638 6.46313715
-24.12324715 72.34303284 37.65113831
-24.86724663 72.79003906 37.42013931
-27.09324455 74.72403717 7.13213730
-26.80324745 71.59103394 15.87513733
-24.65424538 72.34903717 37.49813843
-32.39424896 81.67903137 28.43313789
-33.33224487 81.61403656 28.60013771
-28.94424629 87.13003540 30.35513687
-30.10524559 87.15203857 31.91013718
-28.39624596 82.45103455 21.84913635
-40.57324982 77.77603149 30.26413727
-39.22024536 72.72703552 7.64413691
-39.35025024 72.84603882 7.38813686
-38.88224792 72.45703125 7.37713718
-39.50325012 72.85303497 8.15313721
-33.96624756 85.97503662 34.75713730
-42.63224792 71.37903595 14.79013824
-36.30924988 70.56604004 32.03113937
-34.17224884 85.66003418 34.96913910
-34.42724609 85.32403564 35.16714096
-35.72525024 67.89003754 4.73313713
-25.92224693 65.59103394 25.97713661
-30.87624550 66.03804016 38.49013901
-40.24424744 79.07803345 35.04113770
-40.09224701 78.91503906 34.99813843
-40.24724579 78.64903259 34.95913696
-24.13624763 77.25003815 25.45313835
-24.16124535 77.05003357 24.88113785
-24.08724403 77.32603455 25.15013695
-43.60624695 81.12803650 42.45114136
-43.64324951 81.06404114 42.68413925
-26.13024712 75.88504028 13.27313805
-26.14524651 75.64503479 13.46913719
-35.01725006 82.01004028 30.01913834
-35.12624359 81.81103516 29.80013847
-42.95424652 83.64604187 4.23513699
-36.32724762 70.50703430 32.46813965
-36.35224915 70.59503174 32.70314026
-36.41524506 70.74003601 32.55213928
-29.73424721 69.87403870 27.46313667
-32.44624329 83.30503845 22.71513748
-38.07724762 84.51803589 20.07913780
-32.98324585 68.54603577 34.81414032
-33.15224457 68.36803436 34.77513885
-26.09224510 76.14003754 14.76313782
-26.10724449 75.83303833 14.32213783
-26.18924522 75.50003815 14.76913834
-26.90424538 75.83603668 36.40713882
-25.37524605 77.94003296 6.45113707
-25.66024590 77.89703369 6.53313732
-35.46524811 84.96203613 18.96413803
-41.52624512 75.42503357 27.96113777
-41.30224609 75.35403442 28.36513710
-33.14524841 68.52003479 34.93113708
-33.13324738 68.67003632 34.84013748
-27.16224480 72.54203796 14.47213745
-27.04724693 72.86903381 14.85213661
-27.75924492 81.61703491 10.81413746
-27.81024742 82.13803101 10.83513737
-27.58724785 81.73803711 10.76413727
-20.19324684 71.46903992 7.14613724
-31.01424599 81.68904114 22.42113686
-40.93325043 79.72803497 8.60313702
-25.96724510 66.22703552 29.84213829
-25.95024681 66.11203766 29.46113777
-30.42824745 81.03903198 22.74113655
-38.06424713 67.62103271 24.65113831
-38.48324585 67.77203369 24.82513809
-27.30724525 71.89603424 44.76514053
-27.04124641 72.40003967 44.70513916
-28.19024467 72.12603760 38.90414047
-31.17124748 70.29603577 27.82113838
-38.02624512 81.39603424 34.90513992
-22.60224724 69.70503235 16.13413811
-27.18124580 82.67703247 14.70113754
-26.90624428 82.22903442 14.96613693
-27.00924492 82.13603210 14.91813660
-27.94124794 81.41703796 31.71113777
-28.09124565 81.91803741 31.78913689
-31.05124474 70.27203369 27.49813843
-31.37324715 70.40103149 27.67913818
-40.29425049 85.35203552 3.28513694
-40.45624542 85.35403442 3.44313693
-32.38724518 81.49703979 25.77713776
-32.03024292 81.39103699 25.39013672
-31.76424599 81.30104065 25.52913666
-40.57624817 85.20303345 3.26113677
-40.63624573 85.23703766 3.57913685
-29.14724541 83.67303467 23.53813744
-28.01824760 79.53303528 34.58813858
-28.08024788 79.46503448 34.51113892
-28.24424553 68.56604004 36.94414139
-27.74324608 81.86903381 21.24813652
-28.23124504 66.82803345 19.42313766
-37.48624420 82.29603577 35.13813782
-28.05124474 66.58403778 19.41613770
-41.66224670 78.88803101 37.71714020
-36.81924438 70.53804016 37.78514099
-29.37024498 82.22203827 39.01713943
-26.47024727 78.92503357 11.47613716
-19.55124664 80.21003723 4.44813681
-19.43824577 79.44703674 4.48713684
-19.66924477 79.74203491 4.64313698
-26.30924416 81.25303650 18.55013847
-37.39924622 81.12903595 32.95314026
-40.57324982 76.85903931 30.83813858
-19.62624550 75.27503967 4.25013685
-19.66324615 75.07303619 4.41113710
-19.44824600 74.83503723 4.08913708
-26.73724556 81.91403198 15.19113731
-29.57724571 86.48803711 40.89413834
-29.01424599 86.31503296 40.17013931
-29.16724586 86.41503906 39.84114075
-40.39024353 77.85203552 30.79013824
-43.92624664 75.34603882 13.15413666
-35.25924683 82.52203369 33.26413727
-35.39924622 82.45204163 32.96413803
-29.93824577 84.57303619 5.53613710
-38.15124512 72.39203644 33.46014023
-38.13724518 72.40703583 33.79413986
-37.97024536 72.29403687 33.19713974
-38.32824707 72.54303741 33.09713745
-36.79224396 68.17603302 43.90114212
-37.42124939 68.44603729 43.63314056
-26.10724449 76.13103485 15.31213760
-30.22024727 71.04203796 23.45213699
-29.60024452 71.07103729 23.94013786
-28.40024757 71.13403320 24.54013824
-27.54124641 71.37903595 24.58013725
-33.34224701 82.37103271 30.37713814
-22.36724663 85.71603394 3.91413689
-22.04324532 85.69203186 3.76613688
-22.13424492 85.78804016 3.57013702
-22.34824562 85.78103638 3.79213691
-39.85424805 68.61803436 5.09213686
-24.27024651 68.29003906 26.75713730
-45.43424988 78.45903778 16.09313774
-38.92724609 68.66903687 5.19413662
-38.72424316 68.86503601 5.35313702
-24.97324562 67.87503815 28.56613731
-33.99724579 85.68904114 4.92813683
-20.23724556 72.87303162 7.04013729
-20.17424583 72.93603516 6.81813717
-23.99024773 79.38403320 37.59914017
-24.25824547 80.04403687 37.53213882
-40.25524902 74.04703522 34.78113937
-27.93524742 83.93103790 36.58314133
-32.62224579 86.12303162 3.38513684
-42.01024628 72.58503723 43.23714066
-42.25624847 73.02703857 43.19713974
-42.42524719 73.44303894 43.19813919
-35.69324493 70.40703583 31.28713799
-35.50624847 70.44603729 31.23313713
-44.42724609 75.17203522 5.50813675
-28.23624611 84.73503113 36.25714111
-33.15024567 81.63403320 27.70813751
-23.40124702 78.25903320 39.61014175
-39.10724640 73.06503296 30.82813835
-25.88724709 76.61603546 6.26913691
-41.44725037 69.26503754 5.18113708
-41.22724915 69.27603149 5.24413681
-39.39024353 79.35303497 32.53913879
-37.65224457 70.87403870 34.63414001
-27.86324501 79.53903198 35.91714096
-30.67524529 83.00203705 33.88513947
-29.68124580 84.65403748 15.09313774
-29.66924477 82.83403778 35.49713898
-38.84724426 79.97303772 33.05913925
-27.88124657 79.50903320 35.53514099
-27.89024544 79.24903870 35.33213806
-27.95124626 79.66003418 35.24013901
-29.39524651 82.65903473 35.79314041
-29.22724724 82.36403656 35.56414032
-38.93325043 79.88103485 33.39213943
-28.42124748 79.37903595 22.40213776
-27.74724770 79.08303833 35.44514084
-26.41524696 76.11003113 11.64513779
-36.16624451 67.76803589 36.27014160
-36.58024597 67.90103149 35.83314133
-39.12825012 79.68703461 33.36713791
-39.04024506 79.75603485 33.03113937
-39.12124634 84.13803101 22.34513664
-26.39824486 76.39103699 11.66413689
-40.55324554 70.14403534 43.60013962
-40.72224426 69.60903931 43.55414200
-25.02324486 79.57904053 26.23413658
-26.63924599 83.49504089 9.72113705
-27.01424599 83.65603638 9.67813683
-26.76524544 75.11603546 11.21913719
-34.19824982 68.76303101 5.37413692
-24.06424522 75.71103668 25.46813774
-25.59324455 80.39503479 26.68513680
-33.89724731 84.31404114 34.85013962
-34.36425018 85.24603271 44.40314102
-35.07724762 85.40603638 44.44514084
-34.71324921 85.23703766 44.44013977
-21.59124565 68.30903625 6.81013680
-21.48724556 68.28503418 6.59513712
-21.27424431 68.42503357 6.66913700
-22.03824425 74.83903503 5.91213703
-25.64724541 75.20103455 6.27413702
-19.39024544 75.16304016 3.97213697
-26.92924690 73.78703308 11.83613777
-24.73924446 81.29303741 42.30213928
-32.87624359 81.61403656 26.28013802
-33.29024506 81.68203735 26.67213821
-40.44424438 81.98004150 42.96913910
-39.60924530 74.11603546 34.49213791
-39.67324829 74.43203735 34.42713928
-33.79224396 67.60503387 4.53413677
-21.41324425 67.20703125 19.93713760
-26.67524529 70.53403473 26.86413765
-33.10124969 70.42103577 24.50813675
-38.75424957 68.87303162 19.32313728
-26.17924690 75.26903534 15.41513824
-32.64624786 70.50803375 25.33313751
-25.46124458 75.66803741 30.41713715
-27.07324791 80.38304138 44.62014008
-27.30724525 79.06503296 23.21413803
-43.05724335 81.56803894 14.24313736
-25.40124702 73.54003906 8.57413673
-25.28224754 73.50503540 8.34513664
-34.95924377 85.13003540 16.55113792
-19.52624512 79.09603882 6.05113697
-30.29924583 66.38903809 17.04713821
-22.97324562 83.44303894 7.00813675
-35.17324829 85.06404114 16.62213707
-22.80324745 82.85704041 7.27913713
-42.15525055 77.90803528 38.58813858
-42.13224792 77.40803528 37.93313980
-42.18724823 78.10103607 39.25513840
-29.93224525 67.19603729 4.19713688
-28.91824532 84.85504150 21.07013702
-45.01625061 79.66304016 3.76013684
-29.46724510 69.17703247 14.80513763
-30.00924492 68.66203308 15.03013802
-35.16724396 85.10704041 16.87613678
-45.03025055 79.31303406 22.19213676
-29.12824440 84.21403503 21.03513718
-21.45624733 85.70003510 18.69113731
-21.55724525 85.93203735 18.92513847
-28.43924522 70.49303436 25.62613678
-29.13824654 70.24803162 25.82213783
-27.84424782 77.33203125 21.69213676
-23.03324699 79.64703369 7.57213688
-23.45624733 79.14503479 7.43413687
-23.23624611 79.27003479 7.47313690
-27.77024651 77.29203796 21.85213661
-38.36924744 81.97103882 27.41513824
-37.78125000 82.00003815 27.22613716
-38.08625031 81.94503784 27.34813690
-40.68524933 77.85003662 34.89213943
-29.20524788 82.03103638 20.91313744
-29.26524544 81.65103149 20.91413689
-26.44024467 79.76803589 11.94313812
-26.35224724 79.72903442 12.41013718
-26.25924492 84.40103149 8.76913643
-39.24024963 72.29503632 34.72813797
-39.69924927 84.07403564 5.40313721
-27.61724663 68.60303497 32.69713974
-37.84824371 85.45303345 36.60913849
-40.81724548 80.24504089 6.46413708
-37.22124481 86.14003754 44.45314026
-35.13424683 84.09003448 35.24414063
-40.37024689 75.94303894 31.69313812
-36.88124847 86.34903717 44.48413849
-34.84124756 84.32803345 35.16413879
-30.40124702 68.86303711 39.23114014
-30.52124596 68.80603790 38.94113922
-41.72525024 72.49903870 34.98014069
-20.23424721 71.04803467 6.42613697
-38.68824768 81.46203613 27.82313728
-38.49424744 81.71803284 27.57213783
-34.89924622 84.15503693 35.13113785
-35.19024658 84.31903076 35.23313904
-30.79724693 68.77903748 38.83813858
-28.66424751 68.63903809 23.39013672
-28.23424721 69.24103546 21.71313667
-25.99924660 71.28603363 17.82313728
-27.66324425 74.04203796 9.03113747
-27.41824532 73.79003906 9.34713745
-31.96524620 81.35103607 26.21613693
-44.28724670 79.02803802 41.63013840
-44.41524506 78.42303467 41.53414154
-44.23724365 79.14203644 41.88214111
-25.86824608 75.58503723 29.98313713
-25.86824608 75.10803223 30.19913673
-39.73424530 85.16203308 24.46813774
-35.41824341 65.98903656 43.92314148
-29.29724693 71.88303375 22.47513771
-25.20724678 73.96203613 23.90813828
-25.06024742 74.05503845 24.17813683
-26.53624535 67.94703674 4.87113667
-26.58524513 68.20603943 5.16413689
-24.98924446 74.32403564 24.11913681
-24.85124779 74.11703491 24.31213760
-31.87924767 68.73803711 34.52013779
-21.96824455 81.39403534 7.51013708
-22.08724403 80.87004089 7.58313704
-26.70624733 78.79703522 18.24213791
-26.46324730 78.75804138 7.57513714
-26.05824471 79.04103088 7.88313723
-38.42124939 84.40403748 12.07213783
-38.20224762 84.36203766 11.55113792
-38.03224945 69.35403442 34.92213821
-37.46724701 68.45903778 35.10614014
-19.68924522 80.77603149 7.62613726
-19.82424545 80.21803284 7.72213697
-27.46824455 65.97003174 19.63513756
-27.17924690 65.73603821 20.46013641
-34.53924561 84.62103271 35.07513809
-34.38724518 84.60003662 34.98613739
-26.31324577 81.81103516 15.46413803
-36.83024597 81.82704163 31.63113785
-39.27324677 71.17103577 37.63613892
-39.83324432 71.97303772 37.55514145
-29.53024483 81.23403931 25.91113663
-36.88824463 82.00103760 31.99713707
-36.69624329 82.10903931 31.60013771
-37.19624329 85.64403534 4.97713709
-29.99124718 70.57603455 11.46313667
-41.43325043 74.33703613 34.88513947
-40.17324829 83.95903778 35.88114166
-36.49724579 71.66103363 30.71813774
-39.87825012 84.23303223 36.06513977
-26.14124489 79.38003540 15.29513741
-32.34324646 69.56203461 12.77213669
-27.07124519 83.75903320 37.04713821
-36.84124756 68.61003113 25.50713730
-37.21424866 68.69003296 25.80213737
-32.11724854 69.49103546 13.49913788
-26.22124672 79.77103424 14.40813828
-45.67124939 74.62203979 21.22213745
-31.74824715 69.52403259 13.62713814
-31.88124657 69.38203430 13.96113777
-33.41924286 67.85103607 21.74013710
-33.07724762 68.44104004 22.12813759
-32.54124451 86.26503754 4.05713701
-35.55424500 82.32003784 32.55913925
-35.28024292 82.27703857 32.63314056
-27.68524742 85.37903595 34.88213730
-28.40024757 86.26103210 35.62714005
-27.95424461 86.19403839 34.76413727
-25.66024590 77.99703979 23.89013672
-31.51224709 69.41103363 7.26113701
-20.75324440 69.79403687 7.37313700
-21.35324669 69.47203827 7.46613693
-25.94824791 78.17503357 23.78713799
-28.12124443 86.03804016 15.85513687
-28.21024513 86.18703461 16.01113701
-31.87524605 69.36103821 8.08113670
-36.18024445 82.12803650 30.89613724
-33.17224884 67.43903351 32.44913864
-27.74224663 84.56404114 43.79214096
-38.46724701 84.76103210 17.79813766
-23.33524513 67.50303650 15.55713654
-24.17424583 67.49503326 15.31013680
-28.05224800 84.93203735 39.77014160
-27.48524666 71.60303497 43.54914093
-28.41524696 65.75403595 31.58513832
-28.43024635 65.77503967 31.14213753
-28.60624504 65.78503418 31.48613739
-31.46524620 84.96803284 15.18813705
-31.61324501 85.06703186 15.49013710
-31.28724480 85.06404114 15.37013817
-21.95524406 68.48703766 21.55313683
-38.46024323 82.17203522 37.99613953
-38.12624359 81.84803772 38.00014114
-25.66824532 86.24603271 28.67413712
-24.22424507 74.37603760 44.99713898
-24.07624626 74.73803711 44.81114197
-25.30724525 86.14203644 28.02813721
-32.24724579 87.06604004 35.39913940
-33.02924347 86.91304016 35.38914108
-32.67124939 86.99403381 35.59014130
-29.59024620 86.26203918 42.20314026
-29.37224770 86.35903931 41.09614182
-25.23424721 86.26004028 27.67813683
-28.55824471 86.07403564 20.43513680
-28.52024651 86.52403259 19.88013649
-28.75424767 86.20204163 20.08313751
-40.53924561 71.64003754 37.78013992
-40.39225006 71.59603882 37.68114090
-25.17924690 85.89303589 28.19113731
-25.14024544 79.49504089 8.64013672
-25.75724602 69.66703796 41.34614182
-33.95724487 69.49203491 33.63913727
-39.69024658 76.82503510 37.64913940
-39.66224670 77.05403137 37.63414001
-33.65324402 69.51603699 33.36914063
-40.20924377 77.18203735 37.57313919
-43.49824524 80.50804138 38.86014175
-26.31824684 75.63703918 17.13913727
-26.41324425 75.09103394 17.18013763
-33.96224976 69.53903198 33.39014053
-40.88124847 78.48703766 37.56613922
-40.58024597 77.58103943 37.55413818
-32.21124268 85.77603149 21.13713646
-33.26624298 85.95503235 21.79113770
-25.16524696 79.60403442 25.35413742
-25.95424461 74.49504089 30.07613754
-39.28324890 83.13903809 41.14913940
-39.04324341 83.32904053 42.22814178
-32.35624695 85.34903717 21.41913795
-43.71224976 71.75203705 16.25613785
-43.98724365 71.73703766 17.00813675
-28.05024529 71.40503693 35.03013992
-35.07924652 69.88303375 34.14014053
-35.02524567 70.01703644 33.77513885
-34.83224487 69.79903412 33.87213898
-31.95724678 68.32803345 42.76113892
-32.16824341 68.27703857 42.35713959
-29.33624458 84.24504089 14.07113647
-30.23424721 84.78804016 14.51413727
-26.86724663 70.28703308 9.57113647
-26.49424553 70.43403625 9.61913681
-26.47424507 70.22003174 9.41013718
-26.63624763 71.08603668 36.98913956
-26.74924660 70.56303406 36.99713898
-34.91424561 69.94303894 33.46714020
-25.88024712 69.82203674 8.90613747
-25.11324501 70.61303711 15.53413773
-24.81024742 70.42103577 15.52813721
-25.14824486 70.24803162 15.30413818
-25.12224770 70.39603424 15.36713791
-41.11124420 71.88603210 26.10913658
-40.98524475 71.38403320 25.61813736
-21.69324684 85.07303619 21.10213661
-23.91424751 80.07203674 8.70813751
-24.23024559 79.89903259 8.77213669
-27.09824562 84.34303284 14.99413681
-43.40525055 80.23303223 13.20913696
-43.83324432 79.68803406 13.62113762
-39.88524628 83.08703613 43.99113846
-27.63224602 74.22103882 10.11513710
-31.26724815 83.80104065 32.52013779
-30.35624504 83.58603668 31.16413689
-26.35224724 81.20103455 16.03113747
-26.18724632 81.36403656 16.00013733
-27.77824593 75.84303284 9.55813789
-29.31024742 71.52403259 23.19613647
-30.48924446 84.43703461 20.85813713
-29.63924599 84.50703430 20.74813652
-30.19024467 84.40803528 20.81913757
-24.88924599 70.86203766 9.26813698
-24.76824760 71.10103607 9.22713661
-24.35324669 75.06903076 6.11613703
-25.15924644 70.64103699 18.89713669
-30.62824440 85.21803284 20.61213684
-31.00224495 85.62004089 20.52413750
-30.90824699 85.15803528 20.71313667
-42.38824463 78.35403442 42.37313843
-38.19524384 83.56203461 38.34914017
-38.79124451 83.06803894 38.21813965
-37.38224792 83.88504028 38.38613892
-33.97224426 65.76503754 42.57114029
-45.02324677 77.24303436 5.01613712
-45.02224731 76.82803345 4.73013687
-44.10924530 81.19403839 20.83913803
-28.69124794 86.90903473 16.55913734
-28.96424675 86.91203308 16.79113770
-41.49824524 79.44303894 35.06513977
-28.84724617 86.00703430 23.37913704
-29.04124641 86.09303284 23.87913704
-20.55724525 75.73903656 5.10013676
-41.21424866 79.48703766 35.06213760
-41.13724518 79.13203430 34.99213791
-26.15724754 77.05903625 6.45313692
-26.33224678 76.79003906 6.41913700
-26.25824547 76.48703766 6.38913727
-31.76224709 84.98403931 29.89113808
-30.29524803 86.53103638 42.44913864
-24.90224648 66.43903351 27.86613846
-27.00224495 81.36103821 36.83314133
-43.26224518 72.77703857 36.43613815
-30.54924583 66.56903839 44.71614075
-39.81324768 80.26503754 28.63813782
-43.14824677 75.76004028 25.79813766
-38.99424744 69.84703827 38.73313904
-25.92624474 71.10003662 15.64313698
-42.62724304 75.83303833 26.48313713
-20.61024666 83.80803680 5.81613731
-20.49224663 84.03003693 5.86413670
-20.45324516 83.55903625 5.58213711
-28.88024712 65.83303833 31.18113708
-36.91724396 86.96603394 41.47613907
-24.43724632 72.80603790 8.20913696
-24.36324501 72.48603821 8.38513756
-40.20924377 84.20103455 37.02914047
-39.64424896 84.52903748 36.56214142
-19.11824608 73.15403748 3.52213693
-37.09424591 70.90903473 34.58813858
-41.35324860 69.03403473 4.59913683
-37.36924744 66.28703308 43.75114059
-29.31924629 66.16503906 35.73413849
-41.65324402 69.03403473 4.12813711
-41.87124634 69.10003662 4.36913681
-24.81124687 72.41903687 26.22113800
-38.74024963 70.70503235 27.07413673
-38.61124420 70.99403381 27.35413742
-25.32524681 67.94603729 15.02513695
-39.36124420 81.49103546 27.66013718
-25.00924492 71.91304016 26.01313782
-37.39225006 84.22803497 43.49914169
-38.96624756 81.47903442 27.70613670
-33.62424469 67.61503601 3.45213699
-38.23224640 83.38504028 38.25413895
-26.67124748 65.76203918 22.23713684
-26.50024605 65.65503693 21.86113739
-40.39524841 76.68803406 31.73913765
-40.52024841 75.31303406 30.45813751
-40.64824677 75.14903259 29.82213783
-37.00724792 69.04403687 25.97613716
-37.82324982 69.18403625 26.44713783
-32.68024445 84.74504089 39.19813919
-32.58024597 84.74703979 39.58713913
-26.12024498 65.56903076 22.32913780
-26.41624641 65.59303284 22.57413673
-26.63724709 65.68203735 22.89713669
-39.17324829 83.77003479 27.22513771
-38.83924866 83.89604187 27.12013817
-28.65624428 82.41003418 44.62113953
-33.66624451 83.41903687 34.14913940
-22.44724464 78.72003174 7.19913721
-28.68124580 66.27203369 23.20313644
-44.46724701 73.77503967 14.84613800
-21.77024651 78.53503418 6.99513721
-21.61324501 78.67203522 7.27613688
-43.44324493 80.62004089 13.72513771
-22.72224617 82.52403259 17.38413811
-27.20124626 75.43803406 10.43013763
-35.11425018 70.52103424 31.67613792
-34.90024567 70.54003906 31.39013863
-34.84024811 70.55503845 31.80813789
-24.20524406 75.48803711 31.36113739
-24.74724770 75.15603638 31.10913849
-25.74924660 78.83003235 7.46613693
-26.77424431 65.64903259 28.41413689
-27.20224571 81.27703857 11.76613808
-18.91424561 80.00403595 3.79913688
-27.17624474 85.62203979 4.56613684
-35.09424591 67.16304016 37.42013931
-34.08024597 66.83303833 18.97813797
-27.82324791 71.04503632 42.60813904
-26.38324547 68.31103516 30.97313690
-42.52624512 75.99203491 40.79413986
-42.53524780 76.47203827 40.93614197
-42.45124817 76.23703766 39.83514023
-31.49924660 69.33403778 9.84913731
-31.02424812 69.41203308 9.86413765
-36.72624969 68.62703705 17.35613823
-40.71324921 80.00203705 8.13513756
-28.39224434 68.60503387 6.44613695
-35.27224731 70.04703522 33.96513748
-35.22224426 70.07203674 33.66413879
-29.34524727 68.65503693 35.94313812
-28.68924522 83.75303650 36.06013870
-28.90924644 83.69104004 35.98413849
-26.15624428 66.83703613 3.89113688
-26.41524696 66.85803223 3.89013696
-33.29724884 68.20503235 39.17414093
-28.09024620 70.63403320 14.36513710
-36.56024933 71.70103455 30.40513802
-40.24424744 76.87503815 33.01313782
-40.23524475 77.06404114 33.34113693
-42.79425049 71.22903442 15.42413712
-23.43424416 84.19203186 24.88813782
-41.28624725 72.61503601 11.19413757
-44.65525055 79.53903198 15.28913689
-23.08124733 84.72903442 16.68013763
-43.24124908 70.82303619 42.81814194
-37.36224365 68.41903687 4.78813696
-33.94524384 70.47503662 32.07713699
-34.09824371 70.55903625 32.02813721
-37.23424530 83.89903259 8.73813725
-44.88124847 80.03604126 16.40413666
-44.59424591 80.41803741 16.25713730
-45.01124573 80.18803406 17.11113739
-33.94824982 70.59303284 31.80813789
-33.85024261 70.45803833 31.87613869
-43.20724487 70.79003906 42.98114014
-42.98024750 70.52903748 42.99813843
-36.99724579 68.40003967 4.85813713
-37.42224884 68.69104004 5.20013714
-37.25424957 68.60803223 5.03813696
-37.72525024 84.49803162 20.78413773
-25.61824608 75.20603943 40.04713821
-23.48924446 70.60103607 19.06213760
-22.90524483 70.78603363 18.41513824
-23.32624626 70.68203735 18.85013771
-22.94424629 70.68803406 18.74413681
-36.04324341 82.70204163 33.54813766
-36.17024994 82.61103821 33.45513916
-19.16624641 77.93103790 4.30213690
-19.22224617 78.32703400 4.48313713
-19.37124634 77.98503113 4.57213688
-23.97524452 74.24603271 44.08314133
-36.50424957 66.36703491 42.18714142
-35.24224854 83.75103760 35.17613983
-34.38624573 66.90503693 34.87813950
-34.26824951 66.72303772 34.84313965
-26.92824745 66.90003967 3.38913679
-23.99324608 66.73603821 3.60113692
-34.65724945 66.18403625 42.99013901
-27.88124657 82.82704163 26.26713753
-27.11624718 82.73703766 25.61213684
-26.80224419 66.80703735 3.60813689
-26.75724602 66.84003448 3.48013687
-44.50424957 77.06003571 41.61814117
-36.71224976 85.35903931 35.92213821
-26.50524712 66.87603760 3.55913687
-37.60025024 80.85003662 30.24313736
-26.02924538 82.97103882 37.24514008
-26.34524727 83.04003906 37.13414001
-26.31224632 66.98903656 4.11613703
-34.07524872 68.74303436 15.58413696
-43.60924530 75.48803711 35.42213821
-43.77924347 75.58003235 35.63114166
-40.02624512 74.89603424 34.62313843
-40.53424835 69.37903595 36.18413925
-40.03324890 69.13803101 35.77914047
-40.00924683 68.83803558 36.70914078
-26.49724770 75.52304077 22.77413750
-43.12624359 81.79403687 43.36714172
-42.68524933 82.20204163 43.48313904
-42.86324310 82.34303284 43.39913940
-40.59624481 70.45303345 24.49913788
-40.39924622 70.39903259 24.83713722
-24.81124687 72.55503845 25.14913750
-38.89924622 71.07403564 10.35613728
-23.23224449 76.37503815 37.83414078
-23.23124504 77.53903198 37.93413925
-40.99424744 70.56203461 35.12813950
-25.31024742 84.82503510 15.62213707
-25.45224571 85.10303497 15.76313782
-25.20824623 85.08503723 15.79513741
-41.80124664 74.16503906 37.82413864
-41.63724518 70.79003906 35.31214142
-39.73024750 78.52304077 32.94213867
-39.63924408 78.73603821 32.90913773
-39.61724854 78.76803589 33.01813889
-39.58324432 78.92503357 32.87413788
-43.81424713 71.66203308 3.99713683
-25.27624702 68.80803680 27.53813744
-20.82424736 73.10303497 7.76313686
-39.01424408 73.30003357 34.28713989
-37.52924347 71.04103088 6.29213715
-24.88024712 81.94303894 39.33414078
-34.27024841 85.01103210 34.81213760
-40.77924347 75.86403656 34.82013702
-41.07324982 75.89103699 34.81613922
-41.40824890 75.99703979 34.89513779
-32.98024750 84.54103088 32.85113907
-29.98224449 86.72603607 19.55513763
-21.63824654 68.61003113 7.11713696
-21.45224571 68.59303284 6.94113731
-33.32924652 66.28303528 36.91814041
-27.05424690 74.52903748 35.18114090
-21.76324654 68.34603882 6.95313740
-28.05024529 84.83603668 37.95413971
-32.66024780 68.54603577 32.93513870
-32.67824554 68.43003845 32.54513931
-32.82724762 68.55103302 33.41313934
-25.88124657 68.00203705 14.96813774
-27.51424599 72.58503723 19.13813782
-27.45324516 72.02503967 18.79113770
-27.84624672 80.21203613 31.84513855
-29.49924660 68.98003387 6.26113701
-29.64624596 69.05503845 5.96713734
-37.34324646 86.36503601 41.65613937
-28.76324654 66.80403137 18.92713737
-27.94424629 66.39703369 18.87613678
-28.49824715 66.89303589 19.16313744
-36.91024780 86.18803406 40.34114075
-33.52024841 70.26403809 31.89613724
-33.41624451 70.07103729 31.93713760
-30.47124672 65.97803497 28.73213768
-30.95524788 66.22603607 29.06613731
-26.04724693 75.79403687 45.37414169
-35.97924805 85.97703552 38.05614090
-33.84524536 87.03604126 42.29814148
-26.04224586 78.06803894 45.55113983
-36.93424988 85.06903839 13.88913727
-26.33024788 69.11703491 38.93413925
-26.91924477 68.60203552 39.60913849
-36.47824860 81.54603577 28.61913681
-36.57224274 85.01103210 12.25213814
-29.71724510 67.61503601 4.77713680
-37.32424927 81.64303589 28.12013817
-36.90524292 81.82603455 27.77013779
-35.14225006 66.60003662 36.65513992
-36.90924835 85.01303101 13.10513687
-37.17524719 84.93003845 12.80113792
-41.67924500 75.07703400 27.58513832
-24.81424522 76.10903931 30.70113754
-25.10524559 75.71503448 30.55213737
-24.70724678 75.79703522 30.80813789
-37.61024475 85.15803528 21.31913757
-43.35724640 71.34103394 16.45813751
-38.53824615 84.97003174 22.21513748
-38.37624359 84.85403442 21.94713783
-22.07124519 82.77603149 20.67513657
-22.51924706 82.74603271 21.37513733
-37.52724457 67.19703674 43.93114090
-39.77124786 84.76203918 23.63313675
-40.37424469 84.40503693 24.12513733
-31.78624535 67.49703979 4.63913679
-30.79624748 70.10303497 11.07413673
-24.90824699 70.79403687 15.82313728
-25.57524681 71.03403473 15.71313667
-26.86024666 76.91104126 35.89213943
-26.75624657 76.83303833 35.47113800
-28.31524467 70.29403687 14.40613747
-28.66824532 70.09903717 14.42413712
-25.16924477 70.99603271 16.01813698
-27.89324760 84.86903381 15.16113663
-28.24124718 85.05303955 15.25713730
-25.99324608 67.69903564 4.61713696
-25.65924644 67.61603546 4.52213669
-31.13024712 83.41703796 34.64113998
-19.75324631 76.37203979 4.62713718
-27.95924568 79.51203918 34.70013809
-27.57324791 78.35103607 34.87014008
-23.74724770 73.76603699 7.56113720
-33.59724426 70.78003693 27.49913788
-34.39124298 71.12703705 28.48013687
-25.38924599 85.56604004 28.97713852
-33.83024597 70.85803223 27.78413773
-22.04424477 66.02103424 18.84313774
-26.73724556 77.25603485 33.12213898
-19.11224556 77.51203918 4.19513702
-18.94524574 77.62603760 3.87513685
-19.04524612 77.49903870 3.64813685
-27.07024574 66.77303314 3.96113682
-36.84424591 71.34603882 34.31113815
-37.21824646 71.46803284 34.44213867
-29.08624458 82.84503174 24.43913651
-24.07024574 73.57203674 7.69113731
-24.25024605 73.17203522 7.74213696
-24.01524544 73.30203247 7.75613689
-27.83924675 70.47503662 19.92113686
-28.71324730 81.76403809 34.34814072
-35.83724976 68.28603363 18.42113686
-35.07224274 68.21903992 17.80613708
-28.61824608 81.50603485 35.04413986
-26.10424614 71.35803223 17.44113731
-34.44424438 86.62303162 43.45314026
-28.78324699 81.87803650 34.67213821
-27.99024773 68.59003448 5.76213694
-28.10624504 68.58303833 5.63613701
-43.51024628 73.28003693 5.55913734
-27.61724663 71.26103210 39.13914108
-38.15424347 66.50803375 43.70814133
-43.60524750 73.85403442 5.62413692
-43.20824432 72.99403381 5.59013700
-34.76824951 86.18904114 44.08813858
-39.39124298 73.05203247 37.53913879
-39.97624969 73.32904053 37.47914124
-35.95924377 84.49703979 9.08713722
-32.31924438 65.93303680 39.12113953
-32.92224884 67.62203979 4.69313717
-33.19924927 67.82303619 4.80913687
-25.81824684 81.35303497 16.37513733
-30.79624748 87.17103577 31.18813705
-44.52424622 79.73503113 22.69913673
-44.61425018 79.29403687 22.95013809
-44.84324646 79.03203583 22.80213737
-24.45424461 66.78503418 15.65613747
-24.40024757 66.55203247 15.87113762
-25.06324577 66.54503632 15.83213806
-25.33524513 81.44104004 16.87113762
-39.29624939 68.73703766 23.18613815
-39.36124420 68.90803528 23.35813713
-39.72224426 70.00303650 13.43813705
-40.41124725 73.63203430 6.47213697
-25.54924583 81.30303955 16.84013748
-25.74624443 81.24504089 17.00713730
-28.96824455 66.53703308 18.50713730
-30.67824745 84.96103668 45.27914047
-30.09924507 84.36903381 45.32114029
-30.10124779 85.42404175 45.33813858
-30.82024574 84.37503815 45.23913956
-33.64424896 66.03403473 37.98413849
-28.72524452 81.30903625 26.32513809
-28.18324471 81.07503510 26.01713753
-39.06324768 68.99503326 22.68313789
-29.35824776 67.01303101 43.57114029
-35.10524750 84.19403839 7.17913723
-30.06124687 83.32603455 35.61214066
-30.02224541 83.15503693 35.47613907
-27.62224770 68.03303528 41.45613861
-26.04824638 78.58903503 13.74813652
-40.18924713 75.61603546 32.33313751
-40.19324493 76.12603760 32.66713715
-40.18124390 76.02503967 32.82713699
-40.27724457 76.37103271 32.89313889
-37.77824402 72.17604065 31.96113777
-38.15924835 72.40603638 32.37714005
-23.66424751 74.35403442 42.43614197
-23.52124596 74.91703796 41.88013840
-23.63724709 75.01303101 42.77814102
-27.18724632 75.50303650 22.29613686
-27.55124474 75.31003571 21.92713737
-31.73224449 68.01004028 15.81413841
-23.80724525 72.69303894 38.96614075
-28.15524483 87.07003784 23.39313698
-38.99324799 82.39203644 27.50013733
-31.36124611 68.24703979 15.49313736
-30.89224434 67.52003479 15.70713806
-30.26224709 69.07903290 42.71213913
-30.61224556 68.90003967 42.43814087
-30.86624718 68.78903198 43.29814148
-30.89324760 68.69503784 42.85514069
-39.47525024 82.76303101 5.94013691
-38.74124908 70.05903625 34.88713837
-38.52724457 82.10003662 27.42013741
-23.52324486 67.95203400 6.24013710
-23.94724464 68.10603333 6.30413723
-24.23324776 68.25703430 6.34113693
-30.66524696 68.79703522 42.21313858
-40.37124634 80.77703857 8.00813675
-40.48524475 80.76303101 8.43013763
-27.39524651 71.83703613 18.89313698
-27.24724770 71.76703644 18.60013771
-27.35724449 71.59204102 19.03013802
-26.83824730 79.35003662 30.52513695
-26.76324654 79.82103729 30.22213745
-27.27424431 79.57203674 31.20913696
-23.45624733 78.75903320 38.86314011
-36.85224915 71.42803955 33.62113953
-37.16724396 71.66603088 33.55213928
-35.64924622 87.09103394 41.91714096
-33.99024963 67.95003510 35.03213882
-43.55024719 75.96704102 35.15314102
-22.67024422 70.21803284 16.55413818
-28.52824593 82.45003510 23.82713699
-27.99124718 82.11403656 22.51113701
-33.74824524 70.41003418 30.30313683
-33.85724640 70.40603638 29.90013695
-24.46224403 80.11303711 37.44514084
-25.40924644 78.36703491 6.70313740
-37.38324738 66.27203369 43.50914001
-36.93024445 66.22503662 43.33514023
-36.89924622 66.41703796 42.58813858
-27.34424782 78.02603149 35.01713943
-27.50124550 78.40103149 35.05413818
-42.98024750 77.51703644 43.35414124
-29.43824577 85.58003235 15.64813805
-29.67024803 85.65503693 15.85013771
-29.50424767 65.74203491 27.64713669
-29.27524757 85.00203705 15.25913811
-29.17924690 84.67604065 15.09913826
-20.46624565 73.32703400 7.37413692
-43.87124634 82.00003815 5.39513683
-43.54324341 82.48503113 5.39013672
-40.65224457 72.72203064 34.90513992
-28.15124702 69.57603455 9.37313652
-25.56324577 83.06903076 9.55513763
-35.31624603 67.62003326 37.55714035
-25.21924782 86.05403137 3.49713683
-25.18424416 85.97103882 3.81613684
-25.26924706 81.35003662 18.78013802
-34.79124451 65.80303955 42.05213928
-35.35124969 67.50503540 37.70713806
-28.95024681 67.06203461 4.14613676
-29.10824776 67.12703705 4.19413710
-34.55224609 65.81403351 41.69913864
-24.17624474 81.54703522 17.91213799
-34.27324677 65.80003357 42.08514023
-34.23224640 65.87203979 41.80913925
-40.92524719 72.13903809 11.26613808
-26.31824684 77.27003479 6.56513691
-28.45524788 83.83703613 14.31613731
-29.79324532 69.06703186 34.84313965
-29.34024620 69.37503815 33.88813782
-36.14424896 83.77603149 38.33314133
-22.25624657 86.25303650 17.64713669
-20.69724464 83.74903870 4.80513668
-38.24924469 84.45703125 26.64513779
-30.61124611 68.94703674 20.47813797
-31.93324471 67.95803833 20.47713661
-21.83624458 68.03003693 16.24913788
-41.17524719 73.96303558 9.79913712
-37.55324554 71.16703796 27.66913795
-26.21024513 72.08103943 24.47613716
-25.56524467 72.26303101 24.73613739
-22.37224770 68.11403656 15.94313812
-27.20924568 74.82503510 10.58013725
-26.21524620 71.72603607 24.98213768
-26.72224617 71.71403503 24.59513664
-26.57724571 71.39103699 25.26313782
-25.84924507 71.82403564 25.09613800
-22.67224693 86.42203522 17.57113838
-33.31324768 81.64203644 29.03013802
-33.26224518 81.69104004 29.25913811
-25.19124413 75.60803223 33.13813782
-32.33824921 68.45403290 21.38313675
-32.40224457 68.11403656 21.09213638
-28.32424736 79.83803558 23.31713676
-24.74924660 87.20003510 18.92513847
-22.98124504 81.71903992 8.04313660
-23.08224678 82.07303619 8.51213646
-22.37324715 83.51103210 17.23313713
-37.30824280 68.23703766 35.19213867
-25.36024666 78.68103790 7.14913702
-25.09424782 78.97903442 7.56113720
-25.56324577 78.89603424 7.49213696
-26.61524773 77.17803955 18.37213707
-30.63924599 66.17703247 37.65713882
-35.59024811 84.56203461 38.58414078
-25.77224541 78.71003723 7.24213696
-27.33324623 74.13703918 19.73613739
-27.16924477 73.81604004 19.13813782
-25.51424599 78.93303680 37.26314163
-26.19724464 78.95103455 37.07413864
-27.40824699 73.76503754 19.66013718
-25.11624718 79.33103943 25.09413719
-23.83924675 83.74803162 25.21013832
-39.85924530 73.10704041 34.90313721
-36.56224823 85.97203827 21.51113701
-37.31224823 85.83303833 22.90613747
-28.27324486 78.44303894 34.17413712
-28.27224541 66.86103821 36.65813828
-28.86324501 66.63603210 37.57014084
-39.64824677 74.47603607 33.83514023
-23.46924400 75.51004028 41.85713959
-33.79924774 82.77503967 32.64714050
-23.82124519 80.45803833 8.94713783
-24.19624519 80.17703247 8.99613762
-26.28624535 80.07803345 28.82313728
-26.33224678 80.21503448 28.76413727
-25.24024773 73.86303711 37.25214005
-28.83124733 83.14203644 21.34113693
-28.16424751 69.18103790 23.55313683
-28.35424614 69.03303528 23.47913742
-20.04924583 78.38003540 6.79313707
-40.03824615 80.32003784 35.05613708
-36.25424957 84.55203247 38.80514145
-24.27724648 68.00903320 4.76813698
-23.43724632 68.02503967 4.63613701
-42.19224548 81.74504089 12.62113762
-32.66724396 84.56103516 42.60013962
-31.87524605 84.39703369 41.97713852
-24.83824730 70.88303375 18.00113678
-24.90624428 70.74403381 18.51513672
-31.58324623 69.02103424 21.41113663
-42.05924988 82.56703186 13.91113663
-22.41124535 84.72103882 4.55913687
-40.93124390 71.83603668 38.74813843
-41.20824432 72.25403595 38.84614182
-41.17724609 72.02003479 39.77214050
-42.45624542 81.32103729 12.54113770
-42.42624664 81.93503571 13.39913750
-22.58724403 85.52903748 4.12113667
-22.55524635 85.05303955 4.37613678
-22.18124580 84.79403687 4.43513680
-22.09924507 84.98204041 4.33213711
-35.87324524 67.07203674 39.02513885
-25.63724709 70.50903320 19.34713745
-36.44524384 82.66503906 34.58413696
-36.53724670 82.52203369 34.17013931
-22.16124535 83.18003845 7.01513672
-22.44424629 83.49903870 6.89013672
-22.77524757 83.30203247 6.95513725
-22.56024742 83.25503540 6.98413706
-27.64324760 79.12004089 36.47214127
-35.95924377 67.11003113 39.14213943
-35.94524384 66.96203613 39.12614059
-25.14624596 70.56503296 19.15013695
-25.48924446 70.53703308 19.13413811
-29.97424507 69.14103699 39.16614151
-39.95124817 84.27603149 19.05513763
-39.82824707 84.25503540 19.76813698
-31.64724541 68.31703186 20.63513756
-32.18424988 68.08703613 20.80113792
-29.86424446 69.25803375 38.93513870
-32.67024994 86.16503906 21.16613770
-32.15224457 86.34703827 20.70313644
-19.84824562 76.67503357 4.86613703
-20.08624649 76.11403656 4.99713707
-23.47824669 86.85203552 21.81113815
-23.98024559 86.96903992 22.34113693
-25.79524422 74.20903778 45.48814011
-24.64624596 75.68904114 45.61714172
-25.65724754 75.43603516 45.53414154
-30.75824547 86.96504211 38.05714035
-26.94724464 80.19003296 11.35013771
-31.97424507 83.98503113 34.06313705
-25.07824516 81.69104004 16.55813789
-42.29425049 74.08803558 41.25513840
-39.71125031 82.57704163 35.26414108
-40.11624908 82.49504089 35.27513885
-34.49124908 82.14303589 31.33713722
-34.69424438 82.10504150 30.97413826
-34.77424622 82.07003784 31.58813858
-26.48324776 67.42703247 32.00914001
-25.63824654 85.10103607 15.68013763
-25.75424767 84.87803650 15.56213760
-44.86425018 80.89703369 3.75113678
-26.22124672 75.86003113 16.30413818
-44.98524475 79.90903473 3.48813677
-44.89624786 80.45803833 3.66113687
-20.09424591 70.04403687 3.78713703
-19.85524559 70.50703430 3.90913677
-44.98024750 79.56604004 3.47113681
-22.84524727 69.83603668 21.34413719
-22.83324623 69.50303650 22.07413673
-21.23024559 83.16203308 19.44713783
-40.92024994 75.34103394 34.85913849
-32.49624634 67.19403839 31.25413704
-41.67824554 79.04903412 37.79713821
-41.48124695 79.14703369 37.69614029
-23.93224525 84.11003113 25.77213669
-28.34124565 81.72803497 20.39013672
-28.41224480 81.61003113 20.37613678
-28.03224754 81.50503540 20.10013771
-26.34824562 80.99703979 17.63113785
-30.42524529 67.36203766 3.35613680
-30.65024757 67.37803650 3.15913677
-29.05424690 67.19303894 42.33314133
-29.17024803 68.47703552 14.96013832
-29.61324501 84.23503113 10.78413773
-39.98925018 74.67303467 31.90413857
-26.23124504 78.37503815 16.59613800
-37.74424744 68.36703491 20.78613663
-37.60424805 84.89703369 25.87913704
-27.01224709 80.85103607 18.60113716
-27.10424614 81.07303619 18.99213791
-26.35424614 72.31903076 29.89413834
-24.59224510 70.18403625 20.56813812
-26.37324715 78.26803589 17.06513786
-26.26224709 78.13303375 16.83213806
-31.70124626 68.63303375 15.40213776
-27.57424736 80.53604126 31.03313828
-33.64225006 67.02803802 17.82613754
-33.51524353 66.90203857 17.93813705
-42.25724792 69.83303833 43.22314072
-41.59524536 69.15203857 43.33414078
-27.14724541 80.31103516 30.40813828
-27.20324516 80.17003632 30.66313744
-34.22624969 83.04703522 24.19113731
-34.81824493 83.25003815 24.56013680
-27.36424446 80.28503418 30.92813683
-37.59324646 70.37803650 10.42213726
-37.12825012 70.16304016 10.50813675
-35.88624573 68.11203766 5.01113701
-35.57624817 68.01703644 5.01813698
-34.60424805 82.96704102 33.85013962
-34.96624756 83.08803558 34.47813797
-39.85524750 74.66103363 32.75013733
-39.71424866 74.34803772 32.86013794
-30.52524757 86.95003510 36.84014130
-32.59124756 68.27903748 39.25513840
-24.41924477 73.99603271 37.49613953
-31.27424812 69.56103516 29.36113739
-26.33024788 79.10903931 8.30213737
-30.42924690 69.94803619 27.13413811
-30.74924660 70.08303833 27.37213707
-26.62424660 79.03604126 8.14313698
-42.41024780 84.10903931 3.88813686
-42.68424988 83.92604065 4.00813675
-30.67424583 68.52903748 44.78514099
-30.64924812 68.80403137 44.28414154
-26.75124550 68.30003357 5.30713701
-27.40624428 68.31003571 5.32013702
-30.92224693 69.94104004 28.14413834
-30.66124535 70.22703552 26.86213684
-30.89024544 70.34803772 26.86813736
-23.76724434 66.25203705 24.73613739
-27.53524590 76.12903595 21.12013817
-37.18924713 86.83203125 42.22613907
-30.24424553 83.23603821 27.91013718
-30.00424767 83.06703186 27.65713692
-43.58424377 70.91803741 4.53313684
-24.32124519 66.16903687 25.84613800
-24.30624580 66.38303375 26.31613731
-24.15124702 76.36603546 45.51314163
-29.99324608 83.13103485 28.07413673
-26.94524574 79.05903625 18.61313820
-27.08524513 75.80203247 19.83113670
-27.54324532 71.68603516 14.68113708
-27.25724602 71.46503448 14.84813690
-27.50624657 71.49803162 14.65113831
-19.18624496 80.82704163 6.24113703
-19.22024536 80.64003754 6.10513687
-28.00024605 86.33403778 34.58613968
-27.37824440 86.22503662 33.18613815
-19.89924622 81.55503845 7.66013718
-19.83524513 81.30903625 7.61413717
-19.67024612 81.27304077 7.54813719
-25.53624535 86.26703644 16.36813736
-25.15224648 85.66803741 16.07113838
-21.54824638 83.64203644 20.85813713
-25.04924583 73.61703491 27.69213676
-26.12624550 86.41803741 16.35313797
-37.16224670 86.48703766 41.18714142
-28.36324501 86.55104065 34.61713791
-40.19725037 80.57803345 35.10514069
-38.72724915 76.42303467 37.74713898
-24.47024727 72.53903198 8.68213654
-29.01324654 83.58703613 10.96713734
-29.72224617 84.06203461 11.11813736
-33.81124878 68.25803375 38.53913879
-33.02524567 68.26903534 38.60113907
-42.48824310 82.07704163 22.82313728
-42.63824463 81.63403320 23.49113655
-41.92124939 82.34903717 23.42913818
-39.88724518 81.44503784 6.58513737
-40.15124512 77.61003113 34.39413834
-33.71524811 84.49903870 7.38513708
-34.44424438 84.47303772 7.68113708
-33.65224457 84.63203430 7.68613720
-37.56724548 81.34303284 34.13513947
-24.44924736 71.08703613 16.85613823
-24.03624535 70.98103333 16.86813736
-36.73324585 66.84703827 40.47914124
-37.78324890 81.17003632 34.26113892
-23.71424675 70.86603546 16.79713821
-38.75024414 73.02703857 34.41814041
-38.87424469 73.05003357 34.51213837
-38.64225006 72.84803772 34.40313721
-35.73024750 70.71003723 30.16513824
-35.50024414 70.65903473 30.07813835
-36.95724487 68.03403473 3.72713685
-28.95524788 70.29703522 20.65013695
-29.29224586 70.56503296 20.82613754
-29.00424767 70.90203857 20.69313812
-29.51924706 70.73303223 21.05413818
-38.10924530 80.92604065 34.39513779
-41.38724518 84.86703491 4.12813711
-41.81124878 84.65103149 3.98013687
-41.54824829 82.46803284 35.54513931
-29.30724525 83.12703705 20.96513748
-29.25824547 83.37403870 20.97913742
-23.38724709 78.37103271 37.87514114
-27.21924782 79.44803619 9.50313759
-34.91024780 68.49203491 16.90813828
-27.10024452 77.14603424 19.70713806
-27.24624443 77.20703125 20.08813667
-20.86024666 74.24903870 5.42913723
-27.41324425 74.73303223 10.32813740
-41.19424438 84.85603333 3.45713687
-41.20924377 84.86203766 3.31313682
-27.11524773 77.05203247 19.87713814
-21.53524590 82.61503601 19.14813805
-21.92924690 82.38703918 18.68713760
-40.97224426 85.07103729 3.41413689
-30.02624702 87.04103088 28.07713699
-35.93824768 84.65703583 41.51813889
-30.60324669 69.52003479 14.47213745
-37.89024353 67.52703857 23.23413658
-37.89624786 67.56604004 22.71613693
-39.47224426 69.28703308 23.15313721
-39.56224823 69.40803528 22.88413811
-39.33625031 69.26004028 22.70413780
-44.71724701 81.16203308 4.18413687
-27.57024574 80.04303741 31.37013817
-44.64324951 81.43303680 3.92213678
-42.12124634 83.37703705 43.48413849
-32.10624695 66.21503448 43.91913986
-27.28624535 80.12503815 30.93213844
-27.21024513 79.73703766 31.01013756
-36.41824341 82.82603455 25.94913673
-39.01224518 72.46803284 34.70913696
-21.11724663 69.50903320 17.22813797
-40.20124817 69.69203186 22.60813713
-39.21724701 71.36103821 34.80413818
-40.98124695 81.34303284 10.27513695
-30.75324440 83.70603943 35.12714005
-30.77424812 83.76903534 35.00413895
-38.55424500 72.18203735 29.26113701
-38.79724884 72.16304016 28.82213783
-38.91124725 71.99303436 28.43313789
-39.06624603 72.09204102 34.78313828
-28.76024437 85.08703613 23.11113739
-38.03524780 71.78703308 28.95313835
-25.72224617 69.79303741 37.95613861
-27.39524651 87.13504028 20.41813660
-33.75124359 70.38203430 29.53113747
-34.85324860 69.53804016 11.08913708
-20.32424736 71.73003387 7.51913691
-27.95024681 86.85504150 16.65113831
-20.49924660 71.46603394 7.62113714
-28.46924782 87.04503632 16.74913788
-40.14324951 76.78203583 33.66213989
-40.24824524 76.72603607 33.95413971
-39.27024841 80.49703979 28.99813843
-33.65124512 85.91304016 4.84813690
-33.07524872 85.90503693 4.87213707
-28.40124702 85.78703308 36.21213913
-28.40024757 82.42703247 22.13213730
-45.87524414 76.10003662 16.68413734
-45.84524536 76.53804016 16.51413727
-19.52024651 72.95803833 4.11313677
-19.49524498 73.17703247 4.20313692
-24.34024620 73.56203461 25.46013832
-24.30224419 73.75303650 25.34513664
-24.35424614 73.58303833 25.69213676
-25.24424553 72.63703918 9.38213730
-25.14224434 72.38303375 9.48913765
-25.07624626 72.49203491 9.31013680
-36.18724823 82.40403748 32.73413849
-36.28424835 82.33303833 32.44213867
-37.46424866 86.21603394 41.88214111
-40.29024506 72.62603760 9.81313705
-40.93624878 77.81003571 7.26813698
-28.95924568 82.14103699 30.37213707
-28.07024574 81.89103699 29.42113686
-30.52424812 68.80403137 38.81113815
-30.06124687 68.71403503 38.86413956
-30.25424767 68.66903687 38.74013901
-39.90625000 79.82203674 29.05413818
-40.76124573 73.39103699 9.65313721
-40.43724823 80.69803619 6.60013676
-25.77624702 83.04803467 38.50714111
-40.55524445 79.39403534 28.59913826
-40.20724487 79.42703247 29.20613670
-42.39124298 73.59803772 42.86513901
-42.49924469 73.64403534 43.11714172
-42.64125061 73.50903320 43.27214050
-27.98524666 69.91903687 28.04013824
-41.41224670 84.75603485 4.83513689
-41.66424561 84.70703125 4.82213688
-41.21624756 84.93803406 4.86613703
-27.24224663 73.27103424 18.79613686
-25.51224709 76.20803833 29.02513695
-25.24524498 75.61303711 28.50513840
-26.22524452 84.02304077 29.86313820
-26.25824547 83.86303711 29.51013756
-23.53924751 83.75804138 16.46813774
-23.95824623 84.46003723 16.19013786
-23.84924507 83.69403839 16.26513672
-26.43824577 83.90503693 29.99613762
-26.41824532 84.03703308 30.32313728
-33.19724274 69.08903503 34.01013947
-21.83224678 85.13504028 17.64413834
-26.96024513 77.77203369 10.44413757
-27.07824516 78.05303955 10.21013737
-26.13524437 84.46403503 30.32513809
-33.40524292 69.09903717 33.98814011
-32.20524597 69.48903656 10.28313732
-45.24824524 80.21303558 18.33013725
-21.97624397 84.88803101 17.45213699
-35.57224274 67.58703613 44.20014191
-26.45224571 75.05303955 12.64913750
-25.89024544 84.73503113 30.20813751
-25.94324684 84.46303558 30.05913734
-26.85424614 83.89503479 30.78013802
-32.10724640 86.21303558 17.19013786
-21.75424767 68.68303680 5.34813690
-26.00124550 84.69203186 30.39713860
-26.12824440 84.57303619 30.58413696
-28.30824471 69.02003479 22.15613747
-23.71224403 74.87603760 6.40413713
-24.99424553 82.53103638 15.87513733
-20.68024635 69.63103485 7.13413715
-21.94624519 69.85003662 19.87313652
-21.89224434 69.52303314 20.30213737
-25.01624489 82.80703735 15.76613808
-25.16824532 82.42103577 15.79513741
-31.19824791 84.21503448 45.11613846
-32.04624939 84.60303497 45.08713913
-29.71624565 86.30104065 3.59513688
-23.21624565 80.21103668 7.92013693
-32.47524261 81.58603668 27.69313812
-32.12124634 81.59803772 27.94413757
-26.31324577 80.11703491 14.63313675
-40.29824829 71.21203613 11.69713783
-27.18124580 80.32704163 25.02213669
-27.48824501 68.69803619 31.36613846
-27.82124519 68.62203979 32.78614044
-44.12124634 71.83103943 20.92113686
-43.91324615 71.46603394 20.28613663
-40.11624908 81.53604126 37.91513824
-37.13724518 70.59803772 9.26313782
-37.81824493 70.92503357 9.31913757
-30.90724754 84.70404053 11.02913666
-31.55924797 84.93603516 11.15013695
-27.86024666 68.10103607 34.57713699
-28.01824760 68.17203522 34.69913864
-42.32124329 75.55803680 39.00313950
-42.35424805 75.18603516 39.74514008
-41.48624420 77.10603333 28.22113800
-36.10025024 82.18603516 31.52513695
-28.34724617 68.52203369 34.72913742
-28.08524513 68.44303894 34.54013824
-38.40324402 85.56203461 23.11013794
-39.14424896 85.18803406 23.40613747
-34.20624542 69.28703308 34.47414017
-33.73524475 69.14803314 34.15813828
-27.91024590 81.80503845 42.69514084
-27.95424461 81.96003723 41.69414139
-33.23424530 68.32303619 34.53313828
-39.17324829 85.32904053 23.80013657
-34.37024689 82.15303802 29.99613762
-34.14624786 82.26703644 30.05313683
-26.85224724 78.03804016 39.19013977
-26.64124489 78.73603821 39.25214005
-21.17024422 83.36503601 18.84913826
-21.20924568 83.66203308 18.60013771
-33.11124420 86.48603821 33.32814026
-26.18624687 76.25303650 39.29914093
-39.54624939 79.12703705 34.41513824
-19.01024628 79.45603943 4.17513704
-27.46724510 76.43203735 9.88313675
-42.29724884 69.56803894 3.57713699
-31.13724709 85.96504211 4.78713703
-39.48724365 85.39804077 4.85613680
-39.77324677 85.52203369 4.35813713
-39.69424438 85.38203430 4.78813696
-40.04524994 75.44603729 33.99913788
-39.96824646 75.15003967 33.99414063
-40.08324432 75.27003479 34.19713974
-22.89824486 72.70903778 7.73913717
-22.70024681 72.94903564 7.68013716
-28.29324532 83.22403717 28.35913849
-28.30024529 83.08903503 27.66913795
-27.76724434 83.16703796 27.67413712
-27.73924446 83.27903748 28.23213768
-22.09124565 83.53103638 6.86313725
-21.82824516 83.17203522 7.05013704
-21.91024590 83.94803619 6.67713737
-36.91324615 86.94603729 42.31214142
-37.39924622 86.43403625 42.16814041
-35.65724945 85.21503448 13.12413788
-35.09924316 85.26103210 13.38413811
-36.20624542 85.18203735 13.66713715
-39.42924500 67.57903290 40.50714111
-38.98824310 67.03003693 42.34014130
-31.40924644 70.02203369 28.75313759
-31.52724648 70.16603851 28.64613724
-24.34024620 80.90903473 9.38213730
-33.20324707 69.50303650 10.75613785
-30.06924629 83.68503571 41.74914169
-30.95224571 83.98803711 43.48014069
-20.71924400 77.73303223 5.57413673
-27.70424461 66.99703979 3.35313678
-27.32424736 66.90503693 3.29313684
-27.71324730 66.95003510 3.66413689
-33.71124268 87.12603760 39.91513824
-26.57624626 74.17103577 13.03613663
-33.33524323 87.12703705 39.66913986
-33.70424652 87.10203552 39.72513962
-33.98024750 87.15203857 39.60913849
-40.65124512 84.12703705 24.25713730
-40.49224854 84.03503418 23.92013741
-40.25724792 84.28804016 23.78513718
-38.73024750 71.96003723 8.55013657
-33.76324463 87.15103149 39.20714188
-29.42824745 83.86603546 12.77413750
-42.69824982 75.57603455 5.90913677
-43.20624542 74.54103088 5.76013708
-40.12224579 77.85704041 34.25214005
-31.78724480 68.98503113 21.51013756
-26.18924522 75.14903259 13.67413712
-32.94324493 67.42503357 32.01313782
-25.99624443 79.05603790 29.07913780
-35.13724518 86.97803497 37.84313965
-35.11124420 86.90803528 37.40214157
-24.39324760 66.84103394 3.81913686
-24.30624580 66.79203796 3.57813692
-35.60924530 87.08503723 39.16313934
-30.88424492 81.57103729 27.76513672
-24.64324760 66.84003448 27.75013733
-27.23624611 82.43303680 14.53813744
-31.96124458 84.25603485 31.02413750
-31.44824791 84.01603699 30.05913734
-28.52024651 67.13003540 21.28713799
-30.53424644 84.92604065 14.71013832
-28.83124733 72.42003632 21.23713684
-29.11824608 72.29903412 21.74313736
-28.95724678 72.35403442 21.40413666
-27.33824730 75.10203552 20.31713676
-27.47224617 68.18603516 40.25714111
-26.80524635 87.24304199 24.88313675
-28.54024696 66.65303802 15.92913818
-22.13224602 74.36303711 7.23213720
-21.61224556 74.22503662 7.20813704
-28.24924660 71.02403259 35.86413956
-35.72525024 86.86203766 38.21014023
-26.91724586 81.07603455 12.56513786
-26.81824684 80.90503693 12.49913788
-24.55724525 70.82603455 16.09713745
-31.04724693 65.83203125 34.04213715
-27.53424644 74.33303833 7.92813730
-27.14224434 74.47903442 7.51013708
-31.00024605 83.22203827 34.26113892
-30.65124702 83.20703125 34.70314026
-35.53624725 86.89903259 37.94514084
-27.62724495 81.67203522 40.67213821
-33.02424622 66.77903748 19.51013756
-29.60624504 70.78203583 24.80013657
-31.15524483 68.57303619 40.78013992
-44.36324310 73.40803528 3.56213689
-44.17924500 73.05803680 3.47713685
-27.39124489 73.41304016 19.51313782
-27.50224495 73.40203857 19.76813698
-36.70824432 86.42003632 42.63214111
-27.04024696 78.88003540 7.93113708
-21.05224419 69.08103943 6.95313740
-42.57924652 70.95003510 22.05313683
-32.00024414 85.12403870 21.35413742
-27.74724770 78.76303101 8.45313644
-34.86224365 86.28703308 36.09814072
-33.40124512 66.96103668 44.44614029
-26.74224663 72.39903259 41.48313904
-26.82124519 72.51403809 42.36314011
-27.75624657 69.83803558 21.08613777
-27.55224419 69.92603302 21.12413788
-27.88824654 69.86903381 20.72613716
-26.37624550 79.87803650 12.67013741
-26.40224648 80.08803558 12.42713737
-26.42224693 80.23803711 12.72313690
-36.36324310 66.47003174 39.56314087
-36.28125000 66.35403442 39.45413971
-24.24024773 77.17003632 24.77013779
-29.59624672 68.69203186 20.29713631
-26.87724495 71.41003418 15.18313789
-26.62124443 71.49703979 15.81013680
-21.57224464 66.37303162 18.20413780
-29.84524727 82.84803772 35.02214050
-29.21524620 83.29003906 36.16614151
-27.78224754 74.95303345 7.31813717
-27.28524590 74.83603668 7.11013699
-26.53524590 71.56903076 16.19313812
-42.55224609 71.79703522 23.99413681
-24.17024422 68.49303436 6.64613724
-27.94024467 85.81803894 37.52814102
-34.79724884 69.90303802 33.62813950
-32.05624390 84.95303345 12.95213699
-33.38224792 85.18103790 13.40513802
-25.57024574 71.28703308 9.76613712
-26.07624626 70.37603760 9.41713715
-40.09224701 70.36403656 25.50413704
-40.04724884 70.78403473 26.01313782
-31.92924690 85.67003632 21.02013779
-31.87024498 85.35803223 21.14413643
-26.10824776 76.62303162 34.22513962
-31.54124641 85.31303406 20.96113777
-24.75024605 84.41003418 8.02713776
-43.05624390 78.71303558 5.83813667
-28.59224510 66.27303314 18.15013695
-26.35124779 70.67003632 28.13313675
-19.36924553 79.13504028 6.74313736
-25.66524696 71.56803894 27.77513695
-26.18524742 70.87603760 28.16413689
-33.61324310 70.11003113 6.75013733
-34.15124512 70.24303436 6.64013672
-30.89524651 83.67203522 31.09813690
-31.17824745 83.73303223 31.73213768
-39.50224304 80.98204041 37.78913879
-43.98324585 76.05503845 13.10213661
-43.66925049 77.02403259 12.45413780
-24.81324577 69.24003601 7.54813719
-30.42024803 70.92703247 21.99313736
-30.77624702 70.75303650 22.23313713
-24.20724678 76.06103516 32.09113693
-24.89924431 68.93903351 7.08913708
-24.96624565 68.96603394 7.34313726
-25.85424614 82.26903534 23.55713654
-26.73224449 80.46903992 11.87013817
-25.60624504 77.50703430 23.73313713
-25.60824776 76.69104004 23.54513741
-25.79224586 76.92303467 23.39113808
-29.27724648 84.23403931 14.38913727
-29.29924583 84.40903473 14.77313805
-27.39224434 70.70404053 31.17413712
-40.62524414 79.25503540 34.99313736
-25.29324532 69.43403625 8.49913692
-24.92524529 69.56003571 8.39013672
-28.24724770 82.20903778 36.45914078
-28.35024452 81.99203491 36.36613846
-19.79924583 82.83003235 5.57813692
-19.59124565 82.56203461 5.79713726
-31.54124641 82.53903198 31.06513786
-27.73024559 70.31303406 9.83013725
-27.81024742 70.45404053 10.03213692
-27.96024513 69.99003601 9.59113693
-19.41424561 82.42203522 6.04613686
-30.10124779 66.39303589 26.69413757
-29.84224510 66.30903625 26.25813675
-40.52624512 68.40503693 39.96014023
-40.42724609 68.27803802 40.12014008
-38.33724976 68.52503967 21.55613708
-38.71524811 68.89803314 21.91313744
-35.67824554 84.75703430 39.39514160
-22.09724617 83.54403687 21.89813805
-22.39624596 83.45903778 22.35213661
-33.90424347 69.12003326 34.50713730
-26.94924736 73.42103577 17.87513733
-27.08424568 73.16803741 18.22113800
-28.12424660 71.34503174 34.66213989
-22.94824409 86.24003601 17.16113663
-27.00824547 85.57103729 4.66013718
-27.54124641 85.45703125 4.78213692
-40.84724426 81.20303345 38.88814163
-40.52624512 76.49303436 31.03913689
-20.43924522 72.85704041 7.61313725
-20.27024651 73.08103943 7.24813700
-28.41124535 67.87703705 35.69313812
-28.43524742 67.67803955 35.86214066
-28.29524422 66.91304016 20.44713783
-28.23524666 66.88903809 20.06913757
-27.63024712 72.67103577 10.61113739
-40.80324554 77.80603790 29.60213852
-33.26024628 86.52803802 19.79013634
-26.67824745 83.93904114 39.49914169
-33.89424896 86.43904114 20.78513718
-39.43924713 83.14103699 43.41913986
-36.14724731 81.29803467 29.98213768
-35.96424866 81.46403503 30.05113792
-39.42524719 84.67903137 23.02613640
-29.47924614 79.98703766 38.89014053
-30.39624596 80.26203918 38.78614044
-39.13924408 71.69003296 34.81213760
-29.30924797 78.73004150 38.88114166
-27.95724678 79.71503448 39.08514023
-29.52524757 78.74903870 38.79413986
-26.48424721 73.23703766 30.68413734
-38.64924622 71.61803436 34.77513885
-38.95524597 71.63003540 34.74913788
-25.14724541 85.55203247 28.48013687
-27.15624428 73.11103821 32.23313904
-27.23924446 73.69403076 32.79813766
-41.94524384 69.64503479 39.97114182
-41.93024445 69.87103271 38.97513962
-40.40424347 70.42503357 43.17214203
-34.63224792 82.26004028 24.97713661
-41.74624634 81.18703461 25.87313843
-37.32724762 68.66003418 17.62713814
-37.98124695 68.75203705 17.07713699
-40.58625031 70.75003052 42.68914032
-27.28724480 79.54003906 19.22413635
-27.34124565 79.33603668 19.45013809
-37.53125000 68.67603302 18.37113762
-33.20924377 70.28804016 29.68213844
-33.20024872 70.28804016 29.96413803
-34.05324554 66.01403809 38.43513870
-34.72224426 65.99003601 39.17514038
-33.05324554 70.14603424 30.30013847
-33.24824524 70.23903656 30.48813820
-26.44924736 77.62403870 31.13913727
-21.73324394 69.04203796 16.39713669
-22.09424400 68.98003387 16.16913795
-28.35924721 70.51803589 44.12313843
-28.22524452 70.66003418 43.67214203
-34.74524689 85.66903687 23.15513802
-33.62424469 65.92603302 39.25513840
-28.68524742 70.19303894 43.31814194
-44.45124817 77.47203827 41.25413895
-44.43424988 77.98503113 41.22314072
-44.45824432 78.00403595 41.48514175
-36.34824371 86.41603088 43.49613953
-35.21024323 86.43303680 43.69013977
-30.31324577 66.31604004 43.19213867
-26.54924583 74.29103088 13.64513779
-30.18324471 66.27803802 42.27814102
-30.07424736 66.40103149 42.60913849
-30.33024788 66.25603485 42.56013870
-24.93324471 76.63303375 6.06413698
-24.21324730 76.63504028 5.94213676
-32.96224976 69.41203308 13.09613800
-33.03324890 69.39603424 12.88813782
-28.93624687 68.75003815 6.55213737
-28.97624779 68.81203461 29.82613754
-23.94224739 76.43003845 5.89913702
-23.63024712 76.42503357 5.83713722
-28.32924461 79.40803528 21.16013718
-34.83724976 67.34203339 36.16913986
-34.74124908 67.23203278 35.77114105
-27.04724693 72.91703796 17.46313667
-39.56224823 78.93203735 33.88213730
-29.82024574 82.37903595 21.14713669
-37.82924652 81.63203430 34.97113800
-28.98224449 82.74303436 43.94913864
-29.44824791 83.10203552 44.04513931
-29.24824715 83.01203918 43.37014008
-35.99424744 70.32603455 32.60413742
-35.57624817 70.15303802 8.87313652
-26.75824547 84.41003418 9.02013779
-43.92124939 72.44903564 42.92613983
-44.11524963 72.76004028 42.83013916
-34.01424408 69.74903870 8.78813744
-34.64124298 69.76203918 9.48613739
-23.96824455 73.00203705 7.79113722
-24.20324516 72.90603638 7.86213732
-24.08724403 75.55503845 25.14113808
-24.06924629 75.71603394 25.18613815
-39.27524567 68.37103271 4.76513672
-39.16724396 68.32103729 4.59713697
-30.68724632 70.24503326 12.14113808
-43.53324890 83.03403473 3.88213682
-43.65924835 82.81703186 3.93013692
-25.99824715 74.34803772 39.39614105
-26.25524712 73.40003967 39.38613892
-25.91424751 74.27203369 39.48814011
-30.94424629 70.10903931 12.32913780
-31.12924767 70.07103729 11.99913788
-35.09024811 67.38803101 37.58414078
-20.89524651 69.70303345 5.65613699
-28.08224678 86.38603210 16.11313820
-27.55624580 86.24603271 16.08813667
-41.19024658 79.38903809 6.46413708
-27.40824699 86.12703705 3.34313679
-39.49024963 85.32303619 24.54613686
-30.00224495 69.62803650 29.05213737
-29.55924797 69.67403412 28.68613815
-21.43424416 69.42903137 4.50713682
-29.57024574 67.73303223 19.68113708
-30.01624489 67.71203613 19.68213654
-22.54824638 68.12703705 5.30313683
-22.35224724 68.33303833 5.15613699
-36.51924896 71.01903534 31.16913795
-36.53424835 70.98204041 31.37913704
-26.62824440 80.87403870 13.19113731
-40.98424530 82.41003418 11.43013763
-41.31424713 78.27103424 6.61613703
-21.42124748 68.49703979 5.75113678
-21.60824394 68.19104004 5.86013699
-29.59724617 65.69903564 30.85813713
-31.43524742 84.38504028 39.22713852
-29.63724709 68.36103821 26.24113655
-20.91024590 68.99003601 6.08713722
-44.85025024 73.08303833 21.75113678
-45.07924652 73.25103760 21.38913727
-45.07225037 73.48703766 21.78213692
-45.36624908 73.79103088 21.26113701
-37.95824432 85.43703461 4.94213676
-38.43724823 85.36403656 4.96113682
-37.65024567 85.11203766 5.18713665
-35.24224854 85.98403931 4.38613701
-31.07924461 67.96203613 28.88113785
-29.41424751 68.63903809 35.78713989
-29.42424583 68.64703369 35.81214142
-45.06624603 77.60603333 23.04813766
-26.61024666 79.21403503 17.76613808
-26.73824501 79.23204041 18.07713699
-31.69724464 68.42103577 39.78313828
-26.82524681 79.63504028 18.03813744
-29.21924782 71.01503754 11.31213760
-29.21524620 71.12903595 11.48513794
-28.80524635 84.57403564 15.03413773
-42.19524384 77.09204102 10.19013786
-44.24724579 78.17303467 13.62413788
-44.76224518 78.12703705 14.58713722
-45.30224609 77.84403992 15.51013756
-45.47124481 77.30003357 15.70313835
-24.40024757 80.55903625 42.48913956
-25.84324455 68.34103394 6.03413677
-26.20224571 68.22603607 6.31813717
-43.61324310 80.74003601 40.62113953
-43.80324554 80.34503174 40.80113983
-24.99724770 79.83503723 8.95013714
-24.33924675 73.88603210 7.55813694
-24.96824455 80.59503174 9.44013786
-25.47024727 80.52803802 9.57413673
-24.78124428 80.37703705 9.27113724
-26.49224663 77.40703583 32.43313980
-24.25424767 74.18203735 7.29313707
-40.96125031 76.75203705 8.08513641
-27.78724480 71.11403656 44.93714142
-28.01424599 70.90703583 44.44913864
-34.43524933 84.78604126 34.99813843
-36.28024292 85.56103516 35.72013855
-35.87324524 85.54003906 35.64813995
-21.43924522 70.14303589 18.09513664
-28.24924660 72.11203766 11.83313751
-28.13624763 72.31803894 11.51013756
-26.01124763 78.71003723 41.36114120
-26.59924507 81.26303101 28.38213730
-31.30624580 65.86003113 32.18613815
-22.25724602 68.58403778 4.67013693
-31.04224586 84.02003479 44.55113983
-28.12024498 73.26403809 22.09613800
-23.48224449 85.81903839 3.15913677
-21.28624535 68.16803741 3.58813691
-21.06524467 68.43103790 3.60213685
-21.05124474 68.48103333 3.39113688
-22.78124428 73.14203644 7.68113708
-22.91124535 73.28903198 7.64013720
-39.36924744 82.99703979 39.13914108
-20.69024467 69.84103394 4.14513683
-43.57824707 80.89603424 14.44213676
-26.02424431 77.46903992 23.34913826
-31.22824669 84.39903259 21.21413803
-25.91724586 65.84803772 17.30313683
-45.90724945 74.89703369 17.54413795
-46.05825043 75.24603271 18.23913765
-26.50024605 79.79003906 16.77113724
-26.58724785 80.11003113 16.81413841
-26.64024544 74.11503601 12.56613731
-25.80624580 76.46403503 39.41814041
-25.65524483 76.40103149 39.51414108
-27.34024620 84.40903473 41.99013901
-27.74224663 84.74003601 41.77413940
-27.51624489 84.60003662 40.78313828
-29.07524681 68.15803528 24.16613770
-34.23324585 82.80403137 33.13713837
-40.64524841 68.77503967 4.84013700
-40.96624756 68.92103577 4.94913673
-26.12924767 76.74504089 13.36913681
-26.13924599 76.56404114 13.14013672
-26.03224754 76.99803162 13.51813698
-26.05324745 76.96803284 13.19913673
-38.99424744 83.33203125 39.39413834
-31.36424446 84.75103760 12.58713722
-43.45824432 81.65503693 15.64713669
-43.55024719 81.30303955 15.11513710
-45.12424469 75.58903503 22.97913742
-34.35624695 67.43103790 21.96613693
-34.94424438 67.17303467 21.75113678
-25.85624504 75.21203613 42.09714127
-32.60924530 86.33203125 44.62813950
-29.47724724 71.03103638 21.22213745
-44.00724792 81.08803558 15.94613838
-43.08524323 73.37903595 24.91313744
-34.67124939 68.60603333 5.28813696
-37.41524506 83.61703491 6.00313711
-37.46224976 83.93803406 5.76013708
-29.94424629 65.89303589 34.81313705
-38.41224670 68.19503784 4.63913679
-38.47324371 68.30003357 4.77313709
-34.53224945 69.00903320 5.45913696
-28.49824715 86.24304199 3.56113696
-33.41424561 67.72003174 4.52613688
-33.19924927 67.68203735 4.43613720
-33.38124847 67.61503601 4.21413708
-26.12524605 75.79103088 14.95213699
-26.17424583 75.75903320 14.78713799
-26.46524620 83.01603699 45.33713913
-34.46124268 69.52603149 5.78313732
-34.79724884 69.09303284 5.51913691
-34.41324615 69.18403625 5.60213709
-35.19124603 69.48603821 25.04813766
-35.45424652 69.33003235 25.08113670
-38.71324921 82.65303802 7.42813730
-26.14424706 75.76903534 15.22913742
-35.68824768 84.04203796 35.27513885
-35.61224365 83.71403503 35.16413879
-35.63024902 70.44203186 30.66713715
-35.98024750 86.07803345 22.75013733
-40.91925049 84.13103485 26.04013824
-40.12924957 84.83203125 25.92313766
-19.80224609 79.10103607 5.46413708
-19.51324654 80.10103607 5.69613695
-34.93224335 85.23603821 15.23313713
-34.42124939 85.22603607 15.26813698
-35.19624329 85.16304016 15.97313690
-27.28424644 69.19104004 14.84113693
-32.36724854 68.68903351 33.54913712
-39.26424408 85.75003815 3.84713697
-39.08224487 85.67503357 4.03913689
-34.92024994 68.55103302 38.13613892
-27.02824593 69.34403992 14.86813736
-28.01024437 69.26503754 14.77713776
-27.69324684 68.49203491 14.91413689
-35.01224518 68.34203339 38.34014130
-37.79724884 70.76503754 34.69313812
-20.45224571 74.77803802 5.02713680
-20.50124550 74.50703430 5.06113720
-20.05424500 74.60903931 4.84413719
-27.34624672 72.26203918 18.48513794
-30.38424492 70.72703552 25.20013809
-36.69424438 66.54103088 41.23114014
-40.48925018 68.64903259 4.57813692
-40.85524750 68.82403564 4.76613712
-27.35124779 72.06103516 18.36413765
-27.29024696 72.25103760 18.19613838
-26.26224709 84.39604187 5.43113708
-43.39824677 70.68803406 4.61913681
-41.01624298 77.83003235 7.06613731
-27.37324715 66.88003540 3.83213687
-27.41124535 66.84003448 4.07513714
-43.09924316 70.82904053 5.20913696
-43.33024597 71.07403564 5.14613724
-37.42424774 80.95303345 32.19913864
-26.59524727 87.28604126 21.92313766
-26.95324516 87.28303528 23.53813744
-27.16924477 77.41304016 19.80713654
-27.05724525 77.28804016 19.64013672
-27.19024467 77.70803833 19.71913719
-25.70724678 74.72303772 39.87014008
-36.66824341 82.39103699 33.16814041
-36.61624908 82.41903687 32.95013809
-27.32424736 75.08003235 10.33913708
-40.52524567 83.49504089 22.50813675
-25.63224602 68.05703735 29.76313782
-27.14224434 65.67503357 22.04813766
-29.61224556 80.71203613 24.02513695
-29.13224602 80.60103607 24.22113800
-37.58024597 85.81303406 4.57713699
-39.65724945 74.28703308 33.22513962
-26.96324730 87.22303772 18.19113731
-26.46724510 87.22403717 17.88913727
-26.72324562 87.24603271 18.92413712
-32.44124603 69.08903503 34.08913803
-32.07324982 68.99703979 34.34214020
-31.51624489 69.05603790 34.28213882
-29.02124596 71.33003235 20.92213631
-23.59924507 67.02003479 3.74813700
-45.74424744 74.49903870 20.76113701
-45.92624664 75.13603210 20.69213676
-45.90724945 74.84803772 20.41613770
-19.54024506 74.11003113 4.50213718
-19.54924583 74.51103210 4.45313692
-23.45024681 66.90203857 3.52213693
-44.53724670 74.65703583 14.42613792
-45.00424957 74.90003967 15.12413788
-25.92024422 77.90203857 39.42213821
-19.45424652 74.44703674 4.36013699
-28.85724449 70.45703125 14.05413818
-42.90625000 82.00403595 40.49613953
-42.83424377 81.81303406 39.17713928
-28.50424767 67.22403717 35.68014145
-26.99724770 71.20103455 30.74013710
-28.59624672 67.07803345 35.81214142
-27.69124794 72.01403809 19.37313652
-27.79524422 72.02903748 19.68013763
-27.90424538 72.16003418 19.86713791
-34.89424896 67.46403503 36.98213959
-34.65224457 67.64603424 36.83414078
-34.66124725 67.63603210 36.55913925
-35.76024628 84.71303558 44.41714096
-34.57724762 67.78603363 36.65713882
-26.02624702 78.90003967 39.60414124
-34.68624878 67.71503448 36.92314148
-34.39024353 67.97303772 17.53213692
-40.05624390 81.96903992 38.16814041
-34.30524445 68.05803680 36.21614075
-28.18824577 82.06703186 39.30614090
-28.25624657 81.93803406 39.21414185
-32.94724274 85.65603638 17.41613770
-32.98524475 85.19703674 17.23413849
-33.21324921 85.19503784 17.44313812
-39.32724762 82.73803711 38.23913956
-26.37324715 83.91603088 15.15713692
-26.09124565 73.30803680 29.83313751
-25.81424522 72.96704102 29.05713844
-26.52924538 73.75803375 31.03913689
-26.11324501 73.79903412 30.09113693
-38.50325012 72.73003387 32.54113770
-38.59424591 72.79803467 33.21014023
-38.37624359 72.72703552 32.89014053
-26.73924446 83.97403717 15.14413834
-22.89924431 65.62803650 18.91413689
-23.02224541 86.87603760 20.14813805
-28.35424614 79.00804138 21.64513779
-34.35424805 82.27003479 31.16113853
-39.25524902 72.60103607 6.71113682
-39.53224945 72.93603516 6.85413694
-24.06424522 67.03503418 3.92913699
-24.46724510 67.25403595 4.12413692
-29.68924522 82.95103455 27.53913689
-29.58424568 82.76403809 26.98713684
-28.51824760 86.58903503 23.05513763
-29.01424599 86.52803802 24.26013756
-27.71524620 77.54903412 33.33613968
-28.99924660 83.84103394 35.42713928
-24.59924507 69.55203247 7.68913698
-24.91024590 69.30003357 7.74313688
-24.99224663 69.05803680 7.67613697
-41.23624420 73.28804016 5.99713707
-41.09624481 72.81903076 5.94613695
-28.47424507 70.41803741 35.95814133
-40.74724579 83.59103394 24.26813698
-32.90324402 85.44603729 32.27513885
-36.44624329 82.07503510 30.95213699
-36.43124390 81.81604004 30.79013824
-27.92924690 68.87403870 26.74813843
-27.40224648 68.85903931 26.98313713
-29.92224693 84.06404114 12.10513687
-34.00325012 66.71103668 34.66513824
-32.78624725 84.60203552 32.40513992
-33.01324463 84.76603699 32.72613907
-28.10524559 68.90203857 26.09913826
-42.13324738 69.34403992 43.09114075
-39.27524567 79.68403625 34.49313736
-26.31324577 79.37303162 16.27213669
-26.20324516 78.72303772 16.35113716
-24.87424660 78.40903473 45.66014099
-39.22224426 79.65503693 34.17913818
-44.19324493 81.07303619 5.43313694
-44.46224976 81.10704041 5.29313707
-42.32324982 77.67103577 39.88414001
-38.15724945 72.26403809 34.57313919
-23.19924736 77.71503448 6.00913715
-22.13424492 77.70203400 5.85613728
-23.68724632 78.03903198 6.22913694
-24.20724678 79.56503296 8.34313774
-23.91024590 79.74803162 8.30713654
-24.31224632 79.65503693 8.51013756
-24.19824409 77.50903320 45.54914093
-37.13524628 84.29603577 9.71613693
-27.37224770 66.90903473 4.33913708
-27.53524590 66.91003418 4.26413679
-37.61425018 84.42903137 10.85913658
-42.35224915 70.96003723 15.17413712
-42.32524872 70.71403503 15.85613823
-30.47224617 85.12703705 26.96313667
-36.02924347 69.28503418 37.90314102
-27.81624794 80.32503510 19.61313629
-27.40624428 80.39703369 19.17613792
-32.35424805 66.72603607 31.32513809
-26.86524773 80.39703369 42.18214035
-31.56124687 69.70003510 10.61913681
-37.59424591 84.33003235 44.33813858
-43.99624634 72.11503601 4.33513689
-43.86024475 71.61403656 4.55613708
-43.89125061 71.88504028 4.32213688
-43.79024506 71.51303101 4.19513702
-27.41524696 81.41803741 30.40213776
-27.42124748 81.51603699 30.24413681
-36.43424988 84.52503967 41.99314117
-20.04824638 83.70003510 6.00513697
-19.88324547 83.66503906 6.17513704
-44.06724548 72.56604004 3.80513692
-44.00124359 72.21603394 3.86713696
-40.30124664 81.54503632 9.08513737
-40.48224640 81.72603607 9.76413727
-40.10025024 81.35403442 8.19413757
-36.18824768 84.53103638 42.62014008
-44.81224823 75.18203735 5.07313681
-44.90424347 75.48003387 4.95413685
-30.37924767 86.34004211 4.00013685
-32.11524963 85.09603882 9.47413731
-32.03125000 85.11903381 9.80213737
-23.85224724 75.75103760 5.80013704
-25.37324715 68.60603333 7.24013710
-28.63224602 69.23103333 36.41614151
-33.04824829 83.79403687 34.73114014
-23.97124672 85.71803284 3.41113687
-24.09224510 85.29904175 3.77713680
-25.52324486 68.66703796 7.60213709
-25.38424492 68.73603821 7.46313715
-30.37724495 85.89303589 16.13513756
-30.57624626 85.64604187 15.99213791
-44.08424377 80.15003967 23.01913643
-30.40724754 83.59803772 27.11013794
-26.48624611 73.55503845 45.21213913
-26.43424416 73.81203461 44.33314133
-30.96024513 66.09203339 29.47813797
-43.83924866 80.37503815 23.15813828
-22.62624550 72.70404053 7.72113705
-31.62524605 66.45903778 29.98513794
-20.39924431 83.83703613 7.02213717
-27.90124702 74.01103210 9.75413704
-27.76324654 73.49303436 10.40813732
-27.82624626 74.01703644 9.91613770
-40.43824768 68.73603821 4.86513710
-30.36324501 68.93403625 44.41213989
-26.03224754 81.18904114 10.03113747
-25.63624763 80.95204163 9.85413742
-25.84124565 81.42703247 10.01913738
-38.49624634 81.02203369 28.77813721
-33.72824860 85.21003723 15.64613724
-33.44324493 85.21103668 15.86913681
-26.40124702 79.43703461 8.86813736
-30.08524513 85.18003845 5.16113663
-44.62524414 80.98703766 18.41213799
-21.06024742 68.10303497 19.09713745
-21.00924492 67.83503723 18.81613731
-44.35624695 81.11103821 17.80213737
-28.47524452 65.63803101 29.53913689
-27.59924507 65.59403992 28.00013733
-34.78524780 66.48003387 36.70114136
-41.21924591 76.07403564 34.84914017
-29.38324547 66.36303711 38.28113937
-23.59324455 87.04904175 19.91313744
-28.57524681 72.07904053 20.61413765
-28.31824684 72.22403717 20.40013695
-20.34024620 77.99803162 5.64313698
-40.42424774 76.68303680 34.70413971
-26.44624519 75.93603516 34.86914063
-26.53324699 75.81503296 35.14113998
-26.54424477 75.72803497 34.78413773
-25.03024483 85.93003845 3.95313692
-37.92724609 69.34203339 37.98413849
-38.60124969 68.21603394 36.22513962
-38.27324677 68.14203644 36.08613968
-32.70824432 70.86103821 28.60013771
-26.95024681 71.53103638 18.46313667
-26.82024574 71.45603943 18.45613670
-25.31524467 77.66503906 24.08613777
-27.10524559 71.44003296 18.79413795
-33.37924957 67.65303802 3.28413677
-25.36324501 77.53403473 23.93813705
-25.51924706 79.24403381 24.76913834
-27.34724617 65.78203583 20.55913734
-39.41324615 82.03303528 6.48613739
-33.21824646 67.55503845 3.55513692
-33.39225006 67.55003357 3.96713686
-26.89924431 81.88504028 22.43613815
-27.18324471 81.80903625 21.90613747
-43.25024414 70.78503418 3.44613695
-38.92724609 80.02103424 33.90513992
-34.17324829 68.16103363 17.18513680
-41.08625031 83.99304199 25.44013786
-29.53424644 80.64003754 21.72413635
-29.10424614 80.31404114 21.81413651
-26.05624580 69.94703674 21.49313736
-27.02124596 73.04203796 12.86813736
-27.24324608 72.81403351 12.66713715
-23.71024513 85.84803772 25.04213715
-23.51724434 85.31203461 25.11813736
-26.21324730 78.91603088 23.86613655
-26.24324608 78.67703247 23.69513702
-25.98724556 70.18303680 20.44713783
-27.10724449 72.81503296 15.67713737
-23.94824409 84.29003906 5.14313698
-23.11124611 84.32403564 5.22313690
-26.84024620 68.37403870 7.19313717
-22.38624763 82.36203766 17.98113823
-41.30124664 77.02203369 6.65113735
-26.62024498 68.26203918 6.42713737
-26.52624702 68.28303528 6.81313705
-22.54124641 82.22503662 18.09413719
-43.99324799 80.07003784 41.71213913
-26.86524773 81.60803223 15.16613770
-27.88924599 68.70103455 36.95214081
-26.13124657 71.03703308 28.36113739
-43.94924927 80.18703461 41.92613983
-43.88024902 80.46803284 42.12514114
-31.85824776 66.24303436 44.20613861
-25.37524605 73.93303680 28.55713844
-25.13024712 74.36503601 28.14613724
-26.20624733 74.92604065 14.79413795
-26.25024605 74.83103943 15.51013756
-33.23324585 86.31503296 44.27413940
-33.84224701 86.33403778 44.11513901
-36.90424347 66.40303802 43.92113876
-36.72424316 66.31703186 43.71313858
-20.75524712 84.03604126 5.21213722
-44.75225067 74.91103363 4.01013708
-44.81024933 74.82403564 4.72413683
-30.02724648 69.05103302 6.68513680
-37.61624908 80.81903076 32.12313843
-30.08424568 83.81503296 35.35213852
-29.69524574 83.82603455 35.48313904
-25.87924767 79.49103546 45.62714005
-33.26725006 69.64203644 32.50013733
-32.51324463 69.58403778 31.83513832
-42.22924805 77.06503296 38.22114182
-36.48024750 82.01103210 27.18813705
-36.01324463 82.00403595 27.19613838
-32.98124695 69.62803650 32.37313843
-39.24324799 73.07803345 30.30013847
-25.62824440 65.56503296 21.04613686
-25.39924431 65.59603882 19.97213745
-25.31524467 65.64003754 19.74313736
-32.18524933 85.36103821 44.88114166
-31.82524681 85.63304138 45.07614136
-32.92124939 69.28203583 33.11413956
-32.65625000 69.43603516 32.61413956
-32.51024628 69.49703979 32.25613785
-32.73524475 69.50203705 32.46113968
-26.83724785 73.30203247 15.39813805
-26.76824760 73.55303955 15.56613731
-25.21524620 76.70703125 33.23714066
-29.97624779 81.07904053 25.33413696
-34.99124908 83.93103790 35.11813736
-34.76624298 83.88003540 35.03513718
-27.81224632 79.58903503 23.41313744
-28.04924583 79.55403137 23.13713646
-30.69224739 81.16003418 25.49413681
-30.31824684 66.25403595 42.83113861
-30.45124626 66.19503784 42.85913849
-33.49324799 86.85704041 43.61714172
-34.93924713 83.68603516 35.09013748
-39.22724915 69.02703857 17.09213829
-26.66424751 65.72603607 19.41213799
-26.95024681 65.77503967 19.53113747
-40.22724915 75.93103790 32.54513931
-36.31724548 70.69303894 32.93613815
-36.42424774 70.87103271 33.08113861
-32.97924805 69.36203766 32.90013885
-28.23724556 66.95703125 36.75413895
-22.36524773 66.87703705 22.29313660
-27.10824776 72.17903137 17.05613708
-26.78424644 71.85303497 16.86913681
-42.03025055 74.38203430 38.64413834
-41.84424591 74.00403595 38.21414185
-42.01124573 74.74203491 38.01713943
-45.69124603 79.60903931 19.23813629
-26.73824501 68.89603424 43.32714081
-26.05424690 85.30703735 15.66713715
-25.90924644 85.40803528 15.77513695
-40.08524323 78.61503601 30.77713776
-23.66124535 86.54203796 17.20713806
-23.97624779 86.46203613 17.01113701
-29.22224617 83.45903778 30.38113785
-34.92324829 68.01603699 43.11814117
-41.77824402 75.53903198 37.50413895
-23.73224449 84.22503662 6.80813694
-23.68324471 84.19503784 7.03613710
-24.02524757 84.45204163 6.97513676
-23.71224403 86.75503540 17.32613754
-23.27124596 86.36804199 17.10713768
-27.33024788 72.21403503 15.61813736
-31.11224556 69.05903625 38.57714081
-30.87224770 68.87903595 38.69313812
-23.08524513 86.80303955 17.65813828
-23.36224556 86.86804199 17.62113762
-25.79624748 87.04503632 25.74313736
-25.09024620 87.07803345 23.98913765
-24.30924416 87.06903839 22.12513733
-22.20424461 85.15003967 17.30013847
-22.57224464 84.65103149 17.00213814
-39.40124512 71.36603546 10.48513699
-25.44024467 87.14604187 23.95913696
-30.88724709 83.39604187 34.83113861
-24.32524681 82.26903534 16.41613770
-24.07824516 82.04203796 16.89513779
-29.43924522 86.40003967 19.78813744
-27.89024544 79.77503967 36.27313995
-28.05624580 80.16304016 35.91114044
-26.06224632 76.41503906 13.60813713
-26.12724495 76.14903259 13.49413681
-30.31424522 67.72903442 4.70313692
-36.68524933 83.05203247 35.18413925
-36.84824371 82.97903442 35.21813965
-27.48124504 84.55503845 5.29213715
-28.82324791 68.62103271 24.07813644
-28.57424736 68.82103729 23.60813713
-32.60424805 66.14503479 36.71514130
-34.04724884 69.21003723 13.21313667
-25.63124657 76.10203552 30.31913757
-39.31724548 69.14803314 26.13113785
-39.45624542 68.98703766 25.89013672
-39.16724396 68.83003235 26.03513718
-28.55924797 69.12203979 9.11713696
-28.36124611 71.10704041 34.44113922
-42.73524475 82.80903625 17.88913727
-25.85524559 76.88603210 30.20813751
-25.90624428 77.20503235 30.27913857
-25.14624596 82.19903564 37.52114105
-24.90224648 81.93403625 37.55213928
-27.94324684 81.72303772 31.58513832
-27.60124779 81.22603607 31.18113708
-23.71324730 72.82503510 38.01713943
-23.93624687 72.27703857 38.23514175
-24.87024498 81.76004028 37.48913956
-25.20424461 82.12004089 37.42514038
-27.57124519 76.81903839 21.01213646
-27.50624657 76.88603210 20.76313782
-38.89225006 84.84903717 35.93814087
-23.44024467 65.62403870 18.24413681
-24.08124733 72.04603577 38.86214066
-27.13824654 81.66903687 12.40513802
-38.46924591 67.68303680 24.04113770
-38.68824768 67.79303741 24.37913704
-32.54124451 85.51103210 31.52013779
-27.28124428 81.98204041 12.77613640
-27.24524498 82.00603485 13.02513695
-27.23324776 82.09503174 13.48313713
-21.19424629 70.14003754 7.64013720
-28.57524681 82.12403870 30.74613762
-39.15524292 68.96503448 43.76913834
-32.78824615 69.62603760 32.02113724
-32.75024414 69.52703857 32.17514038
-27.78824425 70.82303619 40.57514191
-45.16124725 73.88103485 16.12113762
-27.87024498 84.67003632 38.31414032
-40.72124481 72.65503693 10.42513657
-40.47525024 72.61503601 10.14313698
-40.41824341 72.28403473 10.46413708
-25.82924461 76.27403259 23.33613777
-25.87524605 76.00503540 23.21013641
-26.36424446 79.93904114 15.75913811
-24.21924782 68.08103943 5.88313675
-23.91924477 68.11103821 5.48313713
-30.88124657 66.70903778 28.18113708
-31.03324699 66.97203827 28.35913849
-30.63824654 67.15803528 27.46713829
-30.45824623 66.99703979 27.08613777
-35.58924866 83.02304077 34.52713776
-36.06924438 83.07603455 35.03113937
-33.28324890 69.46903992 11.90313721
-23.96424675 68.01703644 6.11813736
-21.54024696 79.45803833 7.58613729
-21.77524757 79.27603149 7.54313707
-35.84224701 82.96803284 34.72213745
-22.11724663 84.80303955 22.28013802
-33.46724701 69.45703125 12.10113716
-28.89524651 69.88203430 9.90513706
-28.80624580 70.13003540 10.08113670
-27.05824471 76.61503601 6.72613716
-21.95924568 78.83603668 7.36713696
-21.99824715 79.02503967 7.45813704
-36.96324921 83.24203491 38.18714142
-43.64225006 82.80104065 3.56013680
-33.68524933 69.43303680 11.94313812
-44.17324829 82.31604004 4.06113672
-42.12224579 70.15803528 5.32713699
-42.59124756 70.44203186 5.28913689
-25.77024651 74.08303833 23.39613724
-28.39924431 81.28003693 32.71613693
-39.95124817 75.18003845 33.50713730
-39.84724426 74.88803101 33.72313690
-39.71324921 74.71603394 33.80813980
-36.75524902 83.68803406 38.29613876
-40.77124786 83.34603882 22.51013756
-31.97324562 66.01703644 37.38013840
-26.55824471 70.96903992 25.98613739
-27.14924431 70.57703400 26.18513680
-27.10724449 70.69703674 26.07013702
-26.88824654 70.65903473 26.31913757
-19.83724594 84.37103271 3.34713697
-20.43524742 84.67203522 3.70813704
-23.24024773 78.61803436 6.91013718
-29.54024696 68.85603333 7.89213705
-29.31224632 68.82003784 8.06513691
-27.73424721 73.04403687 10.39213753
-27.54324532 73.04703522 10.25113678
-23.85824776 77.92003632 43.85314178
-37.99224854 72.35803223 32.58913803
-38.29224396 72.60803223 32.71213913
-19.67324638 83.50303650 3.59813690
-26.63224602 71.39103699 15.66513824
-26.33224678 70.97903442 15.16613770
-28.59024620 80.19403076 34.13813782
-28.16924477 68.46903992 37.16313934
-20.65524483 74.03703308 7.07213688
-20.60024452 74.04103088 6.85213709
-27.55524635 81.65003967 11.43013763
-27.31524467 81.24103546 11.42513657
-39.74124908 83.98004150 22.99113655
-26.50024605 80.46903992 14.84213829
-25.88124657 79.80104065 28.24413681
-25.86324501 79.92803955 27.98213768
-38.93424988 68.30303955 22.88913727
-39.29824829 68.41603088 23.43613815
-24.24524498 73.93803406 44.88114166
-24.33124733 73.89804077 45.13814163
-29.01624489 87.21603394 27.74813843
-29.68224525 87.19203186 29.50913811
-28.89024544 87.20703125 28.27213669
-20.04824638 82.97403717 4.21513700
-26.35824776 79.94303894 29.38613701
-26.45524788 79.55403137 29.75613785
-28.49724770 71.26004028 13.31413651
-28.53324699 71.16203308 13.52813721
-30.91124535 70.84603882 23.33513641
-20.17024422 83.43503571 4.12013674
-20.12324524 83.88304138 3.82513690
-39.49124908 79.40803528 31.17613792
-39.69424438 79.24103546 30.84013748
-22.69824409 68.35503387 23.34613800
-38.66824341 82.06203461 35.17514038
-20.69724464 84.04203796 4.37313700
-20.90724754 84.34103394 4.38613701
-29.41024590 69.27403259 34.67713928
-22.30424690 68.57903290 22.29313660
-40.88324738 81.57704163 26.92313766
-38.01725006 82.27903748 35.21413803
-38.17524719 82.52503967 35.23313904
-20.57724571 83.93803406 4.24213696
-28.87324715 82.70003510 26.13713837
-39.49324799 72.85603333 34.86013794
-40.22824860 76.06503296 33.61613846
-40.20024872 75.93103790 33.78213882
-36.10424805 84.83203125 18.75413704
-32.03324890 86.29003906 44.34513855
-38.53024292 80.38703918 33.78614044
-20.27224541 71.45903778 7.38513708
-40.30024719 73.76903534 29.15413857
-40.43524933 73.65603638 28.69113731
-40.06824493 73.31503296 28.91213799
-30.77124596 68.67903137 29.81613731
-25.97724724 71.59603882 10.02713776
-26.32024574 71.43503571 10.19213676
-33.11724854 67.42803955 17.04113770
-24.13124657 74.47003174 25.46713829
-24.16624641 74.10003662 25.49113655
-23.15324593 85.73703766 3.64513683
-23.31324577 85.54503632 3.83613682
-24.43524742 82.80003357 24.07213783
-24.54124641 83.06003571 24.93513680
-25.05324745 77.99103546 24.40413666
-27.14324760 72.85403442 13.04613686
-35.20224762 70.68403625 37.96113968
-34.97824860 70.03503418 37.97314072
-35.47124481 72.73903656 38.01113892
-35.26824951 71.62103271 37.99314117
-28.90124702 87.17003632 29.32613754
-25.53424644 74.09903717 7.45713711
-21.20224571 67.42403412 19.35013771
-21.07424736 67.48403931 18.80513763
-41.60824585 72.85403442 39.57614136
-41.65724945 73.15903473 38.86114120
-39.19924927 79.98703766 34.77113724
-27.35824776 85.39703369 15.49613762
-26.40524483 73.38303375 36.90414047
-28.34624672 81.40203857 26.84113693
-26.86424446 85.26103210 15.50413704
-28.93924522 81.85903931 33.80213928
-28.87324715 81.60704041 33.94113922
-28.27224541 68.55203247 6.77913713
-29.57224464 68.86603546 7.07013702
-29.37024498 68.86103821 6.60813713
-27.05324745 85.13504028 15.45413780
-26.66024590 84.81103516 15.33413696
-42.89125061 74.28503418 35.05913925
-42.97824860 74.89103699 35.03213882
-33.75524902 84.38304138 34.66613770
-39.91124725 78.26503754 32.27413940
-23.80724525 70.97503662 17.52913666
-24.33524513 85.28604126 3.93413687
-39.78724670 78.49603271 32.48213959
-41.29924774 82.60504150 12.33713722
-40.84124756 82.72603607 11.69813728
-41.90625000 82.28604126 12.96413803
-40.51024628 83.57904053 23.82813644
-40.68325043 83.79803467 24.13913727
-27.62824440 69.26403809 14.79713821
-40.32624817 76.30003357 32.06513977
-39.17724609 73.33603668 31.47013855
-23.98224449 69.07703400 24.83313751
-39.76824951 68.61103821 3.99613690
-25.78524590 72.73703766 37.09814072
-25.81924629 72.14003754 37.12414169
-29.37124443 66.22103882 17.76513672
-22.31724739 70.47603607 18.96413803
-26.99824715 79.21203613 10.66513729
-27.05224419 78.82403564 10.38613701
-23.82824516 73.21803284 41.84114075
-25.62824440 72.75003815 24.19013786
-30.96124458 82.83603668 32.66513824
-26.87224770 79.40303802 10.96613693
-23.98024559 72.04203796 7.91213703
-24.10524559 72.12303162 8.01313782
-24.08324623 71.86903381 8.09913731
-34.68424988 70.54703522 32.11914063
-32.06324768 66.00903320 33.15113831
-32.37224579 66.07503510 33.88113785
-29.54224586 70.88203430 38.69813919
-30.19724464 70.78703308 38.58613968
-30.67024803 71.44003296 38.52214050
-37.55824280 72.01503754 32.73613739
-37.33424377 71.96103668 32.48413849
-40.20024872 72.16203308 6.02013683
-32.01024628 68.10903931 44.50814056
-35.87524414 85.95204163 4.52013683
-34.00424957 81.35103607 38.39014053
-36.97924805 71.61703491 33.22313690
-37.40824890 71.85403442 33.19513702
-37.35224915 68.03003693 3.54413700
-35.26024628 86.16403198 3.84113693
-35.59924316 86.11703491 3.96013689
-30.35424614 86.30603790 3.57213688
-26.92724419 83.76703644 30.30513763
-35.97024536 85.62303162 44.62313843
-42.08124542 69.26503754 4.91513681
-42.09324646 69.21103668 4.75313711
-39.57225037 79.71303558 34.90913773
-36.93124390 83.97803497 5.80113697
-24.88024712 80.21303558 45.65513992
-24.73724556 80.01203918 45.55113983
-41.75325012 83.39203644 5.44713688
-41.58524323 83.09603882 5.52913666
-24.68624687 85.81303406 3.88513684
-42.71024323 75.95903778 34.96313858
-24.35524559 76.82904053 32.11513901
-24.31124687 77.15303802 31.82313728
-28.40424538 85.37603760 36.47513962
-28.33524513 85.39203644 36.29513931
-28.23924446 69.71703339 14.63813782
-38.50224304 67.23303223 40.03813934
-31.34324455 86.16203308 44.62913895
-31.04624748 86.07403564 44.84614182
-30.73924446 86.00203705 44.74813843
-30.03324699 83.04103088 26.34913826
-29.70524788 83.14503479 25.34813690
-21.33224678 85.31503296 19.39613724
-27.16824532 77.68303680 10.13713741
-39.14024353 69.62603760 13.93113708
-41.14924622 83.23603821 22.28713799
-41.70924377 82.95404053 22.05813789
-36.07724762 84.79303741 44.57814026
-37.59024811 84.44104004 44.38414001
-32.54624939 83.72403717 34.59013748
-41.62624359 76.22203827 27.95613670
-41.43424988 76.15303802 28.33413696
-22.08924675 68.10303497 6.74413681
-22.00724602 68.32503510 6.98513699
-22.29824638 68.14703369 6.82813740
-33.54624939 84.94403839 8.98213768
-33.72724915 85.00403595 9.37613678
-29.31624794 66.29703522 25.00113678
-43.11724854 69.96003723 4.61113691
-28.39424706 86.28804016 21.85913658
-32.46824646 84.92303467 8.39613724
-43.96224976 76.18803406 36.38613892
-30.21624565 66.12603760 37.22713852
-30.50224495 66.07603455 37.02814102
-22.86424446 82.17503357 20.28613663
-23.35124779 82.02703857 20.36813736
-23.58824730 81.88304138 20.07313728
-24.13724709 68.97303772 15.29213715
-23.58324623 68.98803711 15.48713684
-33.55424500 67.47103882 33.33113861
-33.12924957 67.14703369 32.41913986
-25.35224724 85.55503845 4.46413708
-36.58224487 68.13303375 24.81713676
-28.64724541 82.43603516 43.95014191
-28.35224724 82.13603210 43.93914032
-26.57024574 73.97503662 13.57913780
-26.52624702 74.12803650 13.38013649
-25.08724785 66.87403870 3.92113686
-31.27924538 69.34903717 32.35813904
-41.57324982 70.17603302 21.65013695
-32.33924866 82.32803345 23.06913757
-42.89524841 83.50703430 5.17913723
-25.40024757 67.41503906 4.37513685
-25.18124580 67.06403351 4.07713699
-31.95924568 84.27104187 21.76413727
-39.88524628 82.50003815 39.25114059
-39.46724701 82.95204163 39.65713882
-39.61324310 84.35603333 15.08313751
-39.85324860 82.56003571 40.02214050
-26.23524666 82.15603638 15.26713753
-22.40424538 65.84303284 19.31313705
-22.90324593 65.65403748 19.57713699
-22.54624748 65.75403595 19.07513809
-32.76725006 85.15803528 14.45113754
-24.10824776 68.00303650 26.64413834
-23.76424599 68.13303375 25.79813766
-25.30524635 74.76403809 28.63813782
-23.75824547 74.04603577 37.65914154
-25.22224617 86.29103088 16.51213837
-24.73424721 86.47203827 16.69313812
-32.55624390 85.10603333 14.11513710
-33.29124451 85.20204163 14.36713791
-26.99524498 70.90503693 10.14913750
-32.52524567 85.08703613 14.39313698
-40.70824432 72.11103821 26.88913727
-33.81224823 66.03703308 38.24214172
-24.69724464 85.42703247 27.54013824
-24.82724571 85.83803558 27.43013763
-42.62825012 69.78003693 4.86713696
-42.45124817 73.03003693 43.29814148
-42.50424957 73.29803467 43.29613876
-28.59024620 67.50903320 44.15013885
-35.32824707 86.73903656 37.28514099
-40.66925049 70.37603760 24.15313721
-40.16324615 69.91903687 23.75813675
-29.35024452 67.05403137 44.41913986
-29.26224709 68.63403320 32.90313721
-32.97624969 67.79603577 32.19813919
-37.93724823 70.20503235 26.99013710
-22.11324501 78.16403198 6.50413704
-28.18024635 84.58303833 36.47214127
-39.49824524 70.37903595 12.26213646
-40.34824371 70.56303406 12.87113762
-43.58924866 82.94503784 4.04013681
-34.80724335 68.36503601 34.97513962
-35.25824738 68.22703552 35.03013992
-28.05824471 84.14503479 9.90013695
-41.10224915 83.23004150 13.41413689
-43.49224854 83.00903320 4.22313690
-40.94124603 69.74603271 36.04214096
-41.03624725 69.61103821 36.76314163
-26.45024681 77.03403473 17.97113800
-31.31624794 85.70503235 28.84613800
-24.36224556 73.72803497 25.04113770
-24.55324745 73.46003723 24.86013794
-21.26024437 66.99603271 17.36313820
-21.14024544 67.13303375 17.45613670
-20.99424553 69.42003632 17.81913757
-44.35824585 73.48503113 42.77413940
-44.45824432 73.83703613 42.65513992
-24.60624504 77.15003967 26.72813797
-31.94824791 84.45404053 39.01414108
-33.39824677 66.61503601 34.05014038
-29.82924461 85.56703186 45.29814148
-26.80224419 81.24303436 13.26513672
-25.82424736 68.96503448 26.49013710
-25.37824440 66.40903473 28.87813759
-24.43024635 69.19703674 7.07913685
-30.99624443 69.84903717 21.75313759
-26.06224632 84.29703522 30.08913803
-28.10924721 80.11403656 35.09413910
-32.00124359 68.96903992 21.76213646
-31.56224632 69.20103455 21.62213707
-27.83624458 77.08603668 21.50313759
-27.68024635 76.61403656 21.45213699
-25.61124611 78.66703796 24.20613670
-20.13324547 83.93103790 6.60813713
-30.04024696 83.41104126 26.02013779
-32.16924286 82.05003357 23.12013817
-26.12724495 65.59603882 21.39513779
-27.85524559 80.24403381 32.02013779
-37.46624756 71.90903473 30.21813774
-41.15524292 77.57103729 28.81413841
-36.80824280 71.66403198 29.59413719
-27.56724739 79.25603485 19.79013634
-27.72724724 79.19403076 20.08113670
-29.07824516 69.73603821 39.04713821
-29.11124611 69.65903473 39.18513870
-34.20724487 69.55203247 34.02113724
-29.51524544 67.02403259 41.66814041
-26.16824532 79.45603943 13.35113716
-26.87424660 70.32103729 28.95313835
-28.08024788 71.24803162 13.98013687
-38.03824615 68.21003723 21.38113785
-38.01124573 67.93703461 21.73713684
-38.42224884 68.24503326 21.96013641
-29.54224586 83.48004150 24.71113777
-29.57924461 83.75203705 24.76513672
-36.45724487 81.32803345 30.35513687
-33.93624878 66.90403748 20.33113670
-34.67424774 67.05403137 21.21613693
-38.20224762 68.69203186 35.11713791
-38.47224426 68.92703247 35.07613754
-31.11224556 86.64703369 17.00913811
-30.70424461 86.59303284 16.63913727
-23.77624702 66.74003601 3.43013692
-26.23924446 74.95103455 32.25713730
-23.08024406 86.93403625 19.97113800
-36.25724792 82.30703735 32.13414001
-24.98024559 81.92803955 21.66413689
-36.59924316 71.14303589 34.10213852
-40.85924530 73.32803345 6.13513708
-40.81324768 74.07904053 6.39713669
-26.83424568 86.58303833 16.40613747
-20.74024391 69.15603638 3.34913683
-36.79824829 71.30003357 34.06013870
-36.79624939 71.36203766 33.86813736
-35.64225006 71.49203491 29.65813828
-36.10025024 71.59703064 30.06813812
-34.80424500 69.72603607 34.12413788
-32.31224823 69.33703613 13.93413734
-26.01524544 76.56503296 43.78614044
-31.46024513 66.05603790 37.29814148
-31.66524696 66.03103638 36.66114044
-31.93224525 66.06903839 37.04914093
-30.48424721 86.12303162 4.52713680
-30.45224571 86.21003723 4.39513683
-27.69924736 76.96503448 7.07913685
-27.87924767 83.92703247 33.59013748
-26.71924782 87.05903625 27.23613739
-41.14924622 80.01403809 37.79314041
-27.51724434 77.13303375 7.01013708
-26.21224785 74.99504089 15.08713722
-32.46624756 69.84703827 30.21613693
-40.53724670 70.56803894 43.21213913
-26.96424675 72.42203522 43.29314041
-26.46924782 72.17903137 10.24913788
-42.94024658 81.85203552 5.58913708
-29.23024559 69.40803528 34.69713974
-25.77424431 71.95303345 9.89913750
-29.28724480 69.28703308 35.33514023
-40.10424805 75.35403442 32.78113937
-40.10824585 75.31903076 32.95613861
-39.26824951 73.76503754 33.55413818
-20.48624611 78.19104004 6.58013725
-20.05024529 78.19003296 6.18413734
-19.85924530 78.34503174 6.39813709
-19.97824478 78.32103729 6.57513714
-27.99424553 72.45203400 11.04413795
-24.33424568 76.07803345 24.60913658
-24.43924522 76.27103424 24.43113708
-24.56224632 76.03003693 24.30713654
-27.60224724 77.29103088 33.53013992
-25.07124519 76.23403931 23.88913727
-25.07424736 76.46803284 23.84213829
-25.23624611 76.24303436 23.69313812
-27.57024574 72.27803802 18.93813705
-27.39724541 72.77304077 18.89213753
-28.28724480 86.91403198 19.47513771
-27.85724449 86.87004089 20.19713783
-38.54624939 84.32803345 20.91413689
-39.04124451 85.02603149 5.09013700
-39.00224304 85.28503418 4.87713718
-34.80724335 82.12303162 31.32013702
-24.50324440 82.91803741 15.96813774
-36.98925018 84.70903778 20.31313705
-37.72124481 84.55104065 21.01413727
-33.45224762 84.28804016 6.56813717
-32.91624451 84.46503448 6.92013741
-32.70124817 84.39203644 6.68813705
-31.24924660 83.62803650 34.81813812
-31.05624580 83.57003784 34.87413788
-23.38524437 75.16403198 37.75513840
-35.94024658 85.42003632 19.75513649
-40.65124512 75.26103210 7.31513691
-33.90524292 84.35303497 7.01713705
-27.97224617 80.58803558 32.28113937
-28.46424675 81.10803223 33.06013870
-35.48124695 85.42903137 19.30813789
-41.12324524 69.43403625 43.44113922
-33.96024323 85.22903442 13.30713654
-41.67624664 68.90403748 43.20014191
-28.61024666 86.21504211 3.81913686
-33.26824951 82.69203186 32.04713821
-26.63224602 81.09803772 27.10413742
-27.11824608 81.40703583 27.73213768
-30.84524727 84.93603516 14.64613724
-31.18924522 85.02503967 15.04213715
-30.99024773 85.04803467 15.11513710
-28.54824638 83.84403992 34.26514053
-28.49224663 83.79503632 33.67313766
-29.05024529 82.26603699 35.93914032
-26.27124596 80.51603699 26.01013756
-26.64224434 80.79803467 26.32913780
-26.72124672 73.92403412 12.89513779
-26.88724709 73.36103821 12.80913734
-29.11724663 68.56103516 25.08513832
-29.47824669 68.31303406 25.58713722
-29.33324623 68.47503662 25.65713692
-34.43024445 84.16104126 35.04314041
-26.32724571 69.34503174 43.56513977
-26.91824532 81.03103638 26.69313812
-20.72724724 70.92604065 4.47113705
-34.24324799 84.38903809 34.97314072
-39.86124420 70.76004028 26.21613693
-24.59924507 70.66903687 8.92413712
-24.36724663 86.08303833 16.52013779
-24.17124748 86.09503174 16.65813828
-23.96524620 76.23803711 31.70813751
-40.21224976 77.44803619 32.20513916
-40.12124634 77.65703583 32.07814026
-32.01624298 86.97003174 32.01613998
-41.20124817 74.32803345 34.90513992
-23.44724464 68.14703369 6.53713703
-27.82224464 78.50903320 34.61413956
-40.99524689 83.20803833 22.53213692
-43.09724426 71.40703583 39.05313873
-30.34224510 83.66903687 32.16413879
-45.26024628 73.37103271 20.89113808
-45.00724792 72.96704102 21.03813744
-28.07524681 85.72603607 38.22814178
-44.98824310 72.81803894 20.70913696
-30.34324455 83.48803711 30.32013702
-30.77824593 83.68003845 31.90913773
-45.06424713 72.98103333 20.58813667
-45.22824860 73.14603424 20.34113693
-38.41624451 72.57403564 31.25313759
-20.91924477 67.89003754 17.53713799
-20.91424751 68.06003571 18.29913712
-27.52924538 74.23204041 34.77713776
-20.21624565 70.79303741 6.63313675
-20.28524590 70.51703644 6.35913706
-42.40224457 75.85103607 39.46414185
-26.43424416 66.01703644 16.66113663
-30.19824791 85.85603333 44.73413849
-30.16224480 85.80603790 44.95714188
-39.50124359 83.60903931 35.48213959
-36.53524780 71.62603760 29.63713837
-39.88124847 84.79703522 38.79613876
-29.58524513 82.74903870 26.63513756
-29.30924797 82.68303680 26.18413734
-25.08224678 86.34703827 27.09213829
-25.12124443 84.02403259 15.58513832
-20.50524712 70.14003754 4.16013718
-35.77824402 68.40603638 38.46913910
-44.25424957 75.59103394 13.65413666
-25.16424751 71.34803772 44.73913956
-24.54324532 85.75403595 4.04313707
-25.00324440 85.35704041 4.47713709
-24.75324440 75.64603424 5.98713684
-24.76524544 75.32904053 6.04013729
-24.09924507 75.45303345 5.89513683
-21.63724709 84.67903137 4.44913673
-25.10624504 71.21003723 44.15513992
-25.17924690 73.18603516 8.87913704
-29.17824745 69.13703918 35.76414108
-26.17224693 73.43803406 9.24113655
-25.54224586 73.32603455 8.99913692
-25.39524651 73.14503479 9.12713718
-24.52324486 78.15203857 24.94413757
-30.47024727 68.61903381 5.28513718
-30.88424492 68.09403992 5.00213718
-40.14724731 77.15003967 33.58313751
-32.94224548 68.14203644 5.02213669
-36.88224792 84.06604004 35.39514160
-35.22324371 84.83203125 39.54613876
-34.83924866 84.87004089 39.83214188
-34.28524780 71.21403503 28.92213821
-35.18224335 71.36203766 29.29913712
-32.83724976 68.31703186 5.13413715
-32.53024292 68.54403687 5.22313690
-23.17024422 86.96403503 18.53513718
-37.30324554 84.27703857 35.40513992
-37.70124817 84.39103699 35.47613907
-37.17324829 84.56903076 35.47613907
-21.66324425 74.67803955 5.90613699
-26.88624763 76.96103668 36.49813843
-31.29224586 68.37403870 5.14813709
-32.34224701 68.62203979 5.29713726
-40.08724976 72.57904053 27.89913750
-42.58224487 69.71803284 3.63213682
-42.68624878 69.73003387 3.83413696
-26.41424751 76.76703644 34.52313995
-26.15024757 76.76103210 34.17213821
-41.47024536 77.39703369 9.26513672
-26.55724525 81.17604065 28.49013710
-26.31024742 81.04803467 27.98213768
-31.16524696 69.81503296 10.71413708
-31.15524483 69.93603516 10.91313744
-31.26624489 69.96303558 11.26613808
-27.02824593 80.32003784 18.27713776
-26.98424721 79.89804077 18.24113846
-26.73124504 78.18603516 10.80813789
-26.87024498 78.02503967 10.56013680
-26.76624489 78.83803558 10.93313789
-38.22424316 81.76004028 27.54313850
-37.45724487 70.48603821 34.67413712
-37.41824341 70.18803406 34.72314072
-25.65724754 67.24103546 4.20613670
-25.93424416 67.41203308 4.38013697
-25.96824455 67.17903137 4.24513721
-26.86924553 65.67503357 24.16313744
-27.00624657 65.60703278 23.89913750
-26.66224480 65.56703186 24.07213783
-31.38524437 69.59203339 29.31013680
-30.96924782 69.60303497 28.76013756
-33.56524658 68.11103821 34.06013870
-26.69024467 65.57803345 24.30213737
-35.55224609 82.21003723 32.13913727
-35.26424408 82.09403992 32.12614059
-35.50724792 82.17003632 31.83713722
-39.14924622 69.21703339 35.06713867
-35.14924622 85.82704163 4.73413706
-34.91724396 82.02703857 32.28013992
-34.88124847 81.99603271 32.09914017
-24.67224693 81.66203308 38.55614090
-33.55624390 68.19003296 34.33613968
-33.64524841 68.01803589 34.26113892
-44.25325012 73.55403137 23.37013817
-44.04524994 73.80703735 23.85413742
-26.80024529 71.55203247 15.73213768
-22.05724525 68.09203339 4.06113672
-27.73424721 84.45703125 14.96013832
-28.15324593 84.47803497 14.94513702
-32.08324432 84.62503815 39.42913818
-39.97124481 67.67803955 43.54513931
-29.47924614 70.94303894 24.44113731
-26.60824776 71.86603546 36.88713837
-27.30124474 72.59303284 36.62714005
-27.08424568 72.05803680 36.73114014
-30.05224800 86.15503693 43.57814026
-41.14824677 84.20903778 41.75614166
-24.47724724 78.77503967 45.18614197
-24.58424568 78.64603424 45.42314148
-25.25224495 70.77903748 18.41713715
-38.20824432 85.69803619 39.04513931
-38.68624878 85.46903992 38.71913910
-38.51424408 71.42003632 27.83213806
-38.05324554 71.26903534 27.75413704
-25.87224770 70.59003448 19.06813812
-35.16724396 84.92003632 18.48313713
-44.30724335 71.70903778 18.33513832
-43.87224579 71.32803345 18.35313797
-39.17324829 73.41803741 33.29713821
-39.32124329 73.89903259 33.52613831
-29.07124519 70.03703308 27.04313660
-28.86324501 70.14403534 26.62813759
-39.14124298 84.61003113 17.75013733
-29.57924461 69.20903778 9.49113655
-33.96124268 83.24504089 34.03813934
-27.83424568 77.38703918 21.50813675
-28.14624596 70.29203796 26.28613663
-29.21024513 69.72303772 9.84113693
-35.05124664 70.91903687 29.52613831
-35.51024628 70.80203247 29.93813705
-35.35025024 71.06103516 29.63213730
-19.57824516 80.47403717 4.39213705
-45.75325012 77.38003540 16.36613655
-45.55024719 77.71403503 15.97713661
-35.85824585 82.55803680 25.62913704
-30.29824638 84.98603821 9.31613731
-29.44824791 84.92404175 9.06813717
-19.40324593 79.67403412 4.39813709
-45.68124390 78.19603729 16.61913681
-28.48124504 84.85303497 8.62213707
-28.76324654 81.81903839 35.72314072
-28.96324730 82.50003815 36.14413834
-30.28524590 66.61303711 26.89813805
-26.53924751 68.86103821 41.30913925
-26.70024681 68.82103729 42.44113922
-26.85124779 68.60503387 41.51514053
-39.98824310 74.91803741 32.06613922
-39.96824646 74.64503479 32.06813812
-41.02224731 84.65803528 5.20313692
-32.05524445 86.06404114 45.11314011
-34.53024292 85.58703613 35.34014130
-31.03824806 83.07103729 21.65613747
-30.82224464 83.37903595 21.34213638
-40.55624390 73.78003693 8.94013786
-31.42024803 83.29303741 21.90013695
-38.43724823 85.76004028 4.00813675
-36.44024658 85.04403687 12.42413712
-38.47224426 85.68203735 4.20813704
-38.59724426 85.66603088 4.31713676
-25.86824608 73.50603485 23.51813698
-26.27324486 73.22303772 23.42913818
-31.54724693 65.93903351 35.31713867
-31.31524467 65.98603821 35.08514023
-35.07224274 87.02603149 42.88613892
-34.56024933 87.01903534 42.80514145
-34.57924652 87.03503418 42.67713928
-36.32224274 66.26703644 43.33713913
-36.12424469 66.15103149 43.45613861
-23.61524773 85.32303619 3.92413688
-27.28624535 74.12203979 34.93914032
-27.17724419 74.34003448 35.05613708
-41.54124451 71.76203918 43.21313858
-41.82324982 72.24103546 43.21514130
-26.78424644 75.84503174 22.55913734
-26.63224602 81.05703735 15.99213791
-36.71524811 84.83403778 18.67613792
-19.56324577 77.44703674 4.72513676
-19.92624664 76.76203918 4.93713713
-25.55624580 74.42003632 29.09413719
-26.69124794 73.52304077 13.98813820
-28.05624580 70.48503113 36.40813828
-26.32724571 78.76103210 43.77614212
-37.59224701 72.02903748 33.10513687
-28.43424797 80.70303345 24.97813797
-29.03224754 80.69303894 24.56313705
-28.28424644 70.56903076 36.22513962
-28.49224663 70.18503571 36.10313797
-43.03624725 70.68903351 18.80913734
-38.01624298 72.31703186 32.78113937
-39.57524872 74.32303619 34.16313934
-37.10025024 81.84603882 32.81613922
-39.19024658 69.19603729 21.99013710
-29.57724571 67.02503967 25.06313705
-37.06224823 81.65703583 32.38113785
-35.12224579 67.67503357 4.28813696
-35.15224457 67.72203827 4.54113674
-26.87624550 83.11603546 26.81713676
-23.42624474 84.35203552 5.71613693
-24.03124428 84.30903625 5.69713688
-22.20424461 67.28903198 22.20613670
-21.98324394 67.14603424 21.54613686
-36.41324615 82.37503815 32.80513763
-34.42424774 86.21403503 22.20913696
-20.40024757 71.75303650 6.06013680
-44.69924927 75.67103577 42.52114105
-28.57224464 68.46203613 35.35514069
-26.30424690 74.20003510 7.60713720
-28.64524651 67.52403259 19.82113647
-39.91324615 85.43203735 4.66913700
-39.95124817 85.49103546 4.32113695
-40.22424316 85.35103607 4.59513712
-45.09724426 76.62303162 14.97313690
-44.95324707 76.45303345 14.86513710
-42.77324677 75.39603424 11.27713776
-42.56824493 75.17103577 11.07113743
-21.94824409 84.74203491 4.47013664
-30.32024574 83.80203247 45.23014069
-42.53824615 75.60303497 10.90213776
-38.25824738 71.98204041 29.21013832
-25.80624580 78.29703522 39.72013855
-26.72624779 84.00003815 30.87213707
-23.00924492 86.71704102 21.33313751
-35.35824585 70.19303894 32.96813965
-35.53324890 70.14403534 33.16814041
-39.28224945 83.17903137 42.75214005
-39.59424591 82.92703247 42.75714111
-22.97624397 79.35903931 7.45213699
-24.27624702 81.47103882 18.23813820
-27.31024742 77.10603333 34.65213776
-27.95224571 66.39603424 19.78713799
-28.06824684 66.49503326 20.12413788
-32.34024811 68.61403656 21.61513710
-32.90424347 69.00203705 22.64413643
-32.76824951 68.57703400 21.95613670
-32.50624847 68.27503967 21.38713646
-34.17224884 70.66803741 31.69213867
-27.63824654 77.35704041 34.50413895
-39.33824921 76.92503357 37.68814087
-44.95524597 78.53303528 22.90113640
-45.05624390 78.09103394 22.91813660
-32.16824341 70.43303680 23.56513786
-31.87624550 70.49803162 23.39613724
-28.09624672 67.85903931 36.47013855
-37.00724792 67.50803375 24.02613831
-37.64124298 67.59603882 24.57913780
-27.44824791 73.60203552 9.64613724
-41.07424927 83.27203369 24.63613701
-41.21125031 83.27603149 24.82513809
-28.62324715 68.30103302 44.98014069
-27.59524727 68.57603455 45.06114197
-27.01124763 69.14903259 45.13914108
-26.41224480 78.82203674 11.64213753
-27.57324791 84.94603729 34.68713760
-25.39824486 78.04403687 6.53013706
-24.90424538 78.18603516 6.50613689
-24.84624672 77.85704041 6.35513687
-20.25724602 77.42403412 5.15413666
-24.52924538 72.73303223 8.41713715
-34.75624847 81.52603149 29.26713753
-35.21524811 81.44503784 29.41713715
-32.92024994 86.12903595 32.50814056
-31.93924522 86.17203522 30.44513702
-24.58324623 85.02304077 27.42413712
-25.37224770 85.04003906 29.11713791
-35.57824707 70.19603729 32.98814011
-35.77524567 70.24203491 32.76313782
-19.30124664 80.39403534 6.04713726
-26.94624519 70.22703552 20.33313751
-27.49824715 70.08803558 20.52313805
-24.85224724 84.96003723 27.94113731
-27.69824791 74.42103577 34.65113831
-36.35624695 67.90203857 3.80213690
-35.93524933 67.85903931 3.93513680
-27.67924690 80.39203644 31.45813751
-27.17324638 74.99103546 34.81513977
-26.08324623 81.43103790 19.77413750
-25.06724739 81.39103699 17.26713753
-36.93024445 68.61803436 39.32614136
-37.49524689 68.84803772 39.22613907
-30.65024757 85.76203918 27.42013741
-36.76324463 68.65203857 38.51414108
-21.08524513 70.84403992 5.08713722
-27.45324516 73.67203522 19.85513687
-27.02724648 72.78303528 10.16113663
-21.31524467 69.41403198 19.15413666
-21.27024651 69.07803345 19.43713760
-29.71524620 70.77304077 11.95013809
-29.97724724 70.60003662 12.14913750
-21.05524635 68.88504028 18.98513794
-28.25224495 86.04503632 37.70914078
-31.42324638 85.03203583 14.90313721
-44.79724884 80.17703247 5.27713680
-21.12824440 84.23103333 18.67913818
-29.72124672 85.50403595 4.91413689
-26.17524529 74.69803619 45.33414078
-18.86324501 78.30703735 3.82713699
-36.33724976 83.43203735 35.22613907
-36.01725006 83.42604065 35.19313812
-33.84424591 69.33603668 33.93613815
-36.82624817 84.68303680 19.39013672
-37.42124939 84.64103699 19.55413628
-37.19424438 86.61603546 41.38214111
-30.99124718 86.47403717 16.70413780
-33.17124939 86.84603882 35.18413925
-25.19624519 83.48803711 26.78313828
-26.78024483 83.58703613 37.19313812
-27.71524620 86.89903259 16.65013695
-27.54924583 86.68703461 16.34813690
-37.93524933 68.83003235 42.35113907
-27.16924477 74.26004028 32.74613953
-33.51324463 66.87303162 34.29213715
-33.35924530 66.62203979 34.47113800
-24.27224541 73.84103394 25.77613831
-27.18124580 77.66403198 22.51213646
-27.15924644 77.87303162 22.64213753
-25.46524620 69.97203827 38.32014084
-41.21624756 84.47103882 5.22113705
-41.23024750 84.13603210 5.33213711
-25.33624458 70.23003387 37.60213852
-36.77524567 71.66003418 32.09313965
-30.80024529 84.16903687 40.01314163
-41.85324860 72.45603943 5.75213718
-20.34424400 83.96704102 4.00813675
-23.14624596 66.73903656 3.25113678
-33.31024933 68.65603638 15.83013725
-32.71724701 68.80003357 15.41613770
-28.29124641 70.10403442 32.64714050
-28.61924553 69.65403748 32.79314041
-38.83724976 83.39903259 5.82213688
-38.64024353 83.23503113 5.97013712
-40.27524567 77.63504028 31.63613701
-40.26624298 73.07904053 6.31013680
-39.70124817 72.74803162 6.46113682
-27.43124580 77.11003113 34.37313843
-35.41924286 70.36503601 32.07114029
-35.38524628 70.26303101 32.41513824
-34.67424774 82.68904114 33.24913788
-29.72924614 83.93603516 20.88713646
-26.01824760 76.42203522 45.41313934
-34.24324799 82.68503571 32.96113968
-35.44524384 83.12403870 25.11413765
-36.02624512 83.22503662 25.52613831
-35.99424744 68.72603607 15.67813683
-31.99024773 69.68903351 10.85413742
-22.14324760 70.49903870 17.72813797
-22.40724754 70.65703583 17.93913841
-27.20324516 79.23303223 10.10313702
-29.39424706 84.63504028 20.75213814
-35.16724396 82.65603638 25.07513809
-29.11724663 85.83203125 15.77913666
-27.84724617 79.89003754 36.49914169
-28.18824577 80.89303589 36.30413818
-28.75024605 83.70703125 32.47414017
-28.76324654 83.75703430 33.29913712
-25.48724556 84.65603638 6.78813696
-25.61724663 84.66403198 7.41913700
-26.10124779 84.71603394 7.27613688
-25.82224464 84.64103699 7.77513695
-40.03125000 69.81303406 14.44513702
-28.50324440 67.13504028 19.50413704
-37.63724518 84.14604187 40.07614136
-40.05424500 75.39203644 33.36914063
-19.80724525 79.43503571 7.52113724
-19.86824608 79.75403595 7.67013693
-19.27124596 79.96103668 7.16213703
-30.90024757 67.05703735 16.08313751
-29.79524803 66.45603943 16.57913780
-26.26124763 78.36003113 11.88413811
-20.11924553 72.26203918 6.62713718
-20.13024521 72.74103546 6.83013725
-27.46524620 67.32303619 4.61413670
-29.03524590 85.21903992 45.09014130
-26.79924583 74.33803558 11.74813652
-20.32024574 72.96603394 6.44813728
-26.63624763 74.32403564 11.97313690
-26.74724770 74.06003571 11.96113777
-26.70724678 74.18703461 12.31313705
-26.54624748 74.50203705 12.23813820
-31.02224541 86.21103668 3.50813699
-29.95124626 84.68703461 10.32113743
-29.34624672 84.78604126 9.68213654
-37.02124786 81.78303528 32.14714050
-27.28524590 74.81903076 22.30113792
-42.85724640 71.25303650 38.32913971
-27.72024727 74.74903870 21.82513809
-26.57724571 80.85803223 28.89313698
-20.33424568 83.37903595 4.28913689
-31.45424461 68.82903290 35.14913940
-31.66824532 68.85303497 35.11513901
-25.34924507 81.25804138 9.85413742
-38.96524811 84.54203796 19.33913803
-31.65624809 86.16503906 45.08914185
-34.48925018 66.74503326 35.17613983
-23.25624657 83.50003815 7.52813721
-38.21724701 80.66104126 33.80113983
-38.38124847 80.49504089 33.90113831
-38.33824921 80.48603821 33.48114014
-39.46024323 68.45603943 4.33213711
-32.26725006 85.96403503 4.77713680
-32.02724457 85.97003174 4.77913666
-33.16624451 85.17703247 16.00313759
-32.99024963 85.17203522 15.69013786
-38.07424927 72.32103729 34.00613785
-22.94024467 82.67703247 7.45613718
-23.05824471 82.96403503 7.44413710
-23.01424599 82.58703613 7.76413727
-32.68124390 69.60704041 12.20213699
-20.92024422 70.63403320 7.72113705
-25.28724480 70.13703918 15.22313690
-27.67224693 73.32303619 10.83713722
-40.36824799 82.38203430 43.64614105
-40.70524597 81.84103394 43.42713928
-27.65124702 70.49504089 14.56213760
-36.97525024 70.64103699 27.00713730
-36.50024414 70.72903442 31.70913696
-36.49724579 70.79603577 31.51013756
-40.95524597 81.79203796 43.75014114
-33.55624390 68.65003967 34.87714005
-27.36224556 70.30303955 14.65313721
-27.44624519 70.81003571 14.59713745
-27.14024544 70.73303223 14.69013786
-27.22724724 80.74703979 11.15513802
-27.08424568 80.28604126 11.09213734
-27.30124474 70.57203674 14.68813705
-31.22324562 69.03403473 20.98513794
-24.08924675 72.58303833 42.02914047
-27.82624626 71.48903656 14.20213699
-27.61824608 73.54003906 9.81313705
-27.76124763 73.98204041 9.37613678
-22.95024681 68.68803406 6.97613716
-29.02324486 85.82904053 40.99414063
-29.07124519 85.66203308 41.13414001
-25.16024590 81.70003510 20.78613663
-24.86424446 81.66304016 20.32313728
-37.65324402 69.02203369 38.51213837
-37.81724548 69.08103943 38.64514160
-30.88224602 69.88803101 13.25113678
-31.12824440 69.91103363 12.79513741
-23.55524635 81.69403839 18.58513832
-23.65124702 81.64403534 18.76313782
-40.02824402 68.35103607 38.68814087
-26.51024437 80.40903473 9.85113716
-26.71024513 80.77903748 10.14113712
-26.92924690 80.72503662 10.24013710
-19.29524612 73.23503113 4.07513714
-31.83424568 67.45903778 3.30113697
-31.57624626 67.40103149 3.28813696
-37.00524902 81.03604126 31.08513832
-37.22324371 80.94603729 31.64613724
-38.67824554 83.54203796 39.20513916
-25.43024635 81.61303711 20.41213799
-31.44624519 67.35803223 4.07413673
-35.31424713 86.86403656 37.63314056
-25.85124779 81.57003784 20.35813713
-25.71524620 81.58603668 20.61213684
-38.33324432 83.64903259 38.83613968
-31.24524498 69.57903290 13.96713829
-19.96524620 70.12103271 3.40013695
-31.27524757 67.33503723 3.79413700
-31.57524681 67.40103149 3.87613678
-31.46424675 67.37103271 3.47213697
-33.05324554 85.98303223 44.41614151
-32.94924927 86.31203461 44.40513992
-24.10124779 80.26004028 40.95114136
-36.44224548 82.16203308 31.31213760
-20.48524666 69.37803650 3.35113692
-30.73924446 69.84203339 13.80013657
-30.78524590 69.68003845 14.06313705
-43.05124664 71.07603455 21.34013748
-20.30924416 69.58603668 3.49613690
-38.91724396 67.95703125 24.70413780
-38.76524353 67.99503326 25.14013672
-30.93524742 69.74203491 13.77113724
-30.46824455 69.85303497 13.92813683
-36.93424988 81.28903198 31.46713829
-36.87524414 81.67303467 31.65813828
-36.88224792 81.37103271 31.61513710
-30.94824791 67.37403870 3.56313682
-31.03624535 67.37203979 3.43313694
-20.42324638 69.58403778 3.29013681
-20.35424614 69.81203461 3.19013691
-29.06924629 82.19703674 35.64714050
-43.39724731 74.06103516 12.86113739
-45.51824951 74.14703369 16.75613785
-41.22724915 74.52703857 34.91413879
-41.30624390 74.74003601 34.88213730
-26.03924751 77.57503510 29.89713860
-28.07124519 84.99403381 37.03313828
-28.01324654 84.81604004 37.12614059
-26.59924507 69.16503906 8.55013657
-26.58424568 69.31703186 8.70813751
-28.65824699 70.02903748 40.14014053
-20.66024590 82.66104126 7.41113710
-20.38724709 82.67003632 7.47813702
-19.10124588 77.34703827 3.97413683
-28.61824608 70.01503754 39.22013855
-28.37824440 76.93103790 8.33913708
-28.43024635 76.32603455 8.15313721
-28.41624641 76.63403320 8.10113716
-28.33324623 76.54203796 8.36013699
-36.45824432 71.09303284 33.39014053
-20.86824608 82.69803619 7.39113712
-38.79024506 71.82103729 34.76013947
-38.44024658 72.00003815 34.67013931
-25.16824532 68.60704041 6.66813707
-31.18724632 66.01203918 38.08914185
-42.27324677 77.60303497 39.02613831
-42.34924316 77.79903412 40.86214066
-28.12224770 86.54904175 20.39913750
-28.10924721 86.48603821 21.00713730
-33.60224915 84.68303680 43.05813980
-26.12824440 79.62103271 28.71213722
-25.94924736 79.66903687 28.38013840
-39.10124969 84.53903198 26.78213692
-39.45024872 84.02304077 27.09613800
-38.95524597 84.29503632 26.92813683
-37.05524445 85.95204163 39.16614151
-25.39924431 71.46003723 26.25013733
-44.10124969 82.03804016 5.27113724
-29.17724800 69.00103760 14.87913704
-28.79524803 69.03003693 14.83213806
-22.12624550 84.36503601 4.80813694
-23.30324745 85.20803833 4.38113689
-26.57724571 79.07704163 36.98814011
-25.96524620 79.11703491 37.12614059
-35.16824341 70.52703857 29.85913849
-30.32224464 83.84803772 34.00814056
-22.29924583 84.35303497 5.11013699
-21.92524529 84.34903717 5.28513718
-30.28024483 83.88103485 40.91913986
-23.09424400 85.22203827 4.35213709
-23.53324699 84.97803497 4.52113724
-29.32024574 83.78403473 33.50313950
-26.46024513 73.39804077 39.28313828
-25.10124779 80.07603455 37.26213837
-37.12724304 71.89703369 31.16313744
-37.44024658 72.02003479 31.34513855
-29.46024513 68.14203644 19.97013664
-40.63824463 73.31203461 28.01113701
-29.82724571 65.88003540 34.40013885
-30.06124687 65.90503693 34.69113922
-26.78324699 73.04503632 23.24013710
-29.67224693 70.15703583 10.40613747
-21.15724754 69.77703857 4.31513691
-21.32724571 69.61603546 4.46113682
-27.18424797 83.57603455 29.40713692
-28.07524681 78.69603729 21.28613663
-33.58524323 81.69104004 29.23113823
-41.29524994 68.98303223 40.09714127
-40.32524872 68.66304016 3.50913692
-40.20524597 75.93803406 33.40213776
-40.21824646 75.82603455 33.57213974
-28.20124626 74.75403595 8.63013649
-28.03124428 74.46303558 8.64213753
-19.56624603 80.52403259 5.57013702
-19.49424553 80.62203979 5.74313688
-40.69224548 81.19503784 9.51513672
-40.73424530 80.64403534 8.98313713
-40.55024719 81.12903595 9.12113762
-26.75224495 80.24603271 29.91513824
-19.55324554 81.31103516 5.69013691
-19.39024544 80.98004150 5.84813690
-27.52624702 84.48103333 34.11613846
-27.37724495 84.39203644 33.51913834
-27.66024590 74.65203857 34.56613922
-28.04624748 85.95903778 4.09813690
-28.27724648 86.00903320 4.17213678
-23.81224632 86.11003113 24.89413834
-24.00324440 86.62004089 24.07113647
-28.35024452 67.77003479 44.74813843
-39.33924866 72.55703735 34.77313995
-22.47924614 72.22503662 7.71113729
-22.82024574 72.25903320 7.71513700
-27.79924583 84.47803497 44.51013947
-43.63724518 82.77203369 5.22713709
-43.79324341 82.40303802 5.33113670
-27.77324486 83.82103729 14.62713814
-27.87024498 83.52603149 14.38713646
-29.30924797 80.26903534 22.39113808
-29.10524559 80.31103516 22.00413704
-19.26424599 72.99803162 3.96713686
-19.61524582 72.76503754 4.31513691
-41.32824707 80.16603088 38.37414169
-24.22824669 68.12803650 6.11513710
-24.44024467 68.27703857 6.21713734
-24.14524651 77.56604004 25.24313736
-30.86624718 66.37403870 44.63814163
-31.18324471 66.38703918 44.64714050
-24.52924538 73.86003113 7.54713726
-24.47224617 73.70404053 7.60313702
-24.54324532 74.04903412 7.40213728
-24.85524559 73.88403320 7.54313707
-28.37024498 72.35103607 34.30813980
-28.49224663 71.84603882 34.28013992
-28.27824593 71.99203491 33.97213745
-30.44924736 69.23503113 5.84613705
-30.21724510 69.20003510 5.82213688
-30.35524559 71.32103729 22.45313644
-40.04724884 69.62303162 5.49113703
-23.34424400 69.69303894 22.32913780
-32.14924622 65.81703186 42.58113861
-31.66924477 65.86103821 42.88114166
-35.42924500 85.09703827 16.67213821
-35.19124603 85.12103271 16.38213730
-32.55324554 69.40703583 9.67113686
-26.29824638 65.80203247 18.15513802
-26.90424538 87.05803680 17.09713745
-23.50924492 69.83803558 21.98613739
-23.74724770 69.80003357 22.18013763
-34.19924927 83.67003632 34.78614044
-44.54724884 73.81903076 5.18213701
-23.92624474 76.00203705 31.45913696
-34.03924561 83.54904175 34.54613876
-34.31824493 83.48004150 34.70813751
-46.12624359 75.71403503 19.92513657
-26.93624687 86.92003632 28.86613846
-27.43424797 86.96704102 29.50613785
-26.30624580 74.68603516 15.79913712
-26.44524574 74.13903809 15.95413780
-26.43324471 74.20803833 15.66313744
-27.06724739 87.09403992 27.46713829
-26.71924782 87.01103210 27.65513802
-27.05124474 87.00403595 28.31613731
-28.37324715 79.41503906 33.70913696
-38.37424469 85.40803528 25.20413780
-42.30224609 81.79803467 36.17613983
-25.10824776 76.06003571 33.27813721
-32.00024414 67.64803314 20.16613770
-28.38224602 66.34103394 34.72913742
-28.79824638 66.52103424 35.63713837
-28.68624687 66.25303650 35.02613831
-20.95224571 71.50003815 7.80813694
-20.71924400 71.38303375 7.74013710
-20.56224632 71.16603088 7.66213703
-28.36124611 82.00003815 20.75813675
-28.37824440 82.26903534 21.14013672
-40.22525024 78.14804077 37.62414169
-37.87524414 80.66603088 31.14413834
-38.06424713 80.53703308 31.58013725
-45.66324615 73.94203186 19.81413651
-45.74324799 74.27503967 20.27913666
-30.41224480 66.11503601 40.88713837
-29.98524666 71.24603271 21.73813820
-25.41524696 65.63003540 25.54313660
-25.63524437 65.56203461 24.95213699
-23.20124626 80.05603790 7.83313704
-23.44324684 79.97603607 7.91813707
-36.63924408 70.73903656 26.92313766
-36.45624542 70.81604004 26.88113785
-42.92024994 77.37403870 11.19513702
-36.34624481 70.23503113 6.00913715
-37.05824280 70.54803467 6.08213711
-38.23925018 70.95303345 6.05713701
-41.10224915 75.37103271 6.57813692
-40.81824493 75.29203796 6.87113714
-40.79124451 75.73903656 7.21213722
-43.05825043 77.96203613 11.46413803
-43.17824554 77.52703857 11.67413712
-43.16824341 78.05403137 11.67613792
-43.69624329 71.41304016 17.19913673
-20.02224541 79.48004150 7.68813705
-40.43024445 84.75103760 25.43013763
-40.15724945 84.98403931 25.19813728
-39.87924957 85.03604126 5.12113714
-39.84424591 85.22203827 5.02013683
-28.40324593 70.38703918 33.33113861
-31.71124458 86.37103271 30.15713692
-28.58424568 70.49103546 33.85713959
-28.51424599 70.37203979 33.50413895
-27.24024773 70.10803223 28.17613792
-28.67024803 79.64603424 22.43913651
-27.34124565 68.66003418 8.12413692
-27.07924461 68.74003601 8.15913773
-31.17724800 87.08103943 35.70214081
-28.45824623 79.36203766 22.27613640
-39.28324890 69.61903381 34.99913788
-38.83224487 69.47903442 34.96014023
-25.17524529 82.89303589 9.47513771
-24.89324760 83.32203674 9.09913731
-25.51924706 81.23103333 17.40313721
-25.26424599 81.33903503 17.25913811
-35.97824860 68.23703766 41.32413864
-35.83924866 68.26303101 40.41614151
-24.69924736 83.94303894 8.61213684
-36.85524750 67.25403595 38.30213928
-34.21624756 68.96703339 34.73014069
-26.95724678 68.49703979 40.74514008
-44.80324554 74.65603638 23.15113640
-44.80324554 74.21103668 22.94313812
-45.02524567 79.19703674 4.77013683
-42.09424591 75.41003418 10.47413731
-41.93524933 75.65503693 10.29413700
-36.69924927 74.82003784 37.94414139
-40.23224640 75.95404053 34.46513748
-44.57424927 78.96704102 14.66613770
-37.42424774 70.05903625 37.76414108
-31.38924599 69.68503571 13.37713814
-25.65724754 75.26503754 37.12714005
-28.23724556 70.77304077 35.02413940
-27.88224602 79.90303802 19.56713676
-25.63024712 65.89203644 27.89313698
-36.68824768 66.65403748 40.73413849
-36.10524750 66.96103668 39.49314117
-41.98024750 75.16503906 10.47813702
-42.17724609 75.25703430 10.63213730
-42.17424774 75.83603668 10.46613693
-36.75724792 66.24303436 43.03113937
-33.48524475 69.76103210 32.34613800
-19.23324585 81.60203552 7.00813675
-19.42124557 81.83003235 7.20413685
-41.69924927 74.89703369 6.13113689
-32.46824646 69.64003754 31.44313812
-25.12024498 70.72303772 37.50014114
-26.76124763 75.28303528 18.77913857
-34.30924988 70.10803223 32.70113754
-33.16124725 70.10403442 31.23013687
-32.61624908 69.73803711 31.45613861
-26.81824684 75.65203857 19.07813835
-26.64024544 80.69403076 29.26413727
-26.72924614 80.56703186 29.61413765
-30.72124672 65.83603668 30.29313850
-33.25924683 70.01903534 31.66113853
-38.34024811 84.16603088 26.83813667
-38.51524353 84.35903931 26.81113815
-39.57225037 81.26403809 27.73313713
-40.15625000 74.82803345 31.38213730
-40.17924500 75.04603577 31.66313744
-27.29324532 72.53703308 13.12013817
-27.17224693 72.69903564 13.47113800
-26.94324684 73.03103638 13.73313713
-20.91124535 80.36303711 7.76713705
-28.84624672 69.71003723 35.84513855
-24.17624474 77.78403473 45.28514099
-40.02224731 70.27803802 42.16114044
-39.54824829 69.92203522 41.63114166
-27.07424736 72.84503174 13.94713783
-26.95824623 72.96803284 14.33613777
-27.05324745 72.76903534 14.19213676
-26.53624535 75.01103210 11.94713783
-32.19324493 69.38403320 8.50213718
-28.46824455 80.08003235 20.48313713
-28.93424797 82.15403748 33.59214020
-28.93024635 81.58003235 33.81913757
-28.82524681 81.73004150 33.53213882
-25.90924644 71.01004028 15.46813774
-34.77924347 82.27304077 32.76013947
-26.47924614 73.45703125 43.28713989
-26.61424446 73.32803345 44.42914200
-23.50024605 84.43904114 16.44813728
-23.92924690 84.86503601 16.20813751
-36.26124573 84.67604065 44.47513962
-24.24124718 84.37803650 5.02013683
-23.78524590 84.44303894 4.90013695
-27.19124794 68.22803497 14.91313744
-26.56824684 68.41903687 14.90213776
-40.78524780 84.67503357 43.50114059
-41.85824585 77.80303955 9.86613655
-41.58625031 78.41903687 9.55913734
-19.50224495 76.23403931 4.10813713
-19.39624596 76.03804016 3.91313696
-33.18324280 86.06503296 33.03813934
-33.42624664 86.12303162 33.62014008
-35.90324402 68.32503510 34.90713882
-24.62524605 75.20603943 24.26513672
-40.46724701 77.78804016 34.85813904
-25.50924492 67.34203339 29.91113853
-21.73624611 77.58503723 5.71113682
-22.29824638 77.91104126 6.04313707
-29.14624596 85.26903534 15.39013672
-28.62224770 85.10803223 15.35213661
-28.93224525 85.44503784 15.47113800
-25.33424568 67.55303955 29.49513817
-41.88624573 82.83203125 38.15113831
-38.58324432 85.44403839 25.15413666
-38.39624786 85.53604126 24.77313805
-29.32124519 85.44903564 15.55413818
-26.78024483 83.06903076 45.60113907
-26.25224495 82.70803833 45.51514053
-30.84524727 66.30503845 43.71113968
-30.97324562 66.35903931 43.82714081
-28.36024666 65.95803833 23.29013824
-26.03324699 82.29603577 45.32614136
-28.76324654 70.72903442 38.87213898
-19.12424660 77.38603210 3.45113683
-28.61824608 69.66703796 30.35313797
-29.95324516 66.21603394 26.65813828
-36.49724579 68.76503754 38.02714157
-26.23324776 76.41403198 12.36913681
-42.57924652 71.42403412 5.50113678
-45.46125031 79.41903687 17.15213776
-45.01824951 76.23703766 14.88513756
-45.12024689 75.95503235 15.04413795
-36.71524811 66.27603149 41.73413849
-36.75824738 66.31803894 41.53614044
-36.56324768 66.23603821 41.87014008
-28.72824669 68.23903656 14.99413681
-43.11024475 83.43403625 4.83413696
-38.92924500 73.08403778 31.98813820
-38.49524689 72.71303558 31.82313728
-26.55524635 80.33903503 16.29413795
-26.14324760 81.03903198 17.42213821
-26.10124779 81.05903625 17.20613670
-39.46324921 70.48803711 37.83414078
-39.45624542 70.66103363 37.73114014
-41.56824493 83.96603394 43.17914200
-41.40324402 84.11603546 43.43714142
-36.23624420 68.12303162 43.66514206
-36.77924347 68.24103546 43.67314148
-39.32724762 79.29403687 33.31313705
-28.23024559 70.92303467 24.98913765
-39.50724792 79.03703308 33.34713745
-36.27524567 84.49603271 38.63314056
-20.65624428 70.01603699 5.84313679
-27.46824455 83.52403259 10.05013657
-27.48424721 83.21803284 10.23413658
-27.32124519 71.21503448 25.03213692
-19.70324516 84.30903625 3.23513699
-26.98124504 79.95903778 18.05313683
-24.13924599 81.62103271 17.70013809
-24.23824501 81.82403564 17.14613724
-26.96424675 83.04003906 10.03213692
-26.68624687 83.19803619 9.85913658
-27.09824562 83.29904175 9.95513725
-29.23524666 69.36203766 32.78213882
-43.52624512 71.45903778 41.80014038
-24.30324745 75.74103546 24.60013771
-24.39224434 75.88903809 24.52013779
-39.61324310 68.68903351 25.22913742
-30.07224464 67.34003448 4.31513691
-40.12424469 74.11103821 30.03913689
-37.32124329 67.09903717 39.20314026
-23.64924431 87.01803589 20.80513763
-40.93224335 71.61003113 5.76213694
-27.67324638 76.14903259 21.76613808
-38.96424866 83.81604004 44.16313934
-31.89024544 69.85203552 11.57213783
-35.17824554 66.49103546 37.19813919
-28.27424431 74.97003174 8.04113770
-28.40524483 79.46603394 34.29013824
-28.20224571 80.21003723 34.42913818
-21.87124443 82.70303345 18.20913696
-33.70124817 86.15803528 3.84213686
-27.61724663 76.15403748 21.86513710
-32.56324768 67.52203369 3.59813690
-32.88124847 67.46903992 4.07013702
-32.97224426 85.14103699 13.77013779
-26.07524681 76.20803833 15.05113792
-26.03024483 76.39303589 15.19013786
-26.15824699 75.95103455 15.19613838
-31.54424477 66.25503540 44.21113968
-31.57424736 66.19803619 44.46514130
-26.13224602 79.68703461 24.70413780
-25.36624718 79.64203644 25.18513680
-25.84924507 79.89603424 25.19213676
-24.28124428 75.27803802 45.56513977
-24.39424706 75.36803436 45.60414124
-26.93424416 80.15603638 43.80014038
-41.66324615 78.45603943 27.58213806
-42.15625000 78.39503479 26.96013832
-41.93824768 80.09204102 26.40313721
-33.59624481 68.23503113 35.04913712
-33.63724518 68.15103149 34.86314011
-25.00124550 79.33903503 25.50013733
-24.93924522 79.16403198 25.38013840
-24.84924507 83.69303894 26.80113792
-24.44924736 83.41803741 25.65513802
-20.39724541 71.63603210 4.49813700
-32.39424896 86.02703857 3.16113687
-37.76524353 84.93003845 16.73213768
-36.71824646 86.89003754 40.40914154
-20.43824577 71.92403412 4.60813713
-32.39524841 86.20903778 3.55113697
-25.27724648 86.12703705 16.39713669
-24.96824455 86.17003632 16.51813698
-37.14424896 67.48803711 37.59313965
-28.48524666 68.86903381 36.58213806
-27.58024788 77.82803345 22.26713753
-21.27824593 69.99903870 17.85113716
-26.79724693 79.15003967 30.62013817
-26.58724785 79.16603088 30.22613716
-30.28924751 69.02703857 43.93513870
-30.75524712 68.80703735 43.80514145
-23.98424721 82.55303955 9.12313652
-23.97424507 82.15203857 9.29813766
-24.29824638 82.53403473 9.28013706
-28.94624519 70.67903137 20.62813759
-37.91024780 81.00303650 34.13314056
-25.22224617 83.79403687 15.58713722
-25.05324745 83.84303284 15.62513733
-39.54824829 79.96803284 29.58113670
-24.55124474 65.52903748 21.22813797
-42.22424316 82.37203979 37.96514130
-42.60324860 81.83903503 37.90414047
-19.19124603 80.50403595 7.10113716
-19.11824608 80.34204102 6.87213707
-19.10824585 80.62004089 6.73813725
-41.03324890 84.03503418 25.16213799
-40.89824677 84.25603485 25.23313713
-24.66624641 81.92503357 16.65613747
-29.25924492 71.07703400 24.18013763
-34.61724854 84.70703125 43.32913971
-30.37024498 83.36303711 29.10713768
-22.94924736 67.86803436 6.08413696
-25.24924660 87.19603729 22.55113792
-34.80824280 84.74103546 44.25114059
-34.43124390 84.72403717 44.03713989
-42.46424866 78.73204041 43.39813995
-42.56824493 78.31703186 43.19813919
-26.43924522 70.55703735 27.55213737
-25.33324623 77.00103760 23.73313713
-21.20724678 74.46903992 5.79713726
-21.28624535 74.59603882 5.62313700
-28.91924477 66.47803497 23.60013771
-28.95024681 66.79303741 23.36413765
-29.08824730 69.83903503 43.93114090
-29.00224495 69.87103271 44.45513916
-29.24524498 69.57803345 44.83514023
-29.03024483 69.80103302 44.72214127
-30.44324684 68.58103943 29.11613846
-38.26324463 80.91803741 34.65613937
-38.29124451 81.05104065 34.85113907
-28.43224525 67.98003387 35.78213882
-33.23524475 86.96103668 35.86214066
-33.08224487 86.96103668 35.77214050
-38.25024414 69.11803436 40.53514099
-38.05124664 69.11403656 39.37213898
-27.30124474 82.33603668 13.72113800
-38.00724792 69.80703735 34.86214066
-37.80024719 68.91203308 5.22913694
-37.77224731 69.24603271 5.50313663
-28.00824547 71.82904053 36.00214005
-27.08424568 81.83203125 13.48813820
-27.16424751 81.97103882 13.72113800
-30.34224510 86.75804138 40.57413864
-29.76724434 86.38003540 42.09714127
-34.73624420 67.34803772 22.09013748
-33.43024445 67.13203430 20.63713646
-25.04324532 68.71503448 27.47713661
-32.34424591 85.84403992 4.88713694
-26.26824760 75.98603821 16.94913673
-24.73624611 68.73103333 26.93413734
-28.18824577 84.57303619 9.49513721
-31.72524452 86.10303497 4.66813707
-31.65524483 86.05403137 4.74313688
-34.60424805 70.56503296 25.79213715
-35.77124786 86.50203705 44.03514099
-43.35424805 81.33003235 43.13613892
-43.27724457 81.54303741 43.27413940
-21.26624489 77.53403473 5.58013725
-20.92524529 77.78804016 5.73013687
-25.07324409 77.44503784 27.68713760
-29.46024513 78.94303894 38.86513901
-29.31124687 82.73903656 26.59613800
-28.15824699 79.01004028 22.32113647
-21.48824501 78.52703857 7.14713717
-32.63324738 85.95803833 21.30313683
-24.74224663 87.11203766 17.37813759
-29.18524742 85.24803162 45.29314041
-28.48224449 71.58503723 20.39813805
-28.71624565 71.41603088 20.59113693
-29.93124580 84.86804199 9.79213715
-42.30825043 71.45703125 35.64413834
-28.77824593 71.75703430 20.77013779
-26.23724556 72.65803528 9.92813683
-26.01424599 72.71103668 9.82913780
-30.53124809 83.49903870 30.08313751
-31.17924690 83.75103760 31.01513863
-24.78424644 71.64503479 9.32613754
-35.25424957 82.10303497 26.44013786
-26.25724602 81.48803711 15.78313828
-25.91324425 81.50103760 16.02613831
-28.65324593 77.65403748 38.92813873
-27.23724556 78.58703613 39.14413834
-40.76324463 81.00603485 35.21514130
-27.91524696 71.89603424 12.85113716
-34.18324280 70.43203735 30.00313759
-34.12424469 70.44303894 30.28113747
-30.19224739 84.88203430 5.42313671
-42.99724579 82.30603790 16.06513786
-42.45024872 82.89103699 16.40913773
-26.44824791 72.87004089 23.58013725
-40.89024353 69.77803802 16.22513771
-40.16324615 69.46203613 16.16613770
-33.09024811 86.50303650 20.89913750
-33.28824615 86.40903473 21.25013733
-33.85424805 86.26203918 21.82913780
-44.76324463 76.48803711 5.39913702
-31.11424446 69.24403381 21.05413818
-36.13924408 66.11403656 44.03813934
-37.23724365 81.85603333 34.48913956
-37.25724792 81.64703369 34.28913879
-39.43024445 83.39503479 27.33613777
-39.64124298 82.93403625 27.40613747
-39.85924530 82.29503632 27.43013763
-32.25624847 66.10503387 44.45714188
-32.72224426 66.11103821 44.46813965
-32.75024414 66.03804016 44.39213943
-45.89024353 74.61903381 19.91113663
-25.95724678 85.67703247 30.23313713
-25.88224602 85.94104004 29.72113800
-34.41024780 65.92403412 39.79513931
-45.82324982 74.27103424 19.05913734
-34.79524994 67.73703766 3.32213688
-34.94824982 67.77403259 3.55313683
-26.01924706 77.52603149 30.39513779
-26.03124428 77.72003174 23.57113647
-26.19124413 77.92403412 23.58713722
-45.78824615 74.44303894 19.72613716
-45.87024689 74.55703735 19.49313736
-21.71424675 68.00903320 6.33113670
-26.81224632 79.84703827 44.78713989
-37.77724457 72.19403076 33.21813965
-38.77924347 83.34003448 27.22413826
-26.81724739 77.77603149 10.73413658
-37.91824341 72.21704102 33.49313736
-24.11624718 76.41603088 24.77913666
-41.79024506 79.44903564 6.11813736
-39.00024414 83.17703247 27.37413788
-26.16924477 77.11103821 12.20813751
-27.24124718 65.90003967 19.33913803
-41.46924591 80.61303711 35.17813873
-35.87724304 69.64303589 11.17813683
-29.08124733 67.34303284 4.39313698
-43.86124420 72.17503357 4.91113710
-43.80024719 72.18003845 5.07413673
-43.84624481 71.88003540 5.04513693
-37.22224426 70.01103210 10.99713707
-26.91924477 83.27603149 27.43113708
-26.54624748 83.42303467 27.57513809
-28.72824669 87.00703430 16.71913719
-44.79024506 81.05104065 4.34713697
-44.82024384 80.82003784 4.46913719
-26.06824684 76.67604065 14.30113792
-28.70724678 84.96203613 15.19913673
-36.78324890 84.33503723 25.63613701
-24.78224754 77.96503448 24.51613808
-24.54724693 77.39503479 24.52613831
-32.08124542 67.55603790 4.45913696
-31.85524559 67.44503784 4.42313671
-31.87424660 70.72403717 27.13913727
-35.34524536 70.43003845 30.21413803
-35.55824280 70.47803497 30.34213829
-35.89524841 82.73503113 33.46113968
-27.79524422 72.75703430 19.89913750
-27.33124733 73.07003784 18.95713806
-22.27724648 65.86903381 18.52713776
-37.07124329 84.87303162 18.19213676
-36.61924744 84.95103455 17.69813728
-36.78224945 84.96303558 17.47813797
-42.79024506 77.44703674 43.18413925
-42.88824463 76.93703461 43.19913864
-27.89224434 73.09803772 20.42313766
-27.92824745 72.90303802 20.28213692
-28.30324745 72.92803955 20.92013741
-37.00524902 71.55503845 34.07513809
-31.85524559 86.78804016 43.07014084
-32.00524902 86.74504089 43.51314163
-42.75124359 77.19603729 42.89614105
-21.96624565 84.35504150 5.50513697
-27.45724678 72.96704102 19.28413773
-27.35524559 77.83803558 20.18813705
-27.42424583 78.10503387 20.14713669
-37.57524872 85.96504211 40.01913834
-37.78724670 86.02603149 41.21514130
-27.21724510 77.93803406 19.80213737
-35.72824860 70.41803741 31.61913681
-30.28124809 85.18503571 20.59113693
-22.10224724 84.36103821 5.78413677
-22.54824638 84.34003448 5.79713726
-41.07324982 83.82203674 26.07113838
-20.18024635 82.70204163 4.94913673
-19.48624611 82.23403931 3.85213685
-19.22824478 82.06003571 3.69513702
-39.92924500 78.91503906 30.74713707
-36.48024750 68.36003113 19.05713844
-32.43124390 65.83003235 43.27714157
-27.76624489 85.95603943 4.26313686
-27.70824623 85.97403717 4.13213682
-39.14624786 84.25703430 5.38713694
-26.48224449 80.61703491 29.00913811
-41.30724335 72.56103516 34.93613815
-33.26624298 68.69203186 34.81013870
-26.37824440 80.34103394 29.03613853
-26.56924629 80.46603394 29.27313805
-41.49324799 74.78603363 34.87113953
-29.31624794 80.90603638 21.27613640
-40.54224396 73.46803284 28.29513741
-24.07424736 76.31103516 25.34613800
-41.14324951 73.66903687 34.89213943
-40.74124908 83.23803711 23.73413658
-40.93724823 73.83603668 34.91013718
-29.91024590 83.74003601 25.75513840
-41.04824829 82.93904114 24.00013733
-40.90324402 83.06903076 23.71213722
-26.25224495 83.11803436 44.01414108
-26.31424522 83.07704163 44.52513885
-25.90724754 82.69104004 44.02014160
-19.27924538 75.66803741 3.77013683
-19.16324615 75.97603607 3.54313684
-22.93524742 66.84003448 23.57013702
-22.90424538 66.97203827 23.77313805
-22.95624733 66.58503723 23.39313698
-26.43024635 81.12903595 18.36013794
-39.84624481 85.23603821 44.00114059
-39.91925049 85.23703766 43.89714050
-26.41324425 75.15403748 12.86813736
-31.95624733 67.37203979 19.57013702
-31.81024742 67.68003845 19.91013718
-32.25924683 67.35803223 19.92213631
-26.73424721 73.35003662 14.80413818
-28.14824486 68.05803680 36.74013901
-24.08624458 68.12503815 5.10413694
-23.44724464 68.05103302 5.36813688
-27.06024742 72.85603333 15.14613724
-27.82424736 84.67103577 8.99313736
-33.47024536 81.67903137 27.20213699
-26.00124550 76.94803619 14.58213806
-29.57024574 85.97103882 15.98413658
-31.96524620 83.28703308 33.60713959
-31.71224785 83.27104187 33.66913986
-26.29824638 79.62203979 12.80013657
-26.28924751 79.56203461 12.48113823
-20.52224541 72.05603790 5.92213726
-30.71724510 81.08203125 24.13013649
-30.46924782 80.98303223 23.91713715
-27.79724693 82.91304016 10.50413704
-27.90124702 82.68803406 10.65513706
-22.87124443 81.08803558 7.82413721
-32.05924988 68.86903381 34.66913986
-32.35924530 68.84303284 34.54713821
-36.52224731 70.89003754 6.51213694
-36.42924500 71.00903320 6.76413727
-27.37124443 82.67404175 10.38613701
-24.25024605 85.06703186 4.39513683
-32.42524719 69.64103699 11.23713684
-35.86524963 84.32803345 8.47813702
-24.39824486 67.51803589 4.27313709
-27.05624580 72.85103607 16.22613716
-39.77024841 79.23403931 34.82213974
-36.25624847 67.94503784 3.44913697
-29.15224648 70.50003052 13.86013794
-25.56724739 69.33103943 24.38513756
-25.46424675 69.08203125 25.79813766
-34.77124786 85.91304016 22.93313789
-33.79424286 86.07603455 22.07613754
-29.03324699 70.23503113 14.20513725
-43.72824860 77.43603516 35.43413925
-24.79724693 69.05203247 25.95813751
-24.64724541 69.07303619 25.72613716
-43.55224609 82.98603821 3.36713696
-40.69624329 76.36003113 34.85614014
-25.46524620 72.60303497 9.53813744
-38.26624298 84.74703979 35.56613922
-41.34424591 78.04803467 34.91913986
-37.03324890 68.38203430 35.01713943
-22.51224709 66.20703125 16.73013687
-22.91424751 66.25003815 16.50213814
-28.33824730 77.20103455 7.63313723
-28.06924629 76.81203461 7.24013710
-37.34424591 85.80003357 3.15213680
-24.86324501 84.37603760 5.69513702
-28.03524590 87.06803894 16.87913704
-27.72924614 87.11903381 16.94213676
-27.54524422 87.16603088 17.57313728
-28.54524803 85.35903931 39.63814163
-34.89524841 85.71504211 35.86714172
-26.19024467 79.74803162 13.91813660
-26.77924538 75.63403320 35.74314117
-26.69824791 75.96503448 35.68313980
-21.74624443 67.64703369 3.23413682
-21.91724586 67.46003723 3.52313685
-25.99524498 71.14703369 15.83013725
-32.67124939 84.57303619 7.14013672
-21.85124397 67.92703247 3.85113692
-34.72624969 68.06303406 36.16913986
-34.53024292 68.01203918 36.40914154
-26.87124443 79.34603882 18.36413765
-26.10524559 65.65203857 19.73513794
-24.59524727 70.68803406 18.74013710
-26.95824623 84.18403625 39.58314133
-26.92924690 84.13304138 38.96714020
-26.73824501 80.73603821 17.17313766
-27.15024757 85.43603516 33.43513870
-27.32024574 85.88504028 33.55714035
-44.12825012 79.05003357 39.85113907
-43.98324585 79.27103424 39.12913895
-25.43824577 81.72403717 45.10414124
-34.23624420 69.20803833 34.59313965
-26.78424644 82.08903503 36.91213989
-25.66424751 77.67803955 40.12113953
-25.71424675 77.76503754 40.73114014
-25.57624626 77.15303802 39.91114044
-27.48924446 77.17203522 20.76213646
-27.63224602 77.36703491 20.94813728
-27.71624565 77.08703613 21.26513672
-28.92424583 84.26803589 23.01913643
-28.45624733 81.20803833 34.28913879
-26.81824684 81.26503754 29.16213799
-26.65624428 81.21803284 28.78313828
-41.28125000 74.92903137 9.42313766
-40.80124664 81.44303894 41.98913956
-40.90724945 81.27803802 41.46514130
-34.58524323 67.80403137 44.23714066
-35.33624268 67.93903351 43.93914032
-30.18824577 67.42903137 26.50013733
-35.12424469 83.17203522 34.73613739
-35.18624878 68.90903473 34.73413849
-35.38624573 76.35303497 38.12414169
-34.62825012 73.86903381 38.13914108
-35.50624847 74.38003540 38.06613922
-40.23424530 82.98004150 11.16813660
-35.24324799 69.99803162 25.46913719
-34.89824677 69.81103516 25.07113838
-32.13024902 83.93803406 34.62113953
-23.73824501 79.78903198 8.04813766
-33.46424866 70.00503540 24.03213692
-34.28324890 70.04203796 24.74113655
-31.07924461 83.73303223 34.86314011
-31.24124718 83.82003784 34.70913696
-29.17424583 82.25403595 34.71113968
-29.51424599 82.52603149 34.56313705
-29.27424431 82.31803894 34.99414063
-28.08224678 67.99603271 39.33214188
-28.27224541 67.78703308 40.06713867
-36.28924561 83.18803406 38.23514175
-35.71824646 83.89503479 38.36513901
-26.17724419 68.31503296 7.12013721
-42.09024811 78.80104065 10.25513744
-24.25624657 71.17203522 8.47213745
-39.86324310 81.90403748 27.47713661
-29.83924675 83.53503418 20.94113731
-29.68924522 82.79904175 21.01413727
-24.20324516 84.36003113 26.49313736
-23.76724434 84.27803802 25.57113838
-24.29824638 84.06203461 26.39913750
-28.56124687 83.96403503 35.77914047
-23.93124580 65.54703522 21.22613716
-33.58924866 69.50403595 11.33813667
-29.19224739 83.68203735 21.03013802
-39.93124390 69.33403778 35.27014160
-33.66924286 84.90703583 44.47214127
-30.01124763 83.79603577 26.10013771
-30.02224541 84.05403137 26.08113670
-34.52424622 86.63703918 35.85713959
-34.36724854 86.74203491 35.80913925
-33.81024933 85.26803589 44.42713928
-34.05924988 84.99203491 44.46414185
-33.82024384 84.90703583 44.49013901
-34.18024445 84.78303528 44.47013855
-32.60824585 84.45503235 5.70413685
-19.95824623 83.00403595 4.08013678
-27.30324745 84.19403839 37.50114059
-27.23624611 84.23703766 37.83613968
-25.64424706 71.31903076 16.75913811
-30.60724449 84.10103607 21.00513649
-33.53324890 70.63504028 29.10813713
-33.31124878 70.77003479 28.93713760
-29.95524788 81.31303406 26.29513741
-31.44124794 81.49103546 27.43313789
-21.59524727 82.59303284 18.83513832
-42.66624451 76.22903442 10.92913723
-32.97324371 66.37703705 33.32213974
-40.17524719 75.45603943 34.25713730
-27.60524559 76.30104065 21.26113701
-27.68524742 75.72903442 21.46113777
-19.21124649 81.93403625 6.68813705
-30.31924629 71.16403198 22.02313805
-40.16824341 75.60403442 34.15913773
-27.75224495 66.50103760 33.89113998
-27.81724739 71.13203430 43.36114120
-27.55424690 75.85603333 21.94813728
-41.56524658 80.01803589 26.94013786
-41.11724854 78.83703613 34.99713898
-29.06724739 66.77203369 39.72414017
-29.30424690 66.58403778 39.75614166
-42.86324310 75.23204041 43.04613876
-25.16224480 77.18203735 23.91513824
-25.05324745 76.92703247 23.93613815
-41.35524750 79.94503784 27.20213699
-42.40224457 71.30003357 36.34814072
-26.53124428 79.74403381 9.31613731
-28.83824730 87.09403992 18.80813789
-29.43124580 87.03003693 18.79013824
-33.85524750 67.20803833 34.48114014
-33.49524689 66.67703247 34.53713989
-40.91824341 72.91304016 27.40213776
-40.85924530 72.61903381 27.20613670
-42.69624329 80.90603638 5.72213697
-42.14225006 80.64903259 5.85413694
-29.36124611 86.78604126 19.37813759
-29.51424599 86.97203827 19.11113739
-29.18824577 86.97503662 19.11413765
-36.55624390 70.22403717 26.49413681
-36.74424744 70.28603363 26.64113808
-27.82924461 84.26803589 9.71513748
-27.80524635 83.96704102 9.84913731
-27.66424751 83.88603210 9.87513733
-27.85224724 83.86203766 10.03913689
-32.96024323 69.84103394 31.34813690
-23.32824516 75.02903748 6.05113697
-23.26724434 74.84204102 6.45813704
-23.56924629 74.70903778 6.70713711
-35.40824890 85.75403595 44.49914169
-32.44924927 68.13603210 43.90114212
-26.62524605 85.91304016 4.40113688
-26.34424782 86.01004028 4.37413692
-26.87824440 85.40803528 4.74513721
-28.95324516 72.44003296 21.59813690
-26.72724724 85.87004089 4.25913715
-24.50824547 78.91003418 7.37313700
-38.09024811 70.97903442 9.51713753
-24.39624596 84.52703857 6.62713718
-24.29624748 84.52304077 6.92613697
-25.27324486 78.98303223 24.72913742
-26.80924416 74.59003448 18.32713699
-26.89624596 74.29603577 18.47413826
-26.89124489 74.53203583 18.75013733
-36.04324341 85.09803772 24.61613655
-44.08424377 72.75603485 4.94413710
-24.74124718 80.61803436 44.65814209
-24.63324547 80.59903717 44.09614182
-37.30724335 85.44903564 35.90813828
-32.94524384 67.76703644 4.85513687
-24.56324577 80.55803680 43.62113953
-23.80024529 66.32603455 25.06613731
-42.93024445 81.59803772 43.42813873
-40.96624756 77.74403381 29.16913795
-39.49324799 85.07904053 26.10013771
-39.94324493 84.77003479 26.26913834
-41.04324341 78.09204102 28.77713776
-37.40324402 67.67803955 24.69213676
-41.70424652 77.80503845 27.70413780
-41.93424988 77.66703796 27.35713768
-41.98624420 77.38003540 27.39313698
-41.51624298 78.33503723 27.81413841
-35.71524811 71.12503815 29.88513756
-39.83024597 78.37503815 32.86013794
-39.88724518 78.35103607 32.42514038
-28.08524513 70.47603607 45.13814163
-26.04824638 77.55403137 13.06813812
-26.06724739 78.10704041 12.93613815
-33.04724884 86.19503784 3.53713679
-43.53724670 72.38003540 38.70114136
-30.60724449 69.26004028 9.54213715
-45.05524445 78.30003357 4.74713707
-45.06524658 77.74504089 4.59613705
-41.48324585 84.79203796 3.44413686
-41.35424805 84.87503815 3.66913700
-40.50424957 83.69603729 35.94514084
-40.76424408 83.42604065 35.77114105
-40.44924927 83.61803436 35.72613907
-39.03324890 81.05803680 35.08813858
-39.74624634 79.04303741 31.24313736
-27.93924522 72.41304016 22.98613739
-34.35224915 67.62803650 4.21113682
-29.84424782 66.56703186 42.06013870
-43.96824646 80.43303680 22.85913658
-43.99724579 80.64403534 22.44813728
-26.96624565 76.43703461 10.46013737
-29.53524590 66.97503662 41.36314011
-28.87924767 67.40203857 39.24914169
-39.49024963 84.46803284 22.95313644
-42.34724426 74.39703369 41.00214005
-30.73524666 86.85403442 40.32014084
-30.97524452 86.94503784 39.30913925
-35.45724487 67.44903564 38.02313995
-35.76324463 67.38504028 38.20114136
-38.97924805 84.43703461 22.35513687
-38.53424835 84.35903931 21.82713699
-34.65424347 84.42203522 5.65213680
-26.48224449 80.54303741 12.92613792
-31.48324776 86.97803497 40.00114059
-36.07224274 77.35003662 38.05813980
-34.93124390 78.89703369 38.21014023
-36.06024933 79.22803497 38.08013916
-38.61524963 84.65603638 22.12613678
-34.50724792 84.75503540 5.47713709
-43.06724548 78.13703918 25.78213692
-42.82924652 77.77103424 26.21413803
-37.60524750 68.19403839 4.58513689
-32.01524353 84.60303497 40.06713867
-34.49624634 76.80303955 38.23714066
-33.73524475 77.75303650 38.34814072
-25.37224770 71.79703522 37.29013824
-24.71624565 86.83103943 24.75913811
-36.97824860 86.40403748 44.35314178
-24.40824699 86.73004150 24.54413795
-33.13624573 75.73303223 38.34313965
-19.19924545 80.51103210 6.24613667
-19.12924576 80.88403320 6.44313717
-29.11724663 86.31303406 19.82413673
-29.21324730 86.00403595 20.05813789
-40.48524475 70.30403137 13.65213776
-27.89824486 81.87004089 31.26713753
-28.10724449 82.06903839 31.62313843
-35.15924835 68.71403503 15.72713661
-40.20924377 75.83903503 32.98213959
-33.80824280 86.01703644 18.40013695
-34.49024963 86.09004211 19.14813805
-30.14624596 68.73003387 5.36413670
-40.08124542 83.61403656 12.29413795
-40.39424896 67.85003662 43.06613922
-27.24624443 65.63303375 28.75413704
-28.05924797 72.37303162 33.78813934
-27.86524773 72.23303223 33.28013992
-39.34324646 83.72503662 11.41013718
-38.77724457 84.06604004 11.44613647
-39.83324432 83.47003174 11.52213669
-39.27424622 83.90403748 11.72113800
-39.87424469 67.44503784 43.14714050
-40.09524536 67.58203125 43.09413910
-26.49924660 84.19703674 9.15313721
-25.84024620 84.05703735 8.99913692
-42.60025024 69.97903442 5.10813713
-36.44424438 66.16103363 43.98313904
-36.63624573 66.33703613 43.96014023
-36.65924835 66.27303314 43.87714005
-31.78624535 68.78303528 34.91513824
-31.97724724 68.75803375 34.81213760
-41.01624298 82.91003418 35.50014114
-41.17424774 82.32704163 35.39714050
-26.58624458 78.66903687 23.49913788
-23.29524422 75.02803802 39.71913910
-31.08524513 68.86803436 35.37213898
-32.11824799 68.36403656 38.71813965
-36.66624451 85.25903320 35.73913956
-36.93124390 84.85504150 35.53913879
-30.80024529 67.32403564 3.74013686
-40.00424957 71.83103943 34.83813858
-39.73024750 71.89703369 34.84413910
-27.45724678 66.14903259 16.53013802
-19.33724594 82.64403534 3.49613690
-38.72224426 84.71704102 15.49213791
-30.54724693 82.44903564 38.86114120
-26.86324501 74.60903931 7.22413731
-28.75024605 67.34003448 42.73413849
-28.32924461 67.59303284 42.75614166
-39.45824432 69.28703308 21.92413712
-40.59224701 83.28604126 26.94413757
-40.33124542 83.07803345 27.14113808
-27.43024635 84.47603607 38.62313843
-27.58524513 84.56103516 38.45314026
-27.71324730 84.70803833 39.12514114
-23.95824623 75.88003540 31.65113831
-23.93524742 76.04903412 31.69613838
-39.06124878 78.55203247 37.72414017
-39.06224823 78.80203247 37.73213959
-38.66324615 78.63903809 37.75914001
-28.40324593 82.44303894 24.22713661
-28.69224739 82.54403687 24.16713715
-27.29724693 72.42703247 13.55813789
-29.07224464 67.29103088 39.86413956
-26.96924782 81.44303894 12.76713753
-33.67524719 70.54003906 25.78213692
-33.71724701 70.54603577 25.83613777
-33.65324402 70.54203796 25.81213760
-20.06824493 74.98003387 4.82613707
-27.40124702 72.08503723 14.13913727
-27.59324455 71.80503845 14.31813812
-26.05624580 87.21504211 24.07313728
-20.23724556 75.18603516 4.94113684
-32.53524780 86.32303619 44.82114029
-32.72124481 86.27903748 44.62813950
-40.66224670 78.21203613 29.54613686
-40.67724609 78.03103638 29.76613808
-39.53125000 69.26303101 21.32213783
-39.83724976 69.33403778 21.24913788
-41.25824738 84.89903259 3.97713685
-40.64624786 85.20703125 4.13813686
-27.55924797 82.92703247 14.41913795
-30.22524452 68.89403534 39.20413971
-30.03524590 68.85603333 39.03013992
-33.70424652 86.12703705 3.42913699
-40.89924622 85.06203461 4.16813707
-33.69524384 67.34403992 33.83514023
-39.65924835 85.61503601 3.28113699
-39.40824890 85.65503693 3.15413690
-28.40624428 66.14503479 17.07513809
-27.90324593 66.10603333 16.90813828
-27.29324532 83.84003448 45.35913849
-27.03924751 83.64804077 45.19113922
-29.42024803 65.67203522 29.23713684
-31.34924507 68.51203918 43.17113876
-25.83624458 77.47203827 6.42613697
-26.69324684 83.11803436 45.53314209
-26.98624611 83.49003601 45.45114136
-29.26224709 70.85403442 11.11313725
-26.40324593 82.39103699 45.64213943
-27.32824516 83.04503632 45.57213974
-36.55824280 85.94703674 23.50813675
-44.37224579 77.25103760 39.30313873
-44.31724548 76.99203491 38.74314117
-21.40524483 66.59203339 17.90713692
-44.10624695 75.27403259 37.62414169
-44.14524841 75.86303711 37.61714172
-44.32424927 75.68403625 38.86114120
-43.37524414 71.05104065 17.65313721
-43.18824768 70.82303619 18.24713707
-26.38124657 69.09603882 14.92113686
-26.58124733 68.79003906 14.92213821
-22.55224419 66.11503601 21.21713638
-22.17724419 66.48003387 21.12913704
-40.13224792 83.65703583 43.98913956
-27.18224525 76.14703369 20.08713722
-22.86624718 65.99503326 21.65613747
-27.19724464 76.80003357 20.06213760
-27.22324562 76.72903442 20.20313644
-27.43424797 76.69403839 20.70013809
-41.70324707 81.32904053 35.27613831
-39.85324860 83.17903137 35.39913940
-39.99324799 83.40803528 35.48014069
-38.89225006 68.37903595 5.00313711
-39.85324860 81.50303650 7.24513721
-27.37324715 77.10503387 20.41313744
-29.63224602 84.50403595 14.52613831
-27.93724632 82.10003662 11.38513756
-40.06724548 73.05203247 34.84814072
-27.07024574 75.05203247 36.40113831
-27.88124657 87.22903442 25.65013695
-33.31224823 82.90403748 32.87913895
-33.33324432 82.80203247 32.53713989
-32.44524384 69.95003510 29.58413696
-33.54424286 83.04203796 33.31813812
-32.82324982 83.14003754 33.25814056
-33.29224396 83.10003662 33.18313980
-28.04424477 82.10403442 22.10613823
-32.07224274 69.98204041 29.36213684
-32.21924591 69.88403320 29.53013802
-31.82224464 66.70503235 30.11113739
-33.89624786 67.79003906 44.35614014
-27.20824623 72.31203461 17.57613754
-26.99624443 71.93003845 17.75513840
-27.13624763 72.18103790 17.53513718
-26.05024529 74.77903748 31.08313751
-26.41024590 74.74403381 31.59413719
-26.15024757 75.26303101 13.88313675
-26.21424675 74.87803650 13.85013771
-26.86724663 71.97003174 17.08513832
-23.20724678 76.83803558 39.21813965
-28.30524635 70.51403809 39.03713989
-19.65624619 78.66104126 4.77813721
-27.03024483 72.09703064 17.25613785
-37.29124451 71.15303802 34.60313797
-37.05924988 71.26303101 34.52613831
-20.98324394 67.81103516 17.22513771
-21.00624657 67.56303406 17.38913727
-26.06124687 79.06604004 14.51313782
-26.69524574 75.03703308 11.73313713
-26.74924660 74.97803497 11.52313805
-40.55424500 84.62703705 25.16513824
-23.19524574 86.23903656 23.12413788
-23.40824699 86.55403137 22.83213806
-27.80424690 71.96603394 10.88513756
-27.92324638 72.13504028 10.98413658
-29.31424522 68.56903839 35.21614075
-28.10024452 72.30303955 11.20913696
-20.63124657 73.50503540 6.09213734
-22.94824409 67.26004028 15.78213692
-22.72324562 67.17003632 15.88113785
-31.51924706 86.17703247 4.43013668
-20.28224754 73.33803558 6.57713699
-28.19324684 72.14003754 11.24413681
-44.06224823 81.33103943 17.35113716
-31.74324608 69.54103851 6.99213696
-31.75724602 69.49003601 7.44013691
-32.01424408 69.56403351 7.23913717
-36.78624725 83.78703308 5.96613693
-28.43324471 68.17303467 37.31214142
-34.22124481 69.50403595 11.03613663
-21.26624489 68.90803528 4.01113701
-26.47524452 78.69104004 17.27813721
-26.42324638 78.87403870 17.02113724
-38.62524414 69.22603607 41.89413834
-21.65924644 68.57003784 4.05713701
-21.54524422 68.89103699 4.11313677
-21.44824409 69.11303711 4.24613667
-33.99824524 69.48503113 11.25713730
-35.62825012 66.58903503 38.05413818
-29.25924492 68.24403381 24.82013702
-41.42724609 80.87103271 43.61513901
-41.66624451 80.54903412 43.62614059
-42.86224365 76.61003113 11.14613724
-42.67024994 77.03203583 10.83113670
-43.33524323 71.31103516 43.04513931
-43.15924835 70.86803436 43.05213928
-42.51124573 70.33203125 43.19113922
-27.78024483 78.99403381 35.20914078
-25.60024452 69.75303650 39.74613953
-25.51124763 69.88504028 40.38013840
-24.37724495 81.73503113 17.33413696
-24.29124641 81.63003540 17.60313797
-29.28724480 86.15003967 16.04713821
-29.24124718 85.99203491 15.96113777
-27.97324562 68.59003448 37.17813873
-27.97824669 79.65903473 34.83813858
-21.95624733 66.24203491 19.73613739
-25.52324486 69.85803223 39.30313873
-22.13724709 84.44003296 4.72213697
-36.58224487 68.33903503 34.96714020
-29.94524574 70.00803375 10.37313652
-30.02124596 69.83103943 10.17413712
-29.74624443 69.77503967 10.08713722
-28.46924782 68.19703674 21.21413803
-23.50524712 68.60203552 6.82013702
-25.68824577 75.04103088 40.70714188
-25.85424614 74.89703369 41.77814102
-26.13124657 78.44603729 6.94213676
-25.92624474 78.55703735 7.04613686
-39.10624695 72.16603088 8.70613670
-32.45924377 69.44903564 22.73713684
-37.53125000 66.68403625 41.36214066
-37.63924408 66.71603394 41.31513977
-37.60424805 66.67803955 41.52313995
-42.08524323 79.37103271 10.45413780
-41.94725037 80.55104065 10.95513725
-27.23024559 75.96803284 6.76313686
-44.39624786 78.40403748 41.40013885
-41.74624634 79.80104065 10.15913773
-27.10324669 81.00203705 40.10514069
-26.83524513 80.62503815 39.78813934
-26.62324715 80.24504089 39.61314011
-26.63624763 80.29203796 39.91413879
-22.15824699 83.84803772 6.68713713
-28.66324425 68.77903748 20.53913689
-27.53824425 71.37203979 45.14213943
-26.78824425 65.70503235 29.06913757
-36.08224487 70.58103943 26.41813660
-35.05824280 72.67703247 38.04814148
-25.63724709 65.68303680 26.58913803
-25.89524651 65.63403320 26.57313728
-26.75124550 80.11003113 17.38713837
-26.67724419 79.79803467 17.48213768
-26.73424721 80.40403748 17.25613785
-43.83324432 78.59204102 24.53913689
-23.41424751 75.18303680 5.87113667
-23.89524651 75.28303528 5.89713669
-25.56124687 78.88003540 28.23013687
-25.76424599 79.53804016 28.19013786
-41.69824982 73.84303284 10.60513687
-27.63024712 66.17103577 18.73013687
-27.96424675 69.67903137 21.15313721
-42.86024475 79.31203461 11.57213783
-42.03324890 74.18203735 10.78913689
-43.63124847 75.05303955 35.32814026
-42.28224945 74.71903992 10.86213684
-42.14824677 74.18403625 10.97413731
-28.21624565 69.15003967 22.41313744
-43.70924377 75.27003479 35.53414154
-27.07324791 73.45203400 32.24113846
-39.63924408 73.17803955 34.86914063
-26.25824547 87.19003296 17.23813820
-30.50024605 85.06803894 15.57613754
-27.05624580 73.05203247 31.91713715
-27.04924583 72.66203308 31.73413849
-37.57724762 81.18203735 33.62513733
-37.58625031 81.17503357 33.45314026
-29.76324654 83.92903137 11.48713684
-19.07724571 74.08503723 3.50613689
-35.86924744 67.23203278 38.82614136
-41.56324768 73.33403778 38.03313828
-45.90724945 75.67103577 16.99613762
-33.63724518 65.77303314 42.24514008
-31.71024513 72.30104065 38.41614151
-41.05524445 75.07203674 28.70513725
-19.28724480 77.46603394 4.42713690
-29.03924751 84.60803223 6.40013695
-38.28224945 85.18703461 22.16413689
-38.42524719 85.27603149 22.49113655
-24.28624535 70.35303497 7.91213703
-29.45924568 84.53503418 6.22313690
-24.32424736 73.44803619 44.73114014
-24.45524406 73.25703430 44.98413849
-24.42724419 72.95803833 44.57114029
-39.81224823 73.34503174 6.96713734
-39.01424408 73.30303955 32.06913757
-39.03424835 73.38603210 31.85513687
-32.35024261 82.39703369 30.66813850
-39.35824585 73.80203247 32.20213699
-24.62524605 73.50603485 45.48614120
-24.56424522 73.88603210 45.49914169
-38.69824982 85.35803223 4.92413712
-32.20624542 82.27403259 30.41113853
-31.82224464 82.24103546 30.03213692
-32.09024811 82.16703796 30.14313698
-21.72524452 67.66403198 3.55813694
-21.43424416 67.83103943 3.47113681
-44.42924500 81.85903931 4.60913706
-44.43724823 81.89203644 4.28413677
-31.80124474 82.31903076 30.32413864
-26.59724617 71.60903931 10.32113743
-34.64924622 68.07003784 41.60314178
-34.16724396 68.02803802 42.66014099
-34.76224518 68.04703522 42.47314072
-25.77124596 86.79103088 27.13213730
-34.73824310 82.05003357 30.65313721
-34.90024567 82.01703644 30.59413719
-28.86924553 83.29003906 21.93613815
-34.15625000 82.20404053 24.81313705
-26.83224678 78.05403137 7.01013708
-27.39224434 77.86603546 7.13413715
-30.20524788 85.85203552 16.12713814
-26.98424721 68.79903412 27.81013680
-26.82724571 68.78503418 28.64113808
-27.31424522 68.81703186 27.91813850
-27.17524529 78.42203522 7.32713699
-40.27324677 77.13803101 31.83413696
-26.81824684 77.29503632 10.71813774
-26.75624657 77.51303101 10.78713703
-26.12324715 82.66703796 45.19013977
-25.90524483 82.34204102 45.10514069
-25.77524757 82.21003723 45.08613968
-32.93824768 85.13203430 15.08813667
-26.97124672 77.37703705 10.42413712
-33.23824310 85.21103668 15.04213715
-40.72224426 79.76803589 6.98113728
-40.52724457 80.29003906 6.95413685
-32.49424744 66.14403534 36.98814011
-29.68424797 69.27903748 33.92413712
-29.99624443 69.13003540 34.38613892
-28.33824730 69.45203400 9.31113720
-28.69424629 69.35803223 9.38713646
-32.26224518 81.62403870 24.61013794
-37.90625000 85.77803802 4.43913698
-38.05324554 85.73903656 4.32713699
-40.24224854 82.99403381 5.67613697
-40.82624817 82.24203491 5.80613708
-21.51324654 84.13504028 20.97813797
-26.01724434 77.99504089 14.06513786
-39.90824890 79.99403381 28.88813782
-26.05524635 78.14603424 13.77913666
-26.04124641 78.12303162 13.46713829
-36.69224548 85.80104065 37.29713821
-41.43024445 70.71703339 5.56213665
-30.83624458 84.55403137 11.99413681
-31.30124474 84.78503418 11.71213722
-24.51924706 74.60403442 24.53013802
-24.61824608 74.98003387 24.38813782
-26.01824760 77.75703430 13.65713692
-33.06724548 66.12703705 36.27214050
-23.21624565 85.38903809 16.65613747
-23.67224693 84.84003448 16.35613823
-27.65424538 78.02903748 20.80113792
-27.56624794 78.05503845 20.51213646
-27.83524513 78.52103424 20.92813683
-26.19524574 78.46003723 12.15713692
-26.12724495 77.87703705 12.37613678
-32.99724579 66.16503906 36.49613953
-36.52924347 81.70503235 28.11713791
-31.52724648 86.36503601 20.33913803
-33.05724335 66.20803833 36.93714142
-33.20224762 66.15403748 36.64714050
-19.64224625 73.24803162 4.40713692
-19.61324501 73.50703430 4.48713684
-26.11924553 78.33603668 12.60613823
-26.12724495 78.06703186 12.65213776
-34.37324524 85.07503510 18.13313675
-26.11324501 77.39403534 12.67013741
-26.09124565 77.74903870 12.65613747
-29.84824562 69.09403992 5.82513714
-33.86324310 85.27104187 22.70413780
-33.15324402 85.23803711 22.14713669
-33.48925018 84.97103882 22.59213638
-37.60724640 81.51803589 34.55014038
-37.92124939 81.29703522 34.63314056
-37.71024323 81.48403931 34.75713730
-36.91124725 86.31103516 42.99713898
-40.85124969 76.48603821 7.33113718
-27.20024681 80.03303528 18.63013840
-27.15524483 80.36503601 18.63213730
-37.97525024 80.78403473 33.63013840
-37.85524750 80.93003845 33.43413925
-40.77624512 84.89804077 5.05013704
-40.53724670 85.01603699 5.00413704
-22.78424644 85.26603699 23.50713730
-23.00324440 85.28903198 24.05913734
-39.60324860 73.72103882 30.98413849
-41.98024750 73.94203186 39.11613846
-40.83924866 85.12403870 4.64913702
-44.67424774 77.61703491 5.51313686
-44.73925018 77.98503113 5.49013710
-40.10324860 70.80203247 34.94413757
-31.97724724 82.09204102 29.77913857
-31.75324440 82.09903717 29.49913788
-21.30924416 70.01603699 17.66913795
-21.26224709 69.81903839 17.31713676
-21.45524406 70.00803375 17.40313721
-28.92224693 85.43403625 20.65713692
-31.92724800 81.95903778 29.32413673
-32.02724457 82.04303741 29.58113670
-25.33124733 73.44703674 8.72913742
-25.64624596 73.57403564 8.67513657
-23.22124672 75.34403992 37.89913940
-40.80324554 75.36003113 8.05713654
-23.28524590 75.07403564 37.85713959
-27.47024727 78.48603821 22.62713814
-27.71424675 78.35203552 22.34313774
-29.41424751 86.22203827 3.25913692
-33.97224426 85.26603699 12.35613823
-33.04924774 85.16503906 12.17513657
-27.64324760 78.91703796 22.80413818
-27.84724617 78.82403564 22.53413773
-40.17424774 76.87603760 33.50413895
-25.69524574 71.07703400 45.28213882
-33.82424927 66.17403412 37.02613831
-34.48024750 66.25703430 36.87014008
-34.25224304 66.23103333 36.96413803
-34.57824707 82.55603790 33.06414032
-40.15024567 77.48603821 33.55213928
-45.22124481 74.57703400 22.42213821
-26.60424614 80.96203613 16.30613708
-25.91024590 74.93904114 23.18213654
-28.71024513 69.37803650 14.74213791
-30.83224678 66.01703644 41.87213898
-30.87224770 66.01403809 40.78113937
-40.21224976 77.35603333 33.75313950
-40.20224762 77.30603790 33.95713806
-40.21224976 77.55803680 33.83213806
-30.08024788 65.83403778 33.85313797
-29.81724739 65.81303406 33.76013947
-40.44725037 80.07103729 35.07613754
-27.87224770 84.86003113 40.97814178
-24.39324760 71.87004089 41.98213959
-40.39724731 80.36203766 35.11513901
-40.42924500 80.61303711 35.08713913
-40.57924652 80.30803680 35.16114044
-27.33824730 72.70003510 10.40413666
-29.78724480 69.27503967 40.82913971
-27.50124550 72.45903778 10.62513733
-27.33924675 72.42303467 10.50513744
-38.73124695 83.02304077 27.32813835
-38.12924957 83.17003632 27.01613808
-39.36224365 68.27703857 24.66513824
-40.24824524 75.89804077 32.25814056
-25.33224678 68.77603149 14.96913719
-19.58724594 75.56703186 4.21413708
-19.82624626 75.87903595 4.65313721
-19.56524658 83.04603577 6.50213718
-25.07924461 68.90503693 7.55713701
-35.30624390 82.17903137 26.19913673
-34.87524414 82.20903778 25.67513657
-26.20424461 78.19203186 45.25914001
-26.30324745 78.46704102 44.70513916
-26.24024773 78.37903595 44.10113907
-32.26624298 84.42803955 43.87113953
-37.31924438 85.91003418 3.74013686
-29.93324471 66.41803741 42.08914185
-29.91424751 66.38103485 41.74713898
-37.33824921 85.90703583 3.90313697
-21.51624489 69.66903687 16.86413765
-21.89124489 69.99703979 16.93113708
-21.59724617 69.52203369 16.67213821
-24.82924461 75.37403870 37.37313843
-24.42124748 75.68203735 37.47414017
-31.71824455 83.93303680 33.49813843
-36.89324951 82.20603943 34.43813705
-36.75224304 82.37703705 34.18914032
-36.91124725 82.17404175 34.18813705
-30.51024437 81.84103394 28.11613846
-34.47324371 70.31303406 32.55213928
-34.68524933 70.31903076 32.50313950
-43.99224854 73.25303650 5.39313698
-43.93124390 73.02003479 5.21913719
-43.65424347 72.99504089 5.32813692
-25.58524513 82.00203705 22.39113808
-36.67724609 82.56404114 34.78913879
-36.56324768 82.54603577 34.58113861
-30.00424767 84.68403625 25.89613724
-27.28124428 74.07703400 8.26513672
-28.56024742 85.74603271 21.88013649
-45.01625061 80.39403534 17.76413727
-39.93424988 69.67503357 24.89613724
-39.95824432 69.83903503 25.45613670
-33.59224701 70.47703552 31.08813858
-45.00024414 80.53203583 18.36413765
-36.61524963 82.72303772 35.00513840
-33.66324615 70.47703552 30.70213699
-34.82424927 81.49903870 29.11013794
-34.17624664 81.56503296 28.92013741
-39.43624878 73.19503784 34.81813812
-39.34824371 72.94303894 34.71614075
-44.58224487 76.77103424 41.14313889
-27.28424644 81.05503845 30.42813683
-33.08824921 70.77703857 27.64413834
-44.53224945 77.27304077 40.84914017
-28.65924644 65.67003632 30.61013794
-44.44224548 77.65303802 40.96514130
-33.18424988 70.92303467 28.33613777
-32.84424591 70.88103485 28.32213783
-39.01725006 71.86003113 34.82213974
-24.54024696 79.39403534 37.40314102
-27.90624428 85.02304077 15.27513695
-29.18924522 68.64903259 26.36113739
-27.08424568 81.29903412 19.24313736
-27.31524467 80.96203613 19.15713692
-25.08024406 81.43904114 37.31613922
-35.66524506 68.86303711 14.58113670
-36.35924530 68.80903625 15.11413765
-34.09824371 69.77303314 5.99513721
-33.56024933 69.34703827 5.74513721
-33.49924469 69.65003967 5.96313667
-20.16524506 72.86503601 4.65413666
-32.72424316 69.19203186 14.01613808
-23.99124718 80.39703369 37.65013885
-24.70624733 80.88803101 37.43313980
-42.71824646 77.89503479 10.94213676
-42.91024780 78.50603485 11.33513641
-21.06224632 68.35704041 16.90913773
-30.51324654 66.08703613 38.61314011
-24.30224419 76.09603882 26.16613770
-24.17224693 76.40503693 25.82213783
-25.48024559 75.98903656 23.47513771
-24.79324532 86.23603821 16.59813690
-39.91925049 67.80803680 43.59014130
-26.59224510 73.68703461 15.81813812
-24.89724541 76.55203247 24.05213737
-43.51224518 75.23103333 25.17313766
-43.44024658 74.49803162 25.02513695
-27.25224495 85.16203308 15.41313744
-27.36824608 84.99003601 15.32413673
-28.43824577 71.88403320 34.40414047
-27.47024727 85.23103333 15.46413803
-23.59324455 86.10403442 24.36413765
-23.76424599 86.36003113 24.20113754
-43.09424591 74.27703857 25.39213753
-31.33824730 84.88803101 10.67913723
-31.07824516 84.91603088 10.42513657
-41.86224365 77.35603333 6.24613667
-42.12324524 76.47203827 6.10313702
-28.10424614 74.56503296 8.25813675
-40.51824951 82.47103882 43.88314056
-40.30224609 82.98503113 43.94013977
-32.45024872 65.89603424 40.37514114
-33.06224823 65.85603333 40.41413879
-31.68824577 65.95503235 39.32413864
-30.80424690 86.88003540 18.92613792
-37.47224426 69.87903595 34.76813889
-37.75024414 69.99603271 34.78113937
-42.27024841 74.32003784 5.90013695
-42.72224426 74.87004089 5.86513710
-42.30624390 75.09204102 5.96613693
-33.61324310 86.34803772 34.45613861
-33.76624298 86.29603577 34.88213730
-37.55324554 70.11403656 34.78413773
-26.57224464 76.78203583 34.85614014
-37.71024323 70.22703552 34.74514008
-41.24924469 75.50603485 37.46813965
-29.20624733 83.57803345 31.29713821
-24.80324745 66.64603424 27.91513824
-25.08624458 66.60503387 28.46113777
-25.15324593 66.41304016 28.32313728
-37.13124847 68.42903137 43.25114059
-25.19724464 66.74703979 3.40613699
-26.96124458 75.38603210 36.60013962
-26.95724678 75.58703613 36.48913956
-26.86424446 75.98204041 36.64014053
-43.80624390 80.90303802 15.06413651
-44.08224487 80.36903381 14.94913673
-27.95824623 70.65603638 19.90613747
-36.44724274 80.21403503 38.08113861
-27.18424797 72.56003571 14.24613762
-45.04124451 79.34303284 4.20113707
-29.11524773 68.92603302 8.75213718
-36.68124390 71.50103760 31.70413780
-22.47724724 78.08203125 6.33913708
-31.60224724 68.66603851 31.60413742
-32.27324677 68.56403351 32.23613739
-23.18424416 83.94703674 6.66013718
-33.71424866 85.07203674 17.53613663
-27.33724785 80.71103668 18.82713699
-28.02624702 77.60903931 8.97913742
-27.72624779 78.06203461 9.35513687
-27.37124443 70.15103149 27.30913734
-37.81824493 82.48603821 35.24914169
-35.00924683 86.73004150 36.70513916
-35.24624634 86.46603394 36.92514038
-43.23724365 81.34603882 43.23413849
-39.61724854 70.23003387 39.60514069
-39.86524963 70.46003723 39.57814026
-39.75124359 70.26803589 40.31114197
-28.80824471 86.17103577 36.91413879
-28.48324776 85.95303345 37.08013916
-26.23824501 78.10603333 6.79713726
-25.97024727 78.28604126 6.77113724
-26.58424568 80.93703461 16.61713791
-21.81824684 68.94703674 5.10113716
-23.87024498 67.83003235 26.20313835
-34.92724609 81.56903839 29.46413803
-33.61724854 68.55903625 38.24414063
-31.90024757 70.42103577 28.78113747
-32.95924377 68.36303711 38.53113937
-25.52324486 76.42303467 23.52513695
-26.22924614 77.24603271 11.85813713
-26.32024574 77.47703552 11.57713699
-41.47724915 78.34403992 9.38913727
-41.32124329 79.16203308 9.31913757
-26.43524742 71.54803467 16.75613785
-24.88424492 84.65803528 27.93913841
-26.42524529 70.76403809 9.87113762
-40.77224731 83.30803680 35.61413956
-41.13524628 82.97403717 35.57814026
-26.47224617 78.43503571 17.61313820
-26.44624519 78.59903717 17.43313789
-39.38924408 69.02303314 18.03813744
-38.98524475 68.91304016 18.40913773
-27.22424507 76.22803497 20.24013710
-27.34824562 76.40503693 20.44713783
-39.42724609 85.58103943 4.43913698
-39.37324524 85.64804077 4.20413685
-39.59324646 85.57904053 4.34613705
-26.68924522 69.63903809 37.13914108
-23.76924706 65.77703857 23.05413818
-23.36424446 65.95303345 22.85913658
-27.24624443 76.46903992 20.23213768
-40.16724396 82.62203979 43.72713852
-43.35724640 76.11703491 35.10813904
-36.58424377 66.24003601 40.41714096
-29.70924568 78.86403656 38.83113861
-29.12924767 68.61503601 25.74313736
-28.92624474 68.73204041 26.26513672
-31.11924553 78.63203430 38.65414047
-29.75024605 78.55403137 38.81914139
-29.99124718 77.90003967 38.76514053
-29.06224632 82.87004089 20.99813652
-19.99824524 70.53804016 4.02213669
-31.27724648 68.55703735 39.49613953
-23.01124763 78.86603546 7.25113726
-26.00624657 75.68003845 45.46614075
-24.41124535 75.30104065 24.44113731
-30.10924721 65.71703339 31.46413803
-37.78724670 69.55203247 12.78813744
-36.88924408 69.28003693 13.09813690
-26.60824776 68.78804016 28.72913742
-26.78924751 86.95204163 16.76813698
-44.75924683 75.53503418 5.37013721
-37.86024475 69.39703369 13.39113808
-37.27524567 69.47103882 12.64813805
-41.61324310 84.76503754 3.72713685
-44.63024902 74.78203583 5.22613716
-44.57124329 74.58203125 5.34313679
-42.45524597 70.40403748 17.72413826
-20.98124504 73.16304016 7.77113724
-29.70224571 86.67203522 19.52813721
-31.12824440 83.84303284 34.63513947
-37.30724335 85.79503632 22.03513718
-37.52624512 85.78003693 22.42413712
-28.16124535 83.98204041 36.40013885
-25.65924644 79.51004028 37.22613907
-22.25124550 72.77803802 7.71613693
-24.55824471 78.15903473 37.40314102
-27.03024483 84.12503815 42.28213882
-28.87624550 82.28604126 32.97113800
-28.63224602 82.25503540 32.44513702
-28.99224663 82.35603333 32.89613724
-29.26124763 82.42604065 33.50814056
-26.23024559 74.62803650 45.11314011
-29.53324699 83.30403137 42.23413849
-27.67724419 81.82103729 30.64413834
-27.53824425 81.79904175 30.13713837
-26.64124489 81.25804138 18.79713821
-26.23824501 74.68303680 44.75014114
-26.16524696 75.20903778 44.62014008
-28.99224663 82.85704041 42.79914093
-27.60424614 71.96203613 19.16813660
-26.78924751 81.10903931 18.70813751
-34.44824982 68.24603271 38.57714081
-29.39924431 83.25903320 41.79413986
-26.85824776 81.24003601 18.93813705
-26.92824745 81.05403137 18.84813690
-39.65324402 78.85003662 32.59113693
-35.49224854 68.30303955 38.96514130
-44.32324982 79.10403442 42.14514160
-44.11124420 79.59103394 41.95314026
-27.53424644 81.48503113 41.40314102
-27.27024651 81.21503448 40.66913986
-23.66024590 70.92903137 17.11013794
-23.88524437 71.00903320 17.26513672
-26.18024635 77.34903717 16.43713760
-36.45824432 84.90303802 5.31913710
-35.91224670 85.63903809 5.00613689
-23.90424538 70.83703613 7.75413704
-24.02924538 70.86103821 7.85713720
-34.17424774 68.19703674 39.03113937
-34.03024292 68.15503693 39.39714050
-26.08824730 77.72703552 16.01013756
-26.11524773 77.03804016 16.32113838
-40.24824524 77.12004089 34.02013779
-41.30524445 68.69803619 41.81713867
-41.65525055 68.90503693 42.66413879
-41.21224976 68.59303284 41.98614120
-25.50524712 73.94503784 7.71813726
-25.35124779 73.76503754 7.86913729
-19.57624626 83.43303680 3.50413680
-34.43824768 66.92403412 20.62413788
-32.37424469 69.75303650 30.49513817
-32.16624451 69.66803741 30.42013741
-28.11124611 82.22803497 11.14713669
-27.78124428 71.73603821 32.74913788
-27.66724586 71.72403717 32.46113968
-26.71524620 73.86503601 12.26113701
-40.17024994 77.88103485 31.79313850
-28.08524513 78.27304077 21.65613747
-22.30824471 67.98803711 6.58413696
-22.58124733 67.88603210 6.25613689
-36.00924683 84.99603271 17.72813797
-24.99924660 77.37203979 6.19713688
-24.79624748 77.08803558 6.13413715
-33.15324402 85.09803772 32.83613968
-20.45924568 72.83703613 6.14713669
-26.86724663 71.52003479 24.83413696
-41.50624847 71.27903748 35.08713913
-41.30624390 71.44503784 35.01713943
-20.56124687 73.02304077 6.05913734
-24.18524742 76.36903381 32.04314041
-26.67124748 71.93203735 24.33413696
-27.04724693 71.63504028 24.42413712
-31.24724770 86.22803497 3.73313689
-28.20424461 84.28503418 36.02513885
-28.20024681 84.24504089 36.22113800
-27.13824654 73.83103943 8.82413673
-26.86024666 73.67303467 8.97013664
-36.39824677 71.58803558 30.43113708
-28.77324486 70.09803772 20.58913803
-37.77124786 72.09403992 33.96813965
-32.46024323 84.54703522 41.98114014
-28.03424644 65.94203186 32.91313934
-37.10524750 84.07704163 26.00613785
-37.35424805 84.62803650 25.91813660
-37.63924408 84.50403595 26.21513748
-32.47924805 84.51103210 42.96514130
-24.73824501 83.31903076 25.82513809
-24.65224648 77.42103577 31.59713745
-19.33924484 82.31604004 6.74513721
-32.71724701 85.20703125 15.54613686
-27.62524605 76.83103943 21.92113686
-27.75124550 77.11503601 21.84013748
-42.01924896 80.94803619 11.43013763
-25.13624763 78.38803101 45.66014099
-24.57924461 70.01803589 15.41913795
-44.14324951 71.51503754 19.35713768
-44.44624329 71.78804016 19.01013756
-32.70424652 85.91403198 17.39313698
-37.21724701 84.27503967 39.37514114
-37.72324371 83.98403931 38.97114182
-24.35024452 70.01803589 15.47513771
-43.47424316 72.34403992 14.67613792
-27.76924706 87.22203827 23.47113800
-25.67424583 77.11003113 30.45113754
-41.81524658 69.95703125 5.27713680
-41.73424530 70.11303711 5.38613701
-28.39124489 86.88003540 16.54313660
-43.31624603 72.52503967 14.16713715
-43.21724701 72.77403259 13.71913719
-43.57324982 73.08903503 13.93213654
-40.38424683 84.89503479 43.90814209
-30.32524681 86.89703369 37.61314011
-30.42724800 86.87103271 38.81013870
-41.99124908 71.47303772 13.55013657
-34.59324646 65.97203827 39.73814011
-32.75724792 81.78503418 29.21913719
-29.34924507 66.60403442 40.24713898
-40.41524506 81.33403778 27.35913849
-40.59724426 81.01203918 27.33513832
-28.29524422 78.77703857 21.53013802
-29.89124489 86.76603699 38.20013809
-32.17524719 81.80903625 28.89813805
-30.41224480 86.94203186 28.52213669
-29.93224525 87.11103821 28.31013680
-42.40024567 77.92403412 41.59814072
-42.51725006 77.99303436 42.53213882
-32.79124451 84.37303162 32.72813797
-32.74024963 84.28903198 32.89213943
-38.08124542 66.80603790 41.52413940
-44.74524689 72.73103333 21.37613678
-40.49124908 78.78403473 34.94213867
-38.15324402 66.98403931 40.69514084
-38.31124878 66.88103485 41.59614182
-41.27924347 83.33603668 14.28513718
-41.77924347 83.22603607 15.36413765
-27.62824440 73.66903687 33.66613770
-27.42124748 73.76004028 33.25013733
-25.74024773 84.44104004 8.35413742
-26.13324547 84.54403687 8.31213760
-36.30924988 83.79103088 7.07113695
-36.95824432 83.50203705 6.88713694
-43.13324738 76.08303833 43.27114105
-34.02424622 67.62903595 17.53913689
-33.98624420 67.38703918 17.70013809
-34.64124298 67.56903839 18.08113670
-38.27224731 67.62603760 24.45213699
-35.36024475 85.79803467 36.61613846
-35.26224518 85.85903931 36.57413864
-41.87924957 71.12103271 35.32814026
-42.02324677 71.25503540 35.34914017
-29.88924599 82.20404053 29.89813805
-29.73724556 82.15303802 29.62513733
-33.03125000 69.72903442 31.99013710
-44.09924316 75.26403809 24.35713768
-27.65624428 86.06703186 34.22513962
-24.89724541 72.41503906 45.39614105
-25.11624718 71.81303406 45.32913971
-24.94924736 72.04603577 45.17813873
-25.33424568 71.31103516 45.23413849
-44.57924652 75.34303284 23.67813683
-44.76224518 75.67003632 23.49013710
-20.40324593 71.20603943 7.54813719
-39.87724304 80.50103760 28.26913834
-44.54124451 75.61803436 23.73313713
-26.29924583 78.78403473 16.76613808
-26.29324532 78.94403076 16.63113785
-38.74524689 68.71003723 26.18813705
-44.44624329 75.94303894 23.98413658
-22.71324730 65.72803497 17.96913719
-19.55124664 79.60603333 7.35813713
-19.55424500 79.33803558 7.23813725
-29.96724510 82.50503540 31.98713684
-35.71724701 84.64604187 35.32114029
-35.71124268 84.45404053 35.32114029
-21.47924614 68.19503784 6.11713696
-21.12624550 68.59103394 6.25813675
-28.27524757 82.27403259 21.40413666
-43.52724457 78.80903625 35.40813828
-36.31224823 84.77304077 18.94213676
-36.43224335 67.62103271 19.96813774
-36.98524475 67.77203369 20.46813774
-36.38824463 67.84203339 19.58213806
-27.15324593 74.39203644 10.89013672
-26.98124504 80.46403503 39.35113907
-27.66424751 81.19503784 39.24113846
-36.25524902 84.88203430 18.46013832
-21.73224449 69.09403992 4.55513668
-38.38824463 83.87403870 35.42713928
-38.04924774 84.31604004 35.47113800
-37.83324432 84.10203552 35.40214157
-26.69724464 71.19104004 18.58213806
-36.86724854 84.75103760 18.99913788
-40.17924500 77.23803711 33.01514053
-40.23124695 76.99203491 32.85013962
-28.10924721 69.79303741 29.67613792
-28.42424583 69.74203491 29.26513672
-27.99224663 69.82603455 29.39013672
-20.18124580 72.77003479 6.67213726
-20.28024483 72.75803375 6.40813732
-30.79524803 82.74203491 21.56013680
-30.43524742 82.26203918 21.57613754
-45.84324646 79.16104126 19.75113678
-46.01124573 78.42103577 19.82913780
-27.96124458 77.77304077 9.09813690
-19.22624588 72.99403381 3.31713676
-39.56924438 68.66103363 23.92413712
-39.75224304 68.79103851 24.44813728
-33.88224792 69.20603943 23.72313690
-28.56824684 86.16403198 37.12014008
-38.87524414 72.53303528 29.67213821
-26.93324471 70.49103546 19.49813652
-44.91824341 79.71503448 16.05913734
-24.02124596 71.55403137 8.00813675
-23.98124504 71.27304077 7.90013695
-39.85224915 68.94403839 24.72613716
-27.62824440 84.63003540 15.05013657
-27.70624733 84.78703308 15.15113831
-27.41624641 84.53303528 15.08613777
-42.08824921 75.98303223 37.64913940
-42.16424561 76.33403778 37.79214096
-26.95224571 65.96703339 17.18613815
-28.79724693 84.59503174 22.92613792
-28.84424782 84.27503967 22.71613693
-42.14624786 75.41603088 38.06314087
-42.14225006 75.79203796 37.83013916
-42.22424316 76.01903534 38.07913971
-31.59524727 66.21203613 44.54014206
-32.01224518 66.20503235 44.34814072
-22.26924706 82.20503235 19.42713737
-22.24624443 82.32103729 19.64313698
-25.77624702 75.06903076 30.35413742
-22.02924538 82.45103455 19.74213791
-35.14524841 67.03003693 37.50914001
-25.39124489 75.21704102 30.53213692
-38.76824951 71.92403412 6.42813683
-33.37624359 69.11903381 13.89113808
-33.11924744 69.26403809 13.41113663
-33.58524323 82.82203674 32.81013870
-33.72324371 82.85903931 33.01013947
-33.38624573 82.97603607 33.03113937
-31.87424660 84.83503723 7.75313711
-34.09824371 70.67103577 31.25613785
-32.94124603 69.14303589 14.12013817
-25.33624458 67.76503754 4.59113693
-25.33724785 67.94303894 4.77813721
-25.70124626 75.50403595 29.43913841
-22.92224693 68.10203552 5.18113708
-28.19824791 75.18203735 7.48813725
-37.75624847 71.30903625 34.62513733
-38.12524414 71.77403259 34.61214066
-27.98224449 68.88703918 27.52013779
-42.76124573 83.83703613 4.40613699
-35.38624573 86.09204102 3.53313684
-39.07724762 80.90703583 37.82014084
-30.28324699 66.09603882 34.17213821
-40.14324951 69.36303711 5.41513729
-32.74224854 82.18503571 23.47213745
-38.75924683 80.29903412 37.82714081
-32.32724762 86.13003540 4.41713715
-32.39724731 86.19503784 4.20913696
-20.50324440 69.97403717 6.14013672
-20.66924477 69.63504028 6.05813694
-42.03424835 80.01803589 10.70213699
-42.26024628 79.33803558 10.67613792
-31.43124580 69.75803375 10.78713703
-21.64324760 68.90503693 7.28513718
-34.30624390 69.03003693 13.89613724
-35.08424377 68.97103882 13.93813705
-31.60724449 85.17103577 16.17813683
-31.11424446 85.12303162 15.73113823
-41.04624939 85.02104187 3.58513689
-40.90824890 85.11003113 3.74713683
-41.10224915 85.03604126 3.71113682
-26.98424721 74.85003662 33.01213837
-26.91724586 74.75103760 32.61413956
-27.21224785 74.65503693 33.19713974
-23.74624443 80.62603760 9.06513786
-28.11424446 68.05403137 36.49813843
-35.99824524 68.17003632 42.86814117
-28.93124580 81.70103455 20.71713638
-29.10124779 81.31604004 20.84913635
-39.39124298 68.21003723 37.67713928
-29.36224556 86.62203979 36.35314178
-29.22824669 86.53503418 36.71614075
-20.41924477 69.88103485 6.53213692
-20.46124458 70.02803802 6.83313704
-20.48424721 69.73903656 6.63613701
-34.55424500 86.05303955 4.11013699
-31.05724525 67.79403687 19.82013702
-30.19824791 86.90903473 36.10113907
-29.74824715 86.76803589 36.30014038
-24.93124580 72.90403748 27.08213806
-34.38724518 85.92604065 4.17113686
-34.57524872 85.94503784 4.25913715
-20.08424568 82.69303894 7.48313713
-19.84424591 82.65603638 7.34613705
-30.56024742 67.73403931 19.76313782
-30.82524681 67.73603821 19.74113655
-28.23224449 85.14903259 38.60614014
-28.23824501 85.45003510 38.69813919
-28.47724724 85.40903473 39.41814041
-33.91224670 83.45103455 23.75513649
-26.25524712 74.58503723 14.86413765
-26.45324516 74.09103394 14.77313805
-35.71324921 81.76503754 27.88013840
-31.81624794 84.89903259 13.15213776
-27.22624779 73.40603638 11.65013695
-43.24224854 78.23403931 35.12113953
-43.25924683 79.19003296 35.24013901
-24.65324593 70.59003448 19.02413750
-24.16224480 70.53603363 19.30513763
-24.02124596 70.60603333 19.03313828
-43.62924957 80.87303162 43.16913986
-26.36624718 74.26103210 14.25313759
-43.16424561 77.73003387 35.07613754
-33.03324890 65.93203735 39.04413986
-33.06624603 65.83703613 40.94913864
-24.27724648 84.81103516 26.78413773
-23.88024712 85.03804016 25.97813797
-43.51224518 81.20903778 42.75513840
-43.56924438 80.98403931 43.03614044
-32.84324646 83.06103516 38.63214111
-33.11924744 68.47403717 38.35713959
-29.51124763 86.67303467 36.90613937
-33.59824371 65.89803314 40.15013885
-30.64624596 70.00703430 13.10613823
-38.39924622 80.64903259 34.40414047
-40.60224915 84.25603485 24.35613823
-34.27224731 65.89803314 40.21313858
-41.93924713 83.58803558 43.20014191
-26.84124565 65.61503601 23.15613747
-41.37825012 77.77304077 34.94713974
-41.28824615 77.52803802 34.90813828
-37.72324371 68.94003296 39.43313980
-25.15224648 70.87603760 15.87213707
-25.12224770 70.81303406 15.72313690
-42.77624512 73.71303558 12.20313644
-42.44924927 73.37004089 12.04013824
-44.56224823 77.90503693 42.03414154
-44.61224365 77.56103516 42.10514069
-44.49924469 77.66104126 41.82814026
-39.78224945 74.22203827 32.09214020
-42.66925049 73.95404053 11.89513779
-39.75124359 74.21003723 32.33913803
-39.81624603 74.43403625 32.27513885
-34.29624939 67.07903290 34.71614075
-31.75324440 70.57904053 24.84513664
-31.74324608 70.59203339 25.10513687
-31.73324776 70.58303833 24.87413788
-27.22924614 77.57803345 7.02313709
-27.52824593 77.62703705 7.13413715
-28.35624504 68.19503784 37.98413849
-19.52324486 82.68703461 6.92713737
-33.12124634 82.96103668 32.79213715
-19.30724525 81.11303711 4.01313686
-32.00024414 87.13304138 35.04613876
-31.53824806 87.13603210 35.19113922
-36.33224487 66.09703827 43.83514023
-39.60524750 68.35903931 43.68313980
-39.96324921 69.11503601 43.65814209
-36.53724670 70.86603546 34.47713852
-35.96624756 70.53303528 34.48313904
-27.27924538 72.60803223 12.88913727
-28.39424706 84.51503754 5.44213676
-42.80924988 76.73003387 26.34313774
-28.82724571 66.97303772 39.14014053
-43.30324554 76.24803162 25.66013718
-34.57724762 84.02503967 24.00613785
-34.76624298 84.25804138 24.03113747
-40.54824829 84.13603210 38.01213837
-40.59724426 84.27903748 38.96213913
-40.82324982 83.77803802 37.47114182
-40.55324554 83.87004089 36.81414032
-26.95224571 86.21303558 32.06513977
-34.90324402 84.12903595 24.17413712
-34.86324310 83.94503784 24.27413750
-27.50624657 86.65103149 32.04513931
-27.14524651 86.47803497 31.85213852
-25.83324623 82.74303436 15.33713722
-26.09424782 82.92703247 15.21813774
-28.18524742 86.59303284 34.07713699
-27.94524574 86.66803741 33.07513809
-45.75225067 76.56703186 21.82013702
-45.82324982 76.02403259 21.54313660
-43.28324890 80.73004150 23.70513725
-26.21524620 83.04103088 15.13313675
-36.41924286 69.06103516 34.77713776
-36.08424377 69.19603729 34.76213837
-43.90024567 78.48004150 13.09013748
-38.83424377 71.69403076 28.00813675
-33.54324341 85.18003845 17.62713814
-33.78624725 85.38304138 17.87613678
-36.11924744 69.50203705 34.68413925
-27.69324684 77.70503235 21.10013771
-33.96124268 85.16003418 17.91113663
-35.89225006 69.14803314 34.73313904
-27.12124443 85.99803162 3.74113703
-25.24224663 65.53103638 22.04613686
-32.99524689 85.68203735 32.49113846
-27.43024635 79.53103638 19.50313759
-25.39624596 70.11103821 37.91714096
-25.18024635 70.30703735 38.11814117
-40.72824860 81.05403137 38.06113815
-40.43024445 81.44603729 38.05014038
-37.41924286 71.97003174 32.11314011
-45.70624542 75.54703522 21.72913742
-45.63824463 75.06103516 21.66513634
-40.30324554 68.08403778 43.55514145
-28.58224678 66.92803955 36.05913925
-28.46124458 67.26203918 36.07814026
-33.40625000 69.00003815 38.19113922
-26.53524590 73.81303406 14.53213692
-26.58224678 73.73803711 14.12613678
-40.52224731 67.93203735 43.39113998
-19.90124512 84.04203796 3.53013682
-28.59624672 71.68703461 12.08013725
-28.33724785 71.80003357 12.31613731
-40.19424438 67.70903778 43.19414139
-33.89824677 69.23903656 34.32013702
-41.93624878 83.37903595 18.31713676
-26.36724663 76.12004089 11.87813759
-26.33524513 74.35203552 14.80413818
-26.34624672 74.43703461 14.43813705
-42.13924408 83.21603394 18.72313690
-28.56324577 65.77803802 31.06113815
-27.69324684 84.30303955 34.30913925
-27.81624794 84.16703796 34.27113724
-38.45924377 72.03603363 6.80713701
-27.48424721 82.63903809 13.72913742
-26.17524529 82.11303711 45.64113998
-37.47324371 80.84903717 30.59313774
-37.75124359 80.73803711 30.61113739
-30.77824593 82.34003448 21.80113792
-30.40324593 81.86503601 21.71813774
-29.26924706 70.87803650 24.63013649
-28.97124672 71.01103210 24.47113800
-26.01024437 76.62103271 14.57713699
-26.00524712 76.69503784 15.02713776
-33.03024292 70.12503815 30.03313828
-32.87124634 70.03503418 30.15413857
-27.47324562 81.22003174 45.44614029
-19.82224655 75.23403931 4.46313667
-40.96125031 79.52903748 35.03013992
-34.94524384 70.70203400 26.57613754
-30.48924446 71.22703552 22.39113808
-30.27724648 71.33703613 22.15713692
-36.55724335 71.20703125 33.60913849
-36.44224548 71.11903381 33.67113876
-18.88224602 77.81003571 3.50113678
-18.82324600 78.14804077 3.60413694
-27.48624611 81.08503723 43.79014206
-27.60224724 81.22703552 44.04814148
-23.55224419 73.37103271 38.59614182
-30.74824715 81.02403259 23.67613792
-30.93624687 81.11003113 23.96113777
-23.76224709 82.17903137 16.95613670
-32.00124359 68.43703461 38.70814133
-29.26224709 70.86903381 12.65413666
-26.34324455 69.04003906 39.58713913
-26.55324745 68.82803345 40.24414063
-27.58524513 83.30803680 36.74113846
-26.03724480 69.36203766 38.92414093
-28.75624657 82.96704102 27.23613739
-28.19724464 69.79803467 30.22013855
-19.93624496 80.83803558 5.02113724
-19.66124535 81.60203552 5.44813728
-36.77624512 85.10903931 35.61613846
-29.19824791 83.10803223 28.30613708
-29.15024757 82.98303223 27.62513733
-27.17324638 74.71803284 34.95213699
-28.32024574 71.28303528 13.65213776
-41.18724823 75.88803101 28.75513840
-41.05825043 76.07103729 29.18213844
-20.97824669 70.76403809 5.37813663
-21.21924400 69.93303680 5.28413677
-27.94424629 72.04803467 12.51413727
-27.74624443 72.43103790 12.24813652
-28.03424644 72.19003296 12.17113686
-21.23924446 70.25703430 5.15813732
-21.15624428 70.48003387 5.15213680
-30.49424553 87.15603638 30.13913727
-30.19524574 87.18303680 30.17613792
-25.94824791 86.52304077 28.62213707
-29.49124718 86.89903259 35.10013962
-29.25524712 84.56703186 23.99813652
-29.33624458 84.15503693 24.15413666
-36.07124329 83.92703247 5.93013668
-26.31624413 79.98703766 15.40613747
-26.44024467 80.17303467 15.84613800
-26.48024559 80.33003235 15.48313713
-40.70024872 80.47303772 35.22713852
-26.30024529 74.41603088 14.11113739
-21.11924553 67.11603546 17.87713814
-21.29524422 66.81003571 17.48013687
-41.23324585 83.93603516 43.79214096
-34.84224701 70.44003296 25.57113838
-43.07824707 80.47703552 24.37013817
-43.50024414 80.56703186 23.56113815
-43.54824829 80.99203491 22.80113792
-27.19624519 71.54903412 39.33414078
-27.59524727 71.03403473 39.28013992
-20.21124458 84.03903198 3.87813687
-20.17624474 84.30104065 3.68513680
-20.42224693 84.43203735 3.86413693
-25.58724785 83.39503479 9.36713696
-30.56824684 85.14503479 5.23413706
-30.65324593 85.38703918 5.06713676
-24.50724602 76.14303589 32.49013901
-35.43124390 86.82803345 43.04513931
-35.75124359 86.95503235 42.85813904
-41.86724854 74.54103088 6.02613735
-25.99224663 79.39303589 24.42513657
-38.52224731 72.73003387 32.24813843
-27.73524666 71.64103699 14.18413734
-30.71024513 84.04403687 27.96813774
-31.05924797 85.90403748 16.33313751
-43.77924347 78.27403259 36.03414154
-43.62224579 78.36903381 35.53913879
-28.75424767 65.63103485 28.72013855
-22.36924553 82.61403656 17.58313751
-43.65024567 77.94903564 35.47513962
-43.82924652 77.86703491 35.96813965
-34.30024719 69.21403503 12.90913773
-26.44824791 85.39303589 4.71213722
-39.23925018 73.47303772 32.66213989
-24.68724632 73.18403625 45.40114212
-44.78924561 76.27503967 5.36613703
-44.65224457 76.63203430 5.49613667
-30.45424461 83.71503448 44.01314163
-30.36424446 83.74103546 42.89313889
-26.22224617 85.18904114 15.59713745
-26.58524513 84.99203491 15.41313744
-30.26524544 83.58303833 44.68914032
-30.51924706 83.74803162 44.65214157
-29.57924461 66.89803314 18.92413712
-30.42024803 66.78903198 18.80113792
-30.31024742 70.94303894 21.86213684
-43.00624847 80.67303467 36.25313950
-43.08124542 80.85203552 37.22414017
-34.10024261 86.36203766 19.35613632
-24.09524727 84.32403564 5.53113699
-22.96124458 81.26903534 7.94913721
-23.01924706 81.24803162 8.07913780
-23.01424599 80.74903870 7.91413689
-26.51624489 85.19903564 15.51313782
-40.77524567 76.50803375 30.15413857
-26.64724541 85.57003784 15.69613838
-41.43024445 68.92803955 41.02714157
-19.21924591 74.17503357 3.82713699
-24.38124657 77.96503448 25.03513718
-25.35624504 72.82003784 28.04713821
-25.14824486 72.90703583 27.64913750
-28.46824455 82.24504089 45.01914215
-24.32024574 78.04003906 25.43813705
-24.42524529 78.38003540 25.49013710
-28.06724739 75.65503693 9.00513649
-28.12024498 75.22803497 8.91213703
-43.43325043 81.54103088 5.55513668
-28.39124489 86.95204163 31.72613716
-28.97324562 86.11903381 20.03413773
-29.17024803 85.65603638 20.30313683
-28.11824608 75.40803528 8.96013737
-39.65524292 70.99603271 34.87213898
-41.49724579 80.32704163 6.10313702
-40.78324890 80.57904053 6.34413719
-41.03125000 80.53903198 6.23513699
-34.51725006 66.97503662 35.13613892
-34.64624786 66.79603577 35.37813950
-44.28324890 74.64003754 39.31414032
-29.32624626 87.09103394 31.84213829
-28.83724785 87.04803467 31.49113846
-34.50924683 67.41703796 35.42213821
-34.39424896 67.68303680 35.52114105
-36.33224487 70.62004089 31.55513763
-33.44724274 69.40103149 23.52913666
-29.17524529 80.09603882 22.49413681
-26.23024559 71.24603271 18.06213760
-29.72924614 69.03103638 35.57714081
-29.42024803 69.00803375 35.88013840
-30.06824684 69.01403809 34.86513901
-34.79424286 86.13304138 3.96813679
-34.71324921 86.13803101 3.80213690
-33.64624786 65.99103546 38.46414185
-28.91124535 69.47003174 33.05813980
-40.21224976 71.04203796 38.27313995
-31.85824776 85.24003601 45.12614059
-23.12424660 83.99903870 24.20213699
-24.83324623 75.34204102 24.08013725
-27.74424553 67.44603729 15.13813782
-27.34224510 67.55103302 15.06413651
-45.51524353 77.57904053 22.22813797
-26.32524681 78.79803467 45.47013855
-26.28224754 78.48503113 45.17514038
-33.20324707 83.47603607 34.20213699
-32.42124939 83.23204041 33.44313812
-32.47624969 83.36203766 33.82413864
-24.12124443 75.72203827 31.82813835
-23.66224480 68.09603882 6.37613678
-28.29224586 70.74903870 35.39413834
-28.38324547 70.57203674 35.57213974
-33.49924469 68.35103607 35.09613800
-29.18024635 69.25303650 44.98714066
-28.72624779 85.34303284 40.32014084
-41.58824921 80.18904114 42.01813889
-28.47924614 67.98103333 44.96614075
-24.77624702 66.30903625 16.08413696
-28.77324486 67.60403442 44.87514114
-28.11024666 67.99003601 44.90414047
-28.15024757 68.08503723 44.98614120
-32.84824371 83.78003693 34.74813843
-44.32724762 72.53003693 16.08513832
-41.37924957 68.99003601 43.39514160
-41.56324768 68.88903809 43.33613968
-40.82225037 68.19003296 43.44013977
-41.66724396 76.08603668 37.48114014
-41.69624329 76.86103821 37.49713898
-45.09824371 74.16603088 15.74413681
-44.79724884 73.47703552 15.75213814
-44.89324951 73.53103638 15.93113708
-44.75724792 72.92403412 16.40113831
-33.65824890 85.63403320 33.81013870
-34.03224945 85.71903992 34.61513901
-29.85824776 69.23204041 44.41114044
-40.10924530 73.99203491 7.43913698
-40.08424377 73.91603088 7.24613714
-28.33924675 85.38903809 36.89113998
-28.18924522 85.58303833 37.18914032
-43.13324738 77.15803528 11.54413795
-39.74924469 70.94703674 26.52813721
-28.04024696 85.40303802 37.26713943
-28.03324699 66.74103546 15.75513840
-30.48224449 69.47503662 20.95213699
-38.65024567 84.47303772 12.98413658
-27.89524651 87.11103821 19.33313751
-27.73724556 87.16603088 19.18113708
-38.58224487 72.39503479 29.93813705
-20.63824654 69.19503784 3.42813683
-20.55524635 69.36203766 3.55013680
-19.83824539 83.42103577 5.94313717
-19.67024612 83.18904114 6.15913677
-20.96724510 68.84103394 17.14213753
-28.43224525 83.53503418 13.60813713
-28.94924736 83.58503723 12.84613800
-40.68024445 83.45303345 24.00013733
-44.21524811 73.22403717 41.40513992
-33.65924835 69.01203918 14.21113777
-24.49124718 72.02103424 8.89813709
-36.90124512 81.17203522 31.10013771
-31.10724449 65.90403748 35.29713821
-24.38024712 72.23103333 8.71513748
-43.17524719 78.67604065 25.44913673
-31.44224739 84.81903839 13.48913765
-31.25324440 84.86103821 14.21913719
-39.09824371 82.29603577 6.58213711
-38.79624939 82.54103088 6.77413702
-21.33824730 84.17203522 20.44013786
-44.16124725 73.43503571 40.37014008
-44.07124329 73.05803680 40.54914093
-32.54324341 86.60003662 20.40913773
-27.85724449 72.79203796 11.03213692
-41.47024536 83.54403687 15.83613777
-27.20324516 72.64403534 13.63813782
-31.60624504 68.11403656 20.32613754
-23.49424553 85.27603149 4.12713718
-23.79124641 85.09603882 4.46613693
-24.02224541 85.08703613 4.33613682
-36.93224335 67.32403564 22.15013695
-36.00924683 67.13203430 21.43913651
-28.17724800 66.79903412 19.79413795
-36.59624481 82.52403259 33.39513779
-36.76824951 82.34803772 33.32213974
-25.90024757 81.19203186 17.91613770
-34.86425018 85.48503113 35.49713898
-25.80724525 66.83903503 3.68613696
-25.61724663 66.80303955 3.70413685
-25.71924782 66.94104004 3.88113689
-31.88624763 68.73803711 34.54213715
-34.84124756 85.42903137 35.43613815
-34.78424835 85.31003571 35.33713913
-26.67524529 75.41304016 6.64013672
-26.82524681 75.72903442 6.65013695
-26.54224586 75.21603394 6.58413696
-27.00824547 71.49203491 10.48113728
-26.79124641 71.70603943 10.42613792
-22.78624535 82.17703247 17.97913742
-23.15224648 81.86603546 18.07413673
-23.45924568 81.66304016 18.24813843
-41.46724701 72.97003174 26.80713844
-27.86124611 73.30503845 20.51913643
-34.32824707 69.34403992 38.05514145
-44.43424988 78.13303375 40.96414185
-20.94024467 70.05503845 4.30913687
-20.77424431 70.06403351 4.22613716
-23.15524483 82.49403381 8.44413757
-23.07324409 82.64203644 8.16413689
-23.09524727 82.99203491 7.73613691
-32.24624634 85.47603607 21.30213737
-32.14124298 85.56103516 21.15813637
-21.23524666 69.55203247 4.33313704
-37.05924988 81.93403625 33.08713913
-37.13824463 81.58803558 33.11113739
-31.91424751 68.79503632 21.43513680
-32.13224792 68.44104004 21.23613739
-31.97024727 68.32003784 20.94413757
-28.69224739 86.29904175 16.02913666
-38.34624481 86.05104065 44.11214066
-23.69324684 82.78203583 23.18213654
-23.11024666 82.66403198 22.05813789
-33.52324677 86.59204102 35.10813904
-33.09824371 86.84503174 34.40813828
-33.44924927 86.57803345 34.62113953
-27.14924431 70.70803833 30.61013794
-27.38624763 73.76403809 10.90013695
-27.63824654 73.49703979 10.62913704
-27.40524483 74.10303497 10.58513737
-23.65224648 76.34803772 43.27313995
-38.50824738 68.31803894 3.73113680
-25.55324745 86.58003235 16.60513687
-32.90424347 79.52203369 38.47414017
-38.19924927 71.55503845 34.69013977
-26.33524513 78.71303558 11.75113678
-26.78124428 77.68003845 22.86213684
-38.86124420 79.98403931 31.76713753
-32.69124603 68.18903351 40.96313858
-33.37825012 68.12503815 40.50513840
-32.98124695 68.19503784 39.60813904
-33.34724426 68.16603088 39.56814194
-32.10324860 69.54103851 13.14813805
-38.44624329 80.27903748 32.12313843
-38.47824860 80.27503967 31.80313683
-31.74224663 86.65003967 17.52513695
-29.19724464 84.71603394 20.83913803
-29.30724525 84.86203766 20.69913673
-27.39524651 74.20803833 33.41814041
-44.96624756 77.70404053 5.26213694
-31.89724541 86.55403137 17.45513725
-24.94824409 68.09903717 4.96613693
-44.88924408 77.72203827 5.39313698
-39.42724609 68.54503632 5.13613701
-44.86124420 78.13903809 5.39413691
-44.88124847 79.25003815 5.24213696
-44.91424561 78.54603577 5.30513668
-36.98124695 84.20503235 9.25213718
-36.69124603 84.35603333 9.37713718
-29.22124672 68.77603149 7.22013712
-30.36624718 69.03703308 7.70413733
-39.43524933 68.87403870 5.32013702
-27.00524712 78.19703674 31.50813866
-29.06724739 66.11403656 24.79013824
-29.42624474 66.15003967 25.60513687
-27.99624443 71.66603088 13.34313774
-38.92924500 79.89603424 32.52313995
-39.06824493 79.74603271 32.35013962
-27.00024605 77.86703491 31.64413834
-22.02024651 75.77203369 5.47013664
-27.99924660 78.05104065 21.52213669
-28.18524742 78.55703735 21.60113716
-36.69224548 68.23103333 19.49313736
-36.88824463 68.47003174 19.38213730
-37.11425018 68.49503326 19.66313744
-27.03424644 78.30803680 31.38913727
-40.02424622 83.96603394 13.60113716
-39.15524292 84.29904175 13.20213699
-40.12224579 83.87803650 13.40913773
-28.65024757 82.12303162 36.22013855
-27.19024467 78.10103607 31.85213852
-27.19824791 78.25003815 31.71613693
-27.26424599 78.34103394 31.84513855
-27.52324486 78.97103882 36.61413956
-32.54824829 86.69303894 43.92013931
-31.87124443 86.58303833 44.08514023
-26.82724571 71.21704102 36.86214066
-26.19724464 70.33903503 37.19913864
-26.62824440 69.99903870 37.12014008
-42.91324615 81.02203369 43.42514038
-43.14424896 80.69703674 43.37213898
-41.83824921 81.12203979 43.66213989
-27.20924568 67.95303345 4.96313667
-34.35624695 70.39203644 30.13813782
-34.37124634 70.44104004 30.35413742
-26.99824715 77.45404053 36.68114090
-26.86324501 76.94503784 36.68313980
-26.83024788 77.08603668 36.77413940
-38.35424805 85.20603943 44.28614044
-26.49124718 69.53903198 37.23213959
-25.24924660 71.24103546 16.61513710
-25.38524437 71.25303650 16.58113670
-27.12024498 67.75303650 4.81313705
-27.30324745 69.31703186 37.00614166
-43.72324371 82.85403442 4.31113720
-43.85224915 82.66603088 4.38313675
-43.81124878 82.71603394 4.07413673
-28.29324532 70.81303406 35.68114090
-28.42024803 70.68103790 35.92314148
-27.13824654 73.90403748 8.56313705
-32.35124969 66.50403595 31.44913864
-24.79424477 78.99303436 7.62613726
-26.25624657 73.57503510 9.00113678
-37.45724487 84.47203827 5.47413731
-41.31224823 78.60903931 27.96413803
-41.43424988 78.66503906 27.71913719
-19.41324615 82.93703461 3.38413692
-40.21324921 77.27603149 32.39313889
-18.94324493 80.31803894 3.85913682
-18.92824554 80.23503113 3.72013688
-30.00124550 83.52203369 39.12714005
-18.96424484 80.55104065 3.89413691
-18.90624619 80.43703461 3.73213696
-26.32924461 83.49903870 27.76013756
-26.35724449 83.57103729 28.12213707
-26.88724709 80.04903412 45.05813980
-24.11124611 71.40703583 8.11713696
-24.17424583 71.26004028 8.25313759
-37.19224548 81.50503540 33.30613708
-37.20724487 81.52903748 33.48313904
-42.03724670 84.27403259 4.72413683
-41.03224945 79.32904053 6.65013695
-40.80924988 79.99003601 6.59413719
-40.02324677 73.13303375 6.48613739
-28.80124474 84.56303406 22.56613731
-39.71024323 69.01903534 25.49513817
-39.26024628 73.61103821 34.42413712
-39.34524536 73.75603485 34.28113937
-30.17624474 86.86403656 16.78513718
-27.87424660 74.42803955 21.33213806
-27.58724785 74.84703827 21.00713730
-28.10924721 79.39303589 20.76813698
-30.34324455 86.68503571 16.57113838
-30.05124474 86.61103821 16.43813705
-24.80124474 87.19303894 21.07813644
-37.48324585 66.53903198 43.86613846
-37.49324799 66.32703400 43.73514175
-30.28324699 86.51203918 16.40113831
-30.70924568 66.14203644 43.51113892
-24.01024437 78.65803528 44.00114059
-24.01024437 81.84103394 9.40713692
-21.08324623 69.59903717 18.07113838
-26.45924568 74.51004028 22.91113663
-26.56424522 74.62903595 22.76213646
-26.37624550 74.70303345 22.87813759
-26.67924690 75.78403473 11.13813782
-26.65824699 75.57103729 11.30713654
-26.72624779 75.56003571 11.18313789
-26.37524605 76.11303711 22.88113785
-24.22724724 86.69403839 17.04413795
-25.13724709 87.11303711 17.27913666
-26.86324501 79.81404114 39.28013992
-26.62424660 76.50203705 22.71113777
-43.83324432 77.52703857 5.75013733
-42.59024811 77.70703125 5.97613716
-27.77124596 75.16403198 7.20013714
-26.91424751 75.04003906 6.78113699
-37.94224548 85.19903564 25.58513832
-39.87724304 81.92703247 35.17213821
-34.02824402 69.59203339 9.92113686
-27.81524467 75.52603149 7.09113693
-27.89024544 75.78103638 7.09613705
-45.40724945 80.03203583 19.24313736
-45.52324677 79.82904053 19.58213806
-29.63624763 66.39803314 39.46014023
-29.45824623 66.42803955 39.26514053
-43.60824585 80.05903625 38.33713913
-43.68424988 79.69203186 37.90113831
-43.76424408 80.10504150 39.65113831
-26.02224541 78.91903687 40.64213943
-23.53824425 78.66703796 37.78113937
-25.83524513 80.43303680 26.16613770
-32.57824707 69.51903534 8.10413742
-33.14024353 67.78603363 4.68413687
-31.09824562 86.09703827 45.11613846
-30.54724693 85.88304138 45.22114182
-43.26524353 74.70003510 35.11613846
-43.15324402 74.47803497 35.11214066
-32.45924377 85.12303162 14.52213669
-32.73424530 85.18403625 14.85713768
-43.23124695 75.18603516 35.09814072
-43.51224518 75.70603943 35.22914124
-43.44725037 75.38303375 35.14613724
-22.23024559 75.04303741 5.72713709
-21.06924629 68.70003510 6.72213697
-36.47824860 69.49003601 25.88213730
-36.53524780 69.76703644 26.15713692
-29.61924553 70.00103760 20.94913673
-37.87024689 71.76903534 7.51613712
-28.43624687 69.02903748 36.58514023
-28.31324577 69.14703369 36.66913986
-24.63324547 74.64703369 37.43613815
-44.83124542 76.61003113 5.10513687
-28.03424644 71.08603668 10.57613754
-28.25824547 70.77103424 10.43513680
-28.45524788 71.04403687 10.72713661
-28.16824532 81.79103088 32.10413742
-22.45524406 83.00503540 7.09813690
-22.28324699 82.72603607 7.16413689
-22.13224602 82.83203125 7.14613724
-25.00724602 68.23204041 15.03613663
-24.60924721 73.79103088 24.60813713
-24.75724602 73.50303650 24.53513718
-39.58824921 71.89103699 6.09713697
-39.50724792 72.13103485 6.22413731
-40.26824951 82.03804016 9.74513721
-40.01224518 82.29603577 9.62013721
-31.37024498 84.17203522 43.16213989
-24.65424538 73.41403198 24.70713806
-40.51424408 70.40103149 43.46913910
-21.50424767 85.05603790 18.05013847
-21.34524727 85.00203705 18.31013680
-44.03824615 72.37803650 22.35013771
-43.43024445 70.95703125 18.70013809
-35.11224365 68.41103363 17.36913681
-33.76424408 82.21403503 29.83513832
-33.58024597 81.84003448 29.45213699
-27.43624687 82.05003357 10.57513714
-40.33324432 73.46403503 37.46514130
-25.10324669 75.83103943 33.21313858
-26.92724419 83.90303802 9.57113647
-27.10924721 83.94203186 9.64913750
-40.76624298 83.90803528 19.48513794
-40.57225037 84.04603577 18.91113853
-26.57024574 74.32503510 22.78113747
-28.07124519 76.14903259 8.99813652
-27.93724632 76.87603760 9.15713692
-20.65424538 70.56003571 4.29313707
-20.33024406 70.97003174 4.30213690
-27.49024773 76.86103821 22.07013702
-26.35924721 65.55703735 25.69913673
-45.22824860 72.88403320 18.62513733
-29.69324684 83.39303589 25.02013779
-29.72624779 83.59204102 25.07713699
-45.43024445 73.28603363 18.62613678
-45.52924347 73.56404114 18.02413750
-23.66424751 79.57303619 37.85514069
-20.59324455 82.36303711 7.51213694
-33.63824463 84.76503754 44.46113968
-33.46624756 84.78403473 44.50714111
-43.18724823 79.94703674 35.66714096
-26.95224571 79.05903625 30.97613716
-36.20924377 69.37103271 25.65013695
-28.35224724 67.02103424 20.63313675
-28.70624733 72.68103790 21.91113663
-28.92524529 72.49803162 21.79613686
-28.66224480 68.79703522 25.53413773
-28.76324654 72.66503906 21.61613655
-28.61424446 72.84503174 21.73413658
-32.99624634 82.38103485 30.48613739
-33.46824646 82.14703369 29.86413765
-27.51124763 74.07503510 20.16513634
-27.47424507 74.01703644 19.97813797
-34.77724457 82.00203705 30.40013695
-40.80024719 69.62103271 20.48013687
-35.63624573 67.12103271 20.03413773
-26.51124763 74.17703247 31.06013680
-34.21224976 85.49703979 5.07813692
-34.49824524 82.13203430 30.57213783
-34.34924316 82.21903992 30.43713760
-46.03724670 76.11503601 17.38713837
-42.69924927 83.92203522 4.66413689
-24.49924660 69.83403778 7.85413694
-20.36524391 84.12303162 6.46813679
-20.10924530 84.02703857 6.31313705
-26.62124443 73.34303284 9.53013706
-27.12924767 73.57603455 9.47813702
-26.42524529 73.23003387 9.58713722
-20.81724739 71.19403076 7.77113724
-21.19124413 71.61003113 7.82213688
-32.13224792 81.89303589 29.13813782
-26.61524773 67.29503632 32.29513931
-24.34324455 79.67604065 44.41614151
-24.30324745 79.18503571 44.86914063
-28.51624489 85.20103455 39.74214172
-27.07124519 79.67203522 24.05413818
-28.46024513 70.41304016 34.93413925
-24.99424553 75.06703186 31.20313835
-26.71124458 79.80603790 24.48113823
-25.15324593 71.10803223 9.41513729
-24.35324669 76.21704102 45.63314056
-21.36924553 85.49403381 18.99613762
-21.25924492 85.14703369 18.97313690
-28.83924675 84.45303345 5.59213734
-29.45324516 66.24603271 17.28813744
-28.97124672 66.24703979 16.84513664
-28.65524483 66.27703857 16.56713676
-31.69024467 84.97003174 10.83313751
-24.05524635 66.27903748 16.21213722
-23.63924599 66.16503906 16.41713715
-19.18024635 82.04904175 3.36513686
-19.08024597 81.76503754 3.55813694
-35.45724487 85.78003693 19.67613792
-36.30324554 84.78103638 19.57213783
-36.15524292 84.87103271 19.55113792
-40.17224884 75.65303802 33.10213852
-26.47824669 72.60503387 39.61513901
-27.18424797 71.48403931 39.46414185
-40.64924622 74.13703918 28.86713791
-40.45424652 74.05803680 29.20313835
-41.48524475 82.42604065 24.81913757
-41.59624481 82.22403717 25.12813759
-27.21724510 72.41103363 16.56813812
-40.06624603 75.37603760 33.17213821
-39.87624359 74.57203674 32.43313980
-41.39124298 69.85803223 20.06113815
-34.17024994 83.80803680 34.89113998
-27.15024757 72.12203979 16.30313683
-30.75024605 86.29103088 44.30113983
-27.84024620 84.65403748 35.26514053
-28.07624626 84.36903381 35.57114029
-29.39224434 83.71803284 20.93113708
-36.93024445 84.21203613 38.51913834
-36.62424469 84.41803741 38.67613983
-26.01924706 78.48603821 42.00614166
-22.35024452 71.33303833 7.67813730
-39.60824585 71.78003693 27.54713821
-28.50424767 82.10003662 32.61214066
-24.43024635 79.27503967 45.26013947
-24.72524452 78.71403503 45.56713867
-26.91124535 81.78703308 14.67613792
-39.61124420 72.28703308 28.04713821
-37.87924957 82.88504028 26.90913773
-30.48424721 82.62103271 21.41913795
-44.28324890 74.29103088 39.71614075
-44.30124664 75.14804077 39.00214005
-26.76624489 73.24504089 16.64213753
-26.74524498 73.31103516 16.48313713
-35.45724487 70.54303741 7.61213732
-35.01624298 70.45103455 7.29313707
-20.09324646 81.40503693 7.68313694
-20.53224754 80.85504150 7.73213720
-35.84524536 70.74003601 7.43613720
-20.38924599 81.07904053 7.72513723
-29.46724510 69.48303223 44.55414200
-41.40024567 77.68403625 6.61013699
-41.15424347 78.03303528 6.84213734
-40.43424988 76.45903778 31.53913689
-40.46024323 75.99903870 31.12113762
-40.33824921 76.33803558 31.73413849
-40.39324951 76.23303223 31.55613708
-27.15424538 72.59403992 17.58013725
-28.36024666 70.44003296 44.81314087
-41.19124603 78.41203308 6.79013729
-28.71524620 70.30803680 14.27713776
-26.54924583 68.79303741 29.42613792
-26.97324562 68.82103729 29.36913681
-40.94924927 78.95503235 7.00413704
-24.63324547 84.68403625 27.47413826
-39.31224823 73.53303528 31.80313683
-22.12024498 78.78203583 7.28713703
-25.95724678 77.59503174 30.58613777
-27.94224739 65.62603760 29.25413704
-32.53324890 85.96504211 44.88214111
-32.65424347 86.11703491 44.78314209
-27.63724709 78.88703918 35.66313934
-21.80524635 78.63603210 7.15813684
-35.35524750 86.41603088 43.40814209
-22.04224586 78.61203766 7.13513708
-27.48824501 76.18703461 20.89613724
-27.45124626 75.29503632 20.69313812
-27.40724754 75.83203125 20.65313721
-24.78024483 87.18403625 18.13813782
-25.26724434 87.24103546 19.27113724
-34.83124542 86.42404175 43.76613998
-27.33424568 75.53303528 20.37413788
-41.75325012 80.91203308 10.96913719
-41.68524933 80.18603516 10.29113770
-19.94824600 83.80303955 6.35913706
-27.35924721 75.71103668 20.40113640
-27.36624718 75.56503296 20.53113747
-33.84724426 68.13903809 35.24514008
-23.76524544 84.86203766 4.65213680
-26.49024773 79.20303345 8.54913712
-35.11425018 82.62703705 33.35113907
-35.14424896 82.73603821 33.49113846
-26.44124794 77.57203674 11.26113701
-26.68224525 77.88203430 10.90513706
-28.55024529 86.43003845 35.44313812
-28.77324486 86.57803345 35.33713913
-28.74624443 82.79203796 41.02214050
-28.43724632 82.53903198 40.49214172
-29.06024742 83.09204102 40.59814072
-39.90424347 73.85803223 30.22513771
-39.96224976 74.04603577 30.49113846
-25.38524437 84.46704102 8.19213676
-26.49824715 76.41603088 36.90214157
-26.04524422 87.15703583 17.13813782
-27.27124596 79.13403320 8.67313766
-27.41324425 79.07904053 8.73613739
-26.53424644 80.41703796 12.43613815
-26.13924599 76.24403381 37.01713943
-32.75325012 81.85403442 24.51113701
-33.48124695 81.98303223 25.11513710
-43.18424988 70.28303528 3.89113688
-25.36524773 75.91903687 37.23514175
-25.38224602 76.91503906 37.25313950
-25.03824425 76.24504089 37.32213974
-29.48324776 69.33603668 32.29513931
-25.23124504 69.85103607 15.16913795
-25.76224709 69.96903992 15.05713654
-25.93924522 76.49003601 37.07114029
-25.73424721 76.67303467 37.12913895
-25.64924431 77.49603271 37.18413925
-27.75424767 80.35704041 24.69313812
-37.54024506 69.23204041 37.91714096
-37.48524475 69.34903717 37.86314011
-24.02124596 86.28003693 16.79513741
-34.39724731 85.26603699 12.22113800
-37.50424957 84.01303101 9.34813690
-31.79924583 66.08103943 37.25814056
-21.70324516 84.04103088 21.39813805
-21.80424690 83.73204041 21.46313667
-21.68624687 83.35203552 20.89913750
-33.12825012 68.51004028 5.25113678
-33.41024780 68.45103455 5.22113705
-22.85424614 74.75603485 6.64813709
-31.15824699 68.42103577 44.69013977
-34.14724731 87.10504150 41.27214050
-34.13224792 87.13504028 40.31013870
-44.25325012 82.18803406 4.52713680
-39.89124298 85.15803528 25.00913811
-39.74024963 85.21103668 25.39213753
-31.86224556 84.36003113 44.74613953
-27.78324699 86.49803162 16.21113777
-28.04124641 86.50503540 16.23613739
-20.18224525 73.29103088 6.99813700
-27.69724464 78.47803497 9.16613770
-27.62924767 78.63603210 9.26413727
-27.52524757 78.38703918 9.55113697
-32.16724396 84.55303955 44.98413849
-31.84624672 84.43703461 45.01314163
-24.19524574 76.90803528 31.91413689
-26.50124550 83.75804138 39.94614029
-26.58824730 83.86903381 39.04314041
-31.21624565 66.67403412 28.91913795
-31.21724510 66.51603699 29.08613777
-26.29524422 83.54803467 38.31113815
-26.27624702 83.55903625 38.78414154
-21.92124748 85.73803711 17.72213745
-22.06224632 85.51403809 17.50913811
-21.93024635 86.05503845 17.88313675
-22.14524651 86.02903748 17.61513710
-25.88024712 83.14703369 39.74514008
-40.96924591 69.27503967 37.77214050
-40.65625000 74.69303894 6.78413677
-40.78024292 75.45703125 7.02413702
-40.77524567 69.35003662 36.90813828
-32.79824829 69.31503296 13.50013733
-28.03124428 77.55403137 7.42213726
-27.97124672 77.16803741 7.22713709
-31.85524559 69.31003571 8.78813744
-43.57024384 77.73503113 12.30413818
-25.74224663 69.67603302 22.71513748
-40.81624603 83.22603607 23.14513779
-32.28224945 67.49403381 20.26313782
-34.82024384 82.95903778 34.14213943
-34.80024719 83.18703461 34.69913864
-35.58524323 70.31803894 32.27713776
-27.50224495 75.86503601 9.92313766
-22.80824471 70.45003510 19.46213722
-35.75124359 70.32103729 32.33813858
-35.55824280 70.26303101 32.43813705
-28.39024544 87.07003784 19.11013794
-30.45224571 86.17003632 3.15713692
-22.08924675 68.82803345 7.24413729
-21.79724693 68.84303284 7.27913713
-23.01924706 70.63504028 19.00313759
-23.19624519 70.59603882 19.14213753
-39.34224701 80.68103790 35.05513763
-44.23124695 78.84003448 23.84213829
-44.59924316 78.80303955 23.29713821
-39.02824402 80.52903748 34.97013855
-19.59824562 72.53203583 4.27213669
-19.45624542 72.69104004 4.09213686
-31.05424690 69.25503540 9.59513664
-37.20224762 81.64503479 33.95413971
-37.14124298 81.84703827 34.07513809
-25.52224541 77.57003784 30.89113808
-39.46024323 80.99803162 28.01213837
-19.67024612 73.07603455 4.42213678
-37.13424683 81.72503662 33.76213837
-25.56824684 77.55603790 31.18913841
-40.55424500 80.41203308 27.68813705
-40.59424591 80.60203552 27.52613831
-40.45824432 81.95103455 10.13413715
-40.77124786 81.65103149 10.33713722
-40.58124542 81.94503784 10.34013748
-27.32824516 85.95404053 4.27713680
-32.85524750 86.54403687 20.57713699
-32.47024536 86.65603638 19.91213799
-28.63824654 68.47203827 35.59814072
-24.39624596 81.20103455 38.76713943
-27.03524590 82.03503418 23.16013718
-18.84924507 78.51004028 3.82113695
-28.06624794 83.76903534 14.50013733
-27.40824699 81.95603943 22.53113747
-26.14924431 75.28703308 44.20613861
-33.56724548 82.41703796 31.13513756
-40.17524719 76.96403503 32.33413696
-26.35024452 82.50403595 9.98813725
-26.55724525 80.87803650 16.89913750
-23.15624428 76.06203461 38.15914154
-23.18224525 75.58203125 38.39113998
-36.13924408 70.69903564 33.56213760
-19.65124512 71.27603149 3.96813679
-40.67224884 68.07703400 42.30614090
-36.05824280 70.65303802 33.86113739
-35.81124878 70.41603088 33.75814056
-25.43724632 72.69703674 24.41613770
-25.14224434 73.08803558 24.36913681
-30.07324791 66.59003448 43.85013962
-30.32724571 66.48903656 43.80614090
-22.24424553 67.58403778 22.43113708
-22.53724480 67.22203827 23.02313805
-26.98824501 72.99504089 16.89213753
-43.56424713 82.92404175 4.99113703
-31.73624611 85.07704163 15.29413795
-23.73924446 75.07103729 6.03713703
-28.58024788 83.33903503 12.87013817
-28.47924614 83.09603882 12.35813713
-30.20224571 69.03603363 40.32913971
-29.80224800 69.23703766 40.01613998
-29.58224678 83.77203369 11.69613647
-24.39024544 74.85003662 6.47913694
-38.66324615 76.79503632 37.77214050
-39.07424927 76.65803528 37.71614075
-38.84024811 76.68403625 37.71913910
-31.76724815 68.59203339 31.46713829
-32.08224487 70.15403748 29.15413857
-26.61624718 76.73603821 35.09313965
-29.10124779 84.15803528 23.44513702
-28.95124626 84.00103760 22.92313766
-27.21924782 75.69003296 20.08413696
-40.19524384 76.24203491 33.71714020
-35.18324280 81.51403809 28.92313766
-22.52724648 82.43703461 17.76513672
-20.84324455 69.96503448 7.52013731
-20.55024529 70.81203461 7.60513687
-20.70824623 70.81303406 7.68813705
-39.67924500 72.13103485 34.77413940
-22.67124748 82.29003906 17.77913666
-22.76624489 82.32103729 17.59913826
-37.08924866 84.32203674 42.26813889
-29.90924644 84.98103333 8.83613777
-27.45424461 87.16503906 21.55213737
-31.16424751 66.36403656 29.21413803
-41.54324341 79.31903076 37.85213852
-41.70324707 79.09903717 38.05614090
-41.82624817 78.69703674 37.99613953
-37.23824310 81.11603546 32.28113937
-30.37724495 69.11903381 9.01713753
-31.07024574 86.55203247 43.69614029
-44.74024963 79.76103210 5.37213707
-27.29824638 76.60603333 22.29713821
-27.42524529 76.46103668 22.07713699
-30.38424492 69.06604004 8.63313675
-19.28324509 76.92003632 3.95713687
-21.26324654 84.26803589 4.94013691
-27.06124687 76.56503296 22.43913651
-30.31024742 69.01903534 8.10313702
-27.12424660 75.85203552 22.32613754
-26.87224770 75.94603729 22.50013733
-36.84724426 85.97703552 4.23413706
-36.14024353 86.08503723 3.86213684
-36.86324310 85.97703552 3.85113692
-27.13724709 80.06103516 24.57113647
-26.64724541 73.71503448 13.56913757
-26.60624504 80.05503845 24.94013786
-24.11024666 83.93603516 8.40113735
-39.49524689 67.23003387 42.94113922
-38.99424744 66.93503571 43.11314011
-38.57824707 72.86403656 32.96213913
-27.58924675 74.03003693 8.80613708
-24.21124458 84.22203827 8.08613777
-23.92124748 83.99703979 8.17313766
-24.07424736 84.25703430 7.85513687
-39.05424500 73.29703522 33.17913818
-27.50424767 74.15203857 8.25413704
-28.97424507 69.83603668 27.75313759
-41.84724426 77.18303680 27.60213661
-42.21924591 81.67703247 35.53713989
-27.25224495 79.87004089 10.15113735
-27.21124458 79.53703308 10.17113686
-27.25224495 79.36603546 9.96713734
-36.76725006 84.53203583 44.33613968
-42.79124451 80.82503510 24.45813751
-41.89524841 77.96603394 27.41813850
-42.06224823 77.81604004 27.22413826
-21.48124504 67.87803650 3.21913695
-40.93924713 77.52803802 7.14813709
-27.42924690 65.70603943 22.20113754
-25.46024513 86.19303894 28.33313751
-38.88424683 68.70403290 35.28013992
-33.15324402 68.29503632 33.37913895
-36.39624786 82.66803741 33.99113846
-21.41924477 67.95503235 3.60113692
-39.28224945 84.20503235 35.64313889
-27.22724724 78.67403412 7.74813700
-30.90924644 81.28103638 23.04813766
-36.56524658 67.96003723 4.03913689
-36.55524445 67.96803284 4.26113701
-26.78324699 68.71503448 30.53013802
-37.96624756 69.48803711 26.66713715
-37.93424988 80.93603516 33.80714035
-37.79524994 81.02304077 33.97314072
-36.93624878 69.91703796 26.57513809
-37.10524750 69.76503754 26.56913757
-37.49324799 69.69703674 26.66413689
-39.86425018 82.66903687 42.71113968
-37.04424286 70.98603821 27.32913780
-31.49524498 67.71003723 15.86913681
-26.04424477 69.53703308 8.68013763
-32.86924744 69.70103455 31.76313782
-33.00724792 69.82203674 31.59313774
-31.08724785 70.08003235 28.03913689
-42.36524963 79.00903320 35.10713959
-19.44624519 82.72303772 3.66713691
-27.51724434 81.66203308 30.47613716
-24.46524620 77.23204041 31.85313797
-24.60824776 77.15403748 32.10213852
-32.87224579 84.22203827 34.00013733
-32.66024780 84.18003845 33.63213730
-26.87824440 76.69003296 19.19613647
-26.89624596 76.35603333 19.09413719
-33.32124329 68.74203491 34.65613937
-33.36724854 70.25103760 31.49413681
-33.55524445 70.52203369 31.46513748
-22.64924431 65.90903473 17.28513718
-26.62024498 76.37403870 18.47113800
-33.46024323 70.37004089 31.35613823
-24.97624779 73.08703613 24.53513718
-37.12624359 68.22803497 25.33313751
-37.70224762 68.32003784 25.74713707
-42.07324982 83.18803406 43.60113907
-41.79224396 83.48004150 43.67713928
-35.04224396 84.40003967 38.52714157
-32.97624969 84.48903656 38.81914139
-33.87624359 84.62203979 38.74013901
-25.70724678 85.82103729 16.04513741
-24.93924522 71.98803711 25.74913788
-32.90524292 84.26004028 5.89513683
-32.55524445 84.32503510 5.81213665
-34.88924408 84.09204102 5.92413712
-29.76424599 83.98204041 25.31513786
-42.04624939 76.31903839 27.30713844
-30.89424706 84.19403839 39.32913971
-30.60224724 84.07503510 39.52613831
-42.41224670 76.30403137 26.85113716
-19.61824608 71.11103821 3.75013685
-40.41824341 84.70603943 5.17913723
-42.28724670 75.97603607 26.97313690
-41.90525055 76.21003723 27.51613808
-31.31024742 67.77303314 19.82513809
-37.28724670 71.81803894 33.04713821
-37.03524780 82.01703644 33.83913803
-41.30825043 69.00503540 3.69113684
-37.75325012 72.13403320 32.99113846
-37.48324585 71.99003601 32.99013901
-37.50624847 83.26903534 6.96513700
-41.16024780 68.92803955 3.80613685
-44.46024323 71.95103455 20.19113731
-44.67924500 72.18603516 20.11513710
-31.74724770 70.67303467 27.76113701
-37.50124359 85.80303955 38.32014084
-41.41925049 68.96403503 4.12213707
-34.21024323 70.36903381 29.67813683
-36.26624298 68.33203125 5.13313675
-36.63224792 68.51103210 5.24113703
-34.14824677 69.75703430 32.87313843
-34.32224274 69.81604004 32.98114014
-27.51624489 70.32703400 19.92313766
-27.11424446 70.36503601 19.80313683
-35.51024628 84.98403931 17.51113701
-45.94124603 78.55903625 17.71113777
-45.86325073 79.09603882 18.28813744
-26.74124718 75.48204041 34.60313797
-21.42424583 69.41603851 5.27913666
-38.00224304 68.03403473 25.57813835
-21.35224724 69.28903198 5.45713711
-21.22724724 69.37903595 5.50013733
-40.62124634 71.55003357 38.15414047
-30.59924507 86.17003632 16.27913666
-29.47624779 83.85203552 34.29813766
-29.89324760 83.85903931 34.17613983
-44.08625031 79.37303162 23.73413658
-43.62324524 80.13803101 23.82813644
-34.72024536 86.84603882 43.19213867
-34.84424591 86.91803741 43.10913849
-42.16424561 69.46403503 42.33214188
-36.27224731 84.60803223 40.99514008
-43.84424591 78.88403320 24.38913727
-25.71024513 68.71003723 28.51913834
-25.79624748 68.61603546 29.01613808
-25.39224434 68.85603333 27.45913696
-22.26624489 76.73303223 5.56913710
-41.84024811 69.03503418 43.19414139
-22.94924736 68.33503723 6.82313728
-22.80924416 68.16903687 6.76813698
-22.54224586 76.37903595 5.59413719
-22.17424583 76.48403931 5.52413702
-22.46124458 76.54203796 5.55113697
-28.74224663 65.69003296 26.18113708
-19.47524643 75.94403839 4.08313704
-26.86624718 74.66803741 36.73213959
-42.87324524 70.28804016 42.93814087
-26.65624428 72.44003296 36.85213852
-26.99524498 73.54903412 36.69514084
-28.48524666 70.78603363 33.81113815
-21.47024727 85.49203491 19.87213707
-21.59124565 85.53503418 20.28813744
-25.11424446 81.51203918 44.02614212
-25.01324654 81.56103516 43.15713882
-28.05624580 70.91003418 32.85413742
-28.54224586 71.04603577 34.06513977
-37.53324890 81.48803711 34.41814041
-26.90324593 71.89903259 16.36413765
-25.63924599 83.81103516 28.21413803
-26.29224586 86.96403503 27.21013832
-26.35424614 86.87703705 27.45913696
-26.27624702 86.85704041 27.65113831
-43.28424835 83.28804016 3.61913681
-22.05724525 82.32303619 7.30413723
-45.31324768 76.99103546 22.76413727
-22.96024513 84.78303528 24.13813782
-25.24624443 65.61303711 19.57613754
-25.14224434 65.58903503 19.87913704
-25.57124519 65.62803650 19.53913689
-28.29924583 87.11003113 29.49913788
-27.44524574 72.97503662 22.81313705
-27.29724693 72.80003357 23.06213760
-27.82224464 72.72303772 22.75513649
-35.19124603 85.02003479 17.65413666
-34.84424591 85.02304077 17.62913704
-38.27124786 85.24504089 25.76113701
-38.63224792 85.22703552 25.86813736
-38.73524475 85.07603455 26.22513771
-41.71724701 79.43904114 38.75014114
-41.74724579 79.51303101 39.53913879
-26.93224525 73.20903778 15.67613792
-27.00824547 72.99603271 15.64713669
-23.74724770 68.97803497 24.64313698
-23.57524681 69.21003723 23.87813759
-21.30524635 68.51203918 5.90213680
-23.66324425 68.85803223 24.73213768
-26.08524513 79.15503693 14.03113747
-31.26524544 81.68904114 28.30513763
-27.22524452 68.41304016 42.95914078
-32.79124451 70.82403564 27.90513802
-32.43024445 70.71603394 27.25813675
-32.29024506 70.81604004 27.91213799
-27.74624443 77.38203430 21.20513725
-27.86824608 77.99303436 21.34513664
-26.11224556 79.42003632 13.73813820
-27.40224648 81.44203186 36.68413925
-28.07024574 81.54703522 36.47113800
-38.78524780 83.67303467 43.93814087
-40.87324524 76.08103943 7.08913708
-24.29724693 80.67203522 41.03913879
-43.33625031 81.67503357 42.91913986
-39.27824402 73.85103607 34.08713913
-25.04524422 74.62203979 23.88913727
-25.14924431 74.28403473 23.90313721
-38.42924500 85.89203644 42.11114120
-38.78724670 85.79003906 42.61914063
-36.05024719 85.76103210 36.64113998
-41.48324585 76.76303101 28.25613785
-33.58024597 81.65603638 27.68813705
-19.48124504 80.90003967 5.66613674
-27.29624748 71.88203430 24.02313805
-21.21624565 84.18003845 18.48613739
-33.12624359 81.63103485 27.31613731
-35.78724670 67.86903381 4.27313709
-42.63324738 72.30503845 5.61713696
-42.17424774 71.97503662 5.65713692
-42.39324951 72.69104004 5.70613670
-27.24124718 68.75203705 8.35013771
-42.94424438 75.16803741 43.16313934
-42.98824310 75.58003235 43.24713898
-34.63224792 69.92103577 33.23513794
-34.80624390 69.97903442 33.30313873
-20.83324623 73.75803375 5.58113670
-20.79724693 73.48403931 5.49513721
-28.85924721 70.85603333 13.33213806
-43.08124542 75.33203125 43.25413895
-42.98524475 75.00703430 43.21913910
-35.17424774 67.24903870 37.64014053
-39.09424591 83.20503235 39.01713943
-39.68325043 74.23503113 32.56213760
-24.97524452 66.72503662 3.72113705
-24.85124779 66.85903931 3.86913681
-30.07524681 65.92003632 27.94013786
-28.15124702 69.72103882 36.59814072
-41.44124603 77.32904053 34.93313980
-41.13124847 73.83303833 27.76413727
-41.51924896 74.04803467 27.40613747
-39.82824707 83.50503540 35.51414108
-43.28924561 81.43904114 40.81214142
-38.06724548 68.39903259 21.25413704
-38.05324554 68.61903381 21.19713783
-33.71824646 69.00103760 34.54513931
-34.03224945 68.85503387 34.80113983
-38.40824890 68.89003754 20.81713676
-37.97924805 68.72503662 20.86813736
-29.57824516 86.34603882 25.43213654
-34.22424316 69.37103271 24.17813683
-34.39124298 85.66903687 44.23313904
-24.64624596 78.69203186 6.96613693
-24.55724525 78.82603455 7.15213728
-40.26725006 84.08603668 19.81913757
-41.61724854 79.14903259 6.23713684
-20.55624580 73.11903381 5.03813696
-20.58824730 73.44104004 5.12813711
-24.93824577 78.82203674 7.20913696
-26.14024544 82.00003815 37.08514023
-26.48724556 81.40803528 36.96213913
-20.49524498 73.30403137 4.91113710
-24.69924736 68.95303345 6.91713715
-30.01824760 86.83903503 36.81613922
-29.36224556 86.55703735 38.80514145
-40.90824890 78.14804077 7.52013731
-40.91224670 77.82603455 7.59613705
-29.55024529 68.43103790 15.01513672
-26.52924538 81.66503906 21.27213669
-26.85024452 81.68803406 21.34313774
-39.41724396 72.19903564 34.78713989
-28.82924461 83.10803223 11.28713799
-23.97024727 76.73603821 31.55613708
-23.95924568 76.50403595 31.42513847
-23.75424767 78.55003357 42.48213959
-23.96324730 79.57904053 41.92613983
-34.20224762 84.37403870 7.16713715
-27.26124763 83.13803101 14.55913734
-27.46224785 83.33303833 14.50313759
-21.86224556 68.22303772 3.97313690
-21.66024590 68.39303589 3.95713687
-28.44524574 70.17503357 33.18813705
-27.21824455 83.92604065 44.77714157
-19.56724548 83.09703827 3.64813685
-43.73324585 79.28604126 5.71413708
-27.62024498 65.58503723 27.01713753
-19.26924515 80.08703613 4.26913691
-28.85624504 82.66104126 25.80313683
-26.98524666 70.84003448 19.07013702
-19.37324524 80.44903564 4.25913715
-19.15124512 80.37004089 4.09813690
-39.31424713 80.21803284 29.51213837
-39.20124817 79.86203766 30.70213699
-25.47124672 85.93403625 4.21313667
-25.36024666 86.00603485 4.10013676
-28.11524773 65.98303223 22.02713776
-27.99624443 65.92603302 21.75513649
-28.01724434 66.16003418 21.15213776
-28.27024651 65.61503601 27.87613678
-28.43724632 65.65603638 27.74313736
-27.52424431 81.02703857 10.66113663
-27.76024437 66.03103638 32.83514023
-28.56824684 65.63303375 27.63413811
-28.33224678 65.61303711 27.50913811
-28.58224678 65.62603760 27.92613792
-33.09624481 66.85503387 32.58113861
-26.54224586 75.37403870 11.78113747
-40.71125031 83.94603729 15.78813744
-40.47724915 84.01303101 15.44013786
-28.36224556 84.08503723 35.98313904
-21.66524696 81.53804016 7.49913692
-21.39124489 81.65903473 7.51413727
-27.61624718 75.16703796 10.05813789
-26.11824608 86.12803650 3.32513690
-41.34124756 82.62004089 26.31813812
-41.48024750 82.52203369 25.93213654
-31.75324440 70.21903992 22.74813652
-31.93824577 69.70503235 22.48413658
-41.75124359 81.59803772 25.51613808
-31.56724739 68.44503784 40.64514160
-44.96624756 76.12103271 4.94113684
-37.69924927 77.12603760 37.87014008
-41.61224365 81.79603577 25.81513786
-41.64924622 81.93403625 25.61413765
-39.58724976 85.34004211 44.03213882
-27.52824593 71.04703522 14.53713799
-27.29124641 70.99403381 14.64713669
-41.66925049 71.06203461 35.19213867
-25.31724739 81.54803467 37.24214172
-25.79724693 81.08903503 37.13814163
-20.37524605 70.76004028 7.38113689
-27.54724693 71.96903992 23.78613663
-27.99824715 72.05003357 23.38513756
-27.56924629 72.24203491 23.45213699
-41.85324860 71.38403320 35.15314102
-41.86224365 71.22403717 35.22914124
-40.15524292 82.41603088 10.26213741
-27.74124718 87.00203705 29.80413818
-22.29024696 86.54904175 18.10413742
-22.69724464 86.69003296 17.83913803
-22.54324532 86.68503571 18.08513832
-26.50224495 80.67403412 13.90913773
-39.89924622 82.79403687 10.41813660
-40.04024506 82.83603668 10.69013786
-40.13324738 82.56103516 10.49213791
-37.73724365 81.98503113 35.10713959
-36.08124542 82.23303223 31.92013741
-35.85025024 82.19403839 31.87713814
-36.54024506 82.22003174 31.81213760
-40.28824615 82.41403198 10.48113728
-28.80224800 71.19503784 12.61213684
-28.75424767 71.34803772 12.41013718
-35.80224609 82.23103333 32.13314056
-24.10024452 86.95603943 17.40813828
-39.80124664 83.06404114 43.96113968
-42.58224487 75.15303802 41.62414169
-36.40524292 68.40703583 40.21313858
-35.67024994 82.31003571 32.29413986
-35.46624756 82.28103638 32.32913971
-27.10824776 81.32803345 12.01113701
-32.72024536 86.23503113 3.92313695
-28.47324562 68.99303436 24.24713707
-28.04624748 69.23103333 23.73413658
-33.65424347 70.43403625 29.74313736
-33.55124664 70.40103149 29.88913727
-27.08624458 81.39503479 12.26713753
-27.03924751 81.21903992 12.43013763
-32.83324432 86.24703979 4.11013699
-33.02424622 86.21903992 4.25413704
-28.95824623 67.54303741 39.45413971
-27.23224449 71.40103149 39.72613907
-28.97424507 82.64804077 39.16513824
-28.47424507 82.37703705 39.27613831
-26.40324593 77.92103577 17.49913788
-24.84224510 76.81703186 27.32313728
-27.96624565 79.11003113 20.68613815
-28.02624702 78.81303406 21.15713692
-27.94124794 78.91403198 20.86713791
-35.55124664 66.24403381 42.69013977
-36.45924377 70.83803558 32.81613922
-29.81324577 70.68303680 12.31313705
-44.24824524 72.87503815 4.72513676
-44.30524445 73.08703613 4.87413692
-39.22724915 72.45903778 28.82913780
-32.50124359 69.72403717 31.05113792
-36.92424774 82.15703583 26.74513817
-23.58924675 82.56203461 16.68213844
-38.12924957 67.60703278 37.99013901
-38.43024445 67.65503693 38.20314026
-38.46624756 67.93203735 37.07913971
-38.26924896 67.55103302 38.27814102
-24.79024696 80.93403625 43.92914200
-23.64024544 81.69703674 18.05313683
-38.67924500 72.11903381 34.71213913
-38.84524536 72.30803680 34.73313904
-27.49624443 80.69104004 30.82913780
-39.24724579 69.31003571 15.27013779
-39.35124969 69.50003815 14.61013794
-28.67424583 86.03403473 23.01513672
-42.45624542 72.83203125 12.52513695
-41.82225037 72.18703461 12.35813713
-30.07124519 65.98503113 35.79013824
-29.96824455 65.93803406 35.36714172
-26.33724785 75.06404114 16.87713814
-30.45524788 84.12903595 27.28013802
-30.65924644 84.22603607 27.73113823
-22.23624611 69.95803833 20.14713669
-26.28424644 75.07503510 16.42113686
-26.42024422 74.67703247 16.91113663
-41.01124573 78.45803833 34.91114044
-40.83625031 77.99504089 34.92813873
-41.00624847 78.02903748 34.94614029
-26.30824471 75.40903473 16.88113785
-26.29224586 75.38504028 16.58213806
-26.07624626 66.13303375 16.32113838
-25.88824654 73.75903320 29.61113739
-26.03124428 74.24403381 30.07113838
-26.20424461 75.53103638 16.21713829
-34.87924957 67.71403503 4.67813683
-25.16024590 70.67604065 18.67113686
-30.58124733 68.36003113 28.65513802
-30.04824638 68.52403259 28.22513771
-29.38624763 68.53703308 26.22613716
-30.18824577 68.43003845 28.07813835
-25.49424553 70.66403198 18.80513763
-30.21024513 69.78403473 14.22513771
-33.01824951 66.34103394 33.76613998
-32.67724609 66.27903748 32.79713821
-32.72724915 66.24503326 33.25513840
-30.34224510 69.42403412 9.81313705
-28.11724663 70.14903259 9.81813717
-28.28524590 70.25103760 9.95513725
-27.10524559 78.35803223 19.23813629
-23.30524635 68.10503387 4.79413700
-23.61824608 68.10704041 5.15513706
-23.19424629 68.12703705 4.94713688
-23.52724648 68.13303375 4.92013693
-23.37324715 85.59403992 3.53313684
-44.00824738 72.30403137 4.72313690
-36.81024933 71.74203491 31.41813850
-36.72525024 71.76103210 31.14913750
-36.76224518 71.66603088 31.54713821
-35.25424957 84.71603394 44.23413849
-44.17024994 72.86403656 4.83313704
-28.73924446 71.46903992 11.27013779
-25.58124733 74.35303497 7.29913712
-25.65124702 74.67903137 6.86713696
-31.03024483 69.42303467 14.45613670
-27.54924583 70.11803436 9.58713722
-45.35824585 73.17604065 19.32213783
-42.56124878 80.60504150 25.04613686
-44.93624878 72.38103485 18.79613686
-24.44024467 80.17103577 44.01813889
-24.23724556 74.30003357 25.02013779
-24.21824455 74.35303497 25.24213791
-45.18824768 72.91703796 19.42213631
-45.16624451 72.81303406 19.14513779
-20.85124397 69.50803375 5.82213688
-20.92424583 69.93303680 5.56413698
-20.72424507 69.66304016 5.89013672
-45.26424408 73.04003906 19.66513634
-45.07624817 72.83703613 20.34013748
-32.84824371 67.50503540 3.61913681
-26.43524742 79.40103149 45.54214096
-26.73324776 80.02703857 45.49813843
-32.14724731 69.66703796 12.57113647
-45.16624451 79.81604004 16.88113785
-39.87124634 83.17404175 27.30113792
-40.09624481 83.82704163 27.03713799
-39.35025024 83.09204102 42.18513870
-44.10124969 82.13803101 3.26013684
-38.38424683 71.79603577 37.65914154
-37.78824615 72.34903717 37.72914124
-23.74324608 73.37303162 37.68814087
-21.65324593 69.39903259 4.87113667
-21.73124504 69.25203705 4.71813679
-25.82224464 71.14003754 17.81813812
-36.69624329 66.37303162 42.40414047
-36.61124420 66.28804016 42.73014069
-26.94224739 80.28303528 30.10413742
-27.10024452 84.20204163 32.32613754
-27.45324516 84.02203369 32.73413849
-25.67124748 75.37803650 40.99713898
-25.75224495 75.70903778 41.77413940
-25.67724419 76.30104065 41.42914200
-19.85224533 82.55203247 5.50513697
-39.94024658 72.99903870 28.63713837
-40.29324341 73.22303772 28.37913704
-39.88924408 72.77203369 28.39113808
-38.61824799 81.18103790 35.05413818
-26.77024651 79.80003357 43.92414093
-27.20424461 72.10203552 44.44514084
-27.67824745 71.34703064 44.58813858
-26.59824562 80.90003967 18.06413841
-36.05124664 70.68103790 26.49113846
-40.16724396 74.05303955 7.68013716
-27.10324669 80.01803589 30.60913849
-29.70124626 69.24103546 44.77313995
-42.89324951 81.29103088 43.43914032
-43.09724426 81.38103485 43.28213882
-34.26224518 70.45503235 29.48913765
-34.48824310 70.50803375 29.50513840
-20.19224739 83.64604187 3.99313688
-35.76424408 68.16903687 42.01314163
-35.43524933 68.13703918 41.61114120
-35.16624451 68.07603455 42.41014099
-31.58424568 70.41403198 28.42213821
-31.65524483 70.48503113 28.44713783
-26.14624596 78.93103790 12.79213715
-46.06824493 78.45903778 18.73813820
-46.13524628 78.06803894 18.66613770
-26.22124672 78.92604065 12.46313667
-37.82024384 81.15003967 29.09513855
-31.31524467 70.00503540 11.70513725
-41.35724640 78.86903381 27.78513718
-36.91624451 84.99703979 20.42313766
-28.83824730 68.71903992 20.42613792
-35.92424774 68.61103821 38.09114075
-35.20524597 68.30003357 38.58514023
-24.10024452 79.24504089 7.74813700
-28.71324730 81.66203308 35.37113953
-26.72824669 69.07703400 37.88513947
-26.80724525 68.93303680 38.14413834
-26.71224785 69.10903931 37.66014099
-27.16824532 86.91603088 16.59813690
-26.92924690 86.90803528 16.65113831
-39.76924896 69.20803833 24.38113785
-26.54624748 69.13303375 38.02814102
-38.81124878 73.04503632 33.13314056
-38.92924500 73.19303894 33.26013947
-25.16924477 70.29303741 39.24414063
-25.32124519 70.08503723 38.96714020
-32.13324738 85.12103271 10.06013680
-29.32624626 67.07603455 40.66913986
-25.30824471 70.11203766 39.81214142
-44.73925018 75.46903992 3.41213679
-24.69824409 85.91803741 3.27713680
-27.13824654 72.61203766 13.98113823
-41.08924866 81.99504089 11.07213783
-40.90724945 82.16503906 10.97513771
-40.80624390 81.95404053 10.62613678
-24.05524635 72.61603546 7.87413692
-30.13824654 65.72803497 30.25713730
-35.56324768 68.54103851 5.25713730
-43.63424683 77.10003662 35.18613815
-34.70924377 67.69903564 3.82413697
-34.71324921 67.65803528 4.10813713
-40.59324646 70.88504028 25.45513725
-40.26924896 70.76303101 25.66013718
-40.50524902 71.01803589 25.78413773
-42.15924835 82.72803497 39.15713882
-42.57424927 82.37603760 40.00313950
-42.03924561 83.00903320 39.86314011
-31.40124702 66.97203827 19.24913788
-41.57124329 83.21704102 38.28013992
-25.41524696 72.86903381 9.40113735
-25.73524666 72.83603668 9.55613708
-25.71124458 72.63703918 9.67413712
-26.84424782 75.14403534 22.50413704
-27.18124580 74.15403748 35.23913956
-27.11124611 74.37203979 35.33813858
-34.12825012 86.39203644 21.49713707
-44.61724854 74.35103607 3.56113696
-23.45724678 70.92203522 17.76313782
-26.78024483 75.36503601 22.56313705
-24.14524651 73.29903412 43.84114075
-28.34124565 67.75803375 36.07014084
-30.25224495 85.28503418 15.59513664
-26.21724510 74.35903931 7.41013718
-25.89724541 74.19203186 7.61313725
-25.89124489 74.40103149 7.30913687
-25.46924782 77.28604126 28.69813728
-25.86624718 77.32703400 29.57213783
-25.50624657 76.92604065 28.88913727
-28.75424767 67.27903748 38.98413849
-28.27824593 67.75803375 37.37113953
-28.20624733 80.72503662 35.97914124
-28.32124519 80.96603394 35.95814133
-30.15824699 81.03503418 25.06313705
-37.82124329 68.72403717 19.09213829
-43.79224396 76.55303955 35.37514114
-43.84224701 76.96603394 35.63114166
-25.36224556 70.96003723 9.50413704
-22.90924644 81.92903137 18.44513702
-22.79424477 82.01503754 18.30713844
-26.97324562 74.99303436 10.83213711
-26.94924736 75.29803467 10.74513721
-36.15424347 71.22403717 30.35813713
-42.01224518 79.18703461 35.06613922
-32.06024933 81.37103271 25.85113716
-28.37624550 70.46203613 42.82614136
-23.59524727 78.28303528 41.56814194
-22.05024529 86.26703644 17.94113731
-30.76624489 82.97003174 21.41713715
-30.08324623 71.50203705 22.22213745
-23.92424583 79.21603394 42.55813980
-23.80824471 78.99803162 42.08113861
-22.37624550 86.44003296 17.74913788
-30.59624672 82.90703583 21.37713814
-30.61824608 83.31303406 21.25113678
-29.71024513 71.77203369 21.99913788
-37.88724518 68.31903839 4.79113674
-37.94424438 83.84204102 5.75913715
-23.77924538 69.83203125 15.61813736
-26.64424706 74.07203674 12.77813721
-26.46624565 77.35903931 11.35113716
-33.19524384 69.76004028 6.06513691
-32.58024597 69.45303345 5.85113716
-26.93124580 80.10903931 44.53813934
-35.33824921 66.34303284 37.78414154
-35.10124969 66.32603455 37.48413849
-36.46324921 85.62004089 36.12514114
-29.20924568 68.36803436 20.13313675
-41.63124847 80.95903778 5.93413734
-37.70424652 85.42903137 5.00513697
-27.47324562 74.87503815 34.67913818
-32.76824951 69.03303528 14.62013817
-43.30324554 71.63003540 15.60813713
-43.93424988 72.17103577 15.85513687
-27.68024635 69.67003632 14.72113800
-29.01024437 84.79803467 7.09713697
-30.11124611 69.16403198 9.30613708
-27.69424629 76.99903870 9.51013756
-27.53724480 76.75503540 9.72313690
-18.97324562 81.06604004 3.39213681
-23.43324471 77.23003387 41.33414078
-34.75624847 85.81203461 4.47813702
-30.80524635 68.34003448 20.10613632
-30.75124550 68.18003845 20.04813766
-31.14024544 68.44803619 20.26713753
-20.51224709 78.71503448 7.40213728
-20.71924400 78.86003113 7.53613710
-31.56924629 69.55203247 31.87213707
-31.73824501 69.62703705 31.67313766
-28.35624504 72.78903198 22.26313782
-29.42524529 85.70703125 43.33914185
-29.57324791 85.77703857 42.65013885
-24.91024590 85.27203369 28.05313683
-40.38924408 74.25503540 8.07413673
-19.29524612 79.60003662 6.21613693
-19.29724503 79.91703796 6.15013695
-27.52724648 75.71403503 20.95813751
-25.28124428 85.30104065 28.86513710
-25.49524498 85.81803894 28.96713829
-32.68524933 82.66304016 31.66313744
-31.52924538 69.60903931 13.58313751
-27.89024544 68.85203552 28.55013847
-27.20424461 72.50503540 14.90913773
-36.00824738 84.46303558 35.31914139
-27.55624580 76.28903198 9.77013779
-41.11124420 72.39804077 38.01613998
-36.58524323 85.01903534 35.51613998
-36.49124908 84.62603760 35.39014053
-27.38324547 76.03303528 10.02113724
-20.33424568 85.04904175 3.39013696
-26.63624763 71.55003357 15.98913765
-36.62524414 84.08203125 35.34114075
-20.80224419 84.69903564 4.05213690
-42.47724915 82.35603333 22.09013748
-25.33324623 82.54003906 38.18313980
-29.08424568 83.05003357 41.46213913
-24.92524529 87.22103882 19.99813652
-24.11624718 87.12703705 20.13213730
-41.55024719 80.57203674 26.56813812
-30.08324623 82.83503723 34.20513916
-29.74724770 82.67404175 34.28513718
-29.66024590 82.61403656 34.00013733
-20.52824593 72.53003693 4.82713699
-34.57524872 66.03503418 42.81114197
-23.02124596 69.22703552 7.15813684
-23.02424431 69.03903198 7.06913710
-26.54324532 74.00803375 16.38913727
-27.65224648 77.36703491 33.39613724
-27.73624611 77.35803223 33.74414063
-35.88824463 85.84004211 37.47414017
-35.89424896 85.89804077 37.71813965
-27.85724449 81.52703857 44.51314163
-23.87324715 78.35603333 43.48714066
-32.66824341 66.85303497 31.84213829
-32.88824463 67.17903137 32.01413727
-32.89524841 67.01403809 32.06113815
-24.74124718 76.96003723 30.89513779
-27.92024422 81.57803345 44.89913940
-42.26124573 78.92103577 26.60913658
-42.86824799 82.71503448 5.46613693
-26.72824669 87.20204163 25.58113670
-25.67924690 67.41903687 4.33813667
-25.41424751 67.26703644 4.27513695
-42.62124634 78.61603546 26.25913811
-38.63424683 82.45803833 27.40113831
-21.05024529 84.14503479 4.84213686
-43.41925049 78.40103149 25.20813751
-20.54724693 84.13803101 5.87813711
-38.67624664 82.48403931 35.21113968
-26.26924706 80.70503235 28.23413849
-26.18424416 80.44203186 28.13913727
-42.79024506 72.73603821 35.16014099
-42.33224487 80.50403595 25.50213814
-42.10124969 80.23803711 26.06413841
-32.90524292 81.01603699 38.51213837
-33.40124512 80.64903259 38.43413925
-44.32924652 78.55104065 13.92213821
-44.28224945 79.50703430 14.47313690
-44.16624451 79.14703369 13.92813683
-37.68124390 68.71003723 19.84413719
-36.81824493 84.66003418 19.92713737
-32.89225006 80.13203430 38.48413849
-33.09424591 80.39003754 38.45914078
-25.82324791 87.06803894 17.00013733
-37.90625000 68.71103668 20.56613731
-37.77324677 68.75703430 20.12913704
-37.75524902 68.68403625 20.37513733
-38.14924622 84.38803101 21.27313805
-39.01024628 85.63504028 4.19413710
-27.69424629 82.03703308 11.73313713
-27.68824577 82.21903992 12.06813812
-25.78624535 71.09103394 45.34014130
-30.09224510 85.43503571 15.84813690
-29.74724770 85.47603607 15.71413803
-28.02224541 82.38003540 11.64313698
-30.71824455 86.45603943 43.66913986
-44.45524597 77.53503418 41.57114029
-23.03424644 72.20803833 7.76313686
-25.31024742 76.23303223 33.49414063
-25.98624611 76.08703613 34.20314026
-42.92824554 81.86203766 22.32813644
-19.49524498 82.93203735 6.24713707
-24.58824730 74.31203461 45.49514008
-24.51324654 74.61003113 45.50914001
-22.62624550 71.92903137 7.70013714
-22.89124489 85.68103790 23.32713699
-24.78624535 79.18203735 25.89313698
-25.04524422 79.68203735 25.97213745
-20.82924461 70.30403137 4.27813721
-20.91024590 70.43403625 4.38713694
-20.99024391 70.24503326 4.44913673
-39.12024689 82.37903595 7.64913702
-39.36524963 82.20703125 7.88213730
-38.67424774 82.76703644 7.72113705
-39.43124390 69.33603668 22.49013710
-32.55424500 67.89203644 4.90513706
-26.77824593 81.01303101 18.50513840
-41.26924896 83.22003174 43.79214096
-26.08524513 67.17903137 15.29913712
-26.53124428 67.49603271 15.09613800
-25.41624641 67.64903259 15.10013771
-28.11224556 85.57704163 35.77814102
-28.39224434 67.29503632 20.40013695
-35.66124725 67.11903381 38.53113937
-29.41624641 83.24303436 24.56113815
-29.17924690 83.05503845 24.11613655
-28.58124733 67.86103821 20.33213806
-34.09224701 67.46003723 34.59713745
-34.04424286 67.75603485 34.69713974
-38.92424774 81.40403748 35.09513855
-27.18824577 78.16203308 7.18213701
-42.04224396 76.86403656 34.91313934
-43.62624359 73.35103607 13.76213646
-43.30524445 73.08703613 13.50813675
-34.98424530 85.16703796 11.49813652
-22.61824608 82.39103699 20.61013794
-39.96624756 84.98004150 40.50814056
-40.36924744 84.79003906 41.36613846
-22.94324684 69.11703491 22.97613716
-25.56624413 66.16803741 16.23413658
-26.01924706 66.31604004 16.05213737
-24.33024406 76.43003845 5.95013714
-25.62324715 68.44903564 7.17113686
-35.81924438 85.39003754 35.50313950
-40.15124512 70.82703400 39.04613876
-31.93624687 85.41304016 44.95114136
-31.82024574 85.48503113 45.05614090
-31.03424644 70.64903259 26.08813667
-30.88824654 70.67003632 25.78513718
-30.10524559 80.82303619 22.77413750
-30.08524513 80.74103546 22.99613762
-37.16724396 67.43603516 37.71014023
-39.97324371 83.78403473 35.64714050
-40.23224640 83.70003510 35.64913940
-39.68224335 83.78604126 35.54814148
-28.66524696 66.50403595 22.71413803
-40.62724304 71.12503815 40.48014069
-30.60024452 70.63003540 25.71013832
-44.48024750 74.03603363 42.20413971
-28.74924660 67.36103821 22.47913742
-28.86624718 67.31003571 22.92813683
-36.13424683 84.78503418 5.38713694
-44.78224945 79.62004089 22.32213783
-38.55124664 71.61103821 28.09113693
-29.32124519 68.79903412 36.11413956
-29.15924644 68.69003296 36.11513901
-25.11224556 74.93103790 6.41113710
-23.47124672 70.58703613 16.47113800
-23.26924706 70.27003479 16.21013832
-32.27324677 84.51203918 44.67214203
-32.13824463 84.46803284 44.84313965
-20.44024467 83.50804138 5.36113691
-40.18624878 83.75303650 21.96713638
-40.44924927 83.58503723 22.18413734
-32.18424988 67.06003571 30.60513687
-32.33024597 67.17303467 30.98313713
-32.26725006 66.93703461 30.90813828
-32.40524292 67.00503540 31.10413742
-31.42924690 69.68403625 10.47113705
-41.90724945 76.24103546 34.89813995
-41.99324799 76.56103516 34.93214035
-41.81224823 76.61403656 34.91213989
-39.89524841 85.06103516 25.69613838
-40.16624451 84.92903137 25.55113792
-28.57024574 70.19703674 34.78313828
-45.53424835 75.17303467 22.01513672
-25.79424477 69.28203583 8.52313709
-39.82624817 84.96303558 26.03213692
-27.83424568 83.65103149 10.18613720
-28.21824455 83.20303345 10.60113716
-26.07924461 75.23903656 6.39713669
-35.57124329 70.39303589 31.02813721
-35.42724609 70.35903931 30.69013786
-35.10224915 70.33903503 30.48213768
-25.73924446 68.93503571 8.21313667
-28.91124535 82.88003540 39.32313919
-28.35024452 82.38304138 39.42813873
-28.36924553 83.73503113 10.39713669
-28.46524620 84.02203369 10.27213669
-28.63824654 85.82803345 36.73514175
-24.96824455 81.58503723 16.82713699
-30.96724510 68.96203613 34.95913696
-31.66624641 68.96603394 34.57814026
-28.81224632 86.43303680 35.95114136
-28.89424706 86.38703918 36.37014008
-28.92324638 86.29503632 36.62414169
-24.36024666 81.84403992 16.95113754
-20.93324471 68.85903931 6.64113712
-32.03024292 69.78203583 11.94713783
-30.97524452 68.95303345 35.43014145
-30.92824745 68.93003845 35.52214050
-27.19824791 81.63504028 28.95313835
-24.55524635 81.65703583 17.19613838
-24.76624489 81.53303528 17.45113754
-24.51924706 81.59803772 17.40513802
-23.76524544 65.91003418 23.61113739
-23.73224449 66.05203247 24.06713676
-30.83524513 68.87703705 35.47214127
-29.20924568 86.54603577 36.99214172
-29.23724556 86.55603790 37.47214127
-29.02124596 69.64203644 20.62113762
-27.49524498 74.40703583 10.27113724
-19.67424583 74.02703857 4.60513687
-27.98824501 66.48703766 19.15713692
-38.94524384 81.52203369 37.88513947
-29.69124794 86.78703308 26.41313744
-29.30024529 86.71103668 25.30313683
-22.57824516 65.73603821 18.38913727
-28.39524651 72.46603394 20.63613701
-24.14924431 70.26903534 20.27513695
-24.16624641 78.90603638 7.29313707
-27.02624702 70.62603760 9.93813705
-26.71124458 71.02903748 10.17413712
-33.05724335 84.71103668 22.38513756
-33.56924438 84.52403259 34.07413864
-33.43124390 84.57403564 33.69013977
-26.47824669 75.99003601 18.00513840
-26.55524635 75.53003693 18.05913734
-33.74424744 84.65603638 34.14913940
-30.22324562 83.11603546 27.13713837
-30.28524590 83.26903534 27.53913689
-30.18324471 83.16304016 27.57113838
-26.54824638 75.37203979 17.90213776
-31.47824669 70.61203766 23.48013687
-31.34424782 70.72503662 23.15413666
-34.67324829 65.85203552 42.65914154
-35.58324432 65.98903656 42.32913971
-26.58924675 75.18703461 18.03513718
-27.04624748 76.40203857 19.74113655
-27.11324501 75.95103455 19.95113754
-45.92724609 77.01103210 16.81513786
-23.56324577 73.28403473 37.96813965
-26.99824715 76.10303497 19.58613777
-27.04224586 75.45003510 19.67913628
-21.07424736 75.53804016 5.23313713
-21.18324471 75.23603821 5.28013706
-26.94424629 75.65603638 19.54413795
-41.73925018 79.66703796 40.53113937
-26.02724648 86.10504150 4.01413679
-33.62024689 82.35403442 30.35213852
-26.88124657 73.30003357 17.05813789
-26.64424706 84.51303101 8.76513672
-21.04124641 74.31003571 6.01313686
-25.28624535 85.44303894 15.97813797
-26.51524544 82.95603943 45.56613922
-20.84024620 71.91003418 5.29113674
-20.83424568 72.02603149 5.16913700
-25.62924767 85.47203827 15.86113739
-25.82124519 85.68603516 15.92513657
-25.48124504 85.66003418 15.98813820
-20.95124626 74.30603790 6.50413704
-21.23024559 74.46303558 6.28213692
-26.95124626 83.33103943 45.57213974
-29.35324669 70.03403473 14.24513817
-39.36624908 68.53903198 3.52613688
-39.04424286 68.38903809 3.50113678
-20.81124687 73.64903259 7.53213692
-36.81324768 86.99504089 41.41413879
-36.79524994 86.95803833 40.82313919
-36.55524445 87.02203369 40.64313889
-32.00624847 69.71603394 12.25813675
-31.97624779 69.67103577 12.71113777
-20.68624687 73.60203552 7.41813707
-20.69824409 73.79703522 7.30513716
-19.17724609 79.78804016 6.34213734
-27.77624702 87.05903625 29.12613678
-27.81624794 87.03503418 29.29313850
-38.50124359 80.49403381 34.12714005
-23.42124748 82.95803833 8.60013771
-23.32924461 82.99903870 8.45413780
-39.54324341 83.88504028 35.57114029
-24.34724617 75.96803284 32.27914047
-24.40824699 76.35003662 32.22813797
-38.21424866 83.07503510 6.32213688
-26.59924507 66.17103577 31.06513786
-26.77924538 66.30503845 31.69813728
-27.93824577 78.41703796 7.84113693
-25.85024452 78.24603271 23.94513702
-25.81624413 78.60704041 24.02313805
-31.51224709 65.93403625 43.51314163
-26.36324501 66.04303741 30.15613747
-40.17424774 72.32603455 10.09113693
-35.94724274 84.91903687 35.42514038
-35.71224976 85.10803223 35.39213943
-35.67224884 84.80803680 35.35113907
-37.62124634 66.86703491 40.52214050
-36.04124451 85.25603485 35.46113968
-19.60124588 82.52703857 3.85113692
-26.52924538 66.33503723 31.28113747
-19.81724548 82.28403473 4.13813686
-36.72824860 82.42903137 34.59313965
-43.01924896 72.23503113 14.08213806
-42.64824677 71.75303650 14.17613792
-45.46324921 79.18403625 16.80313683
-38.98124695 79.85803223 32.71014023
-29.28524590 68.72003174 30.99613762
-27.65124702 73.87004089 10.30613708
-26.08224678 71.36003113 37.13013840
-25.53424644 70.46003723 37.37113953
-38.02124786 80.63703918 32.91013718
-38.43924713 72.67703247 34.43214035
-38.03524780 80.73503113 33.43613815
-25.65624428 71.78503418 37.19913864
-26.32724571 71.91503906 36.99214172
-21.32024574 68.97403717 7.20513725
-27.46424675 86.55603790 32.38513947
-40.36624908 70.22403717 24.35913658
-25.35924721 73.02103424 37.19813919
-25.93524742 71.72603607 37.14714050
-27.07624626 83.56003571 14.78813744
-35.64424896 83.98004150 5.91413689
-40.71624756 83.81903839 14.83813667
-31.87324715 85.08103943 16.20713806
-40.65024567 83.68103790 13.95013809
-26.88024712 83.63803101 14.88713837
-28.11524773 77.93803406 34.26514053
-36.39824677 83.70903778 6.78913689
-36.57524872 83.62903595 6.30613708
-28.15224648 67.11303711 36.62014008
-27.90424538 70.65803528 39.28313828
-28.32124519 70.31604004 39.15013885
-35.83324432 83.85803223 6.09813690
-36.23224640 83.76903534 6.12813711
-36.07824707 83.79103088 6.39213705
-28.70924568 80.43904114 20.52013779
-28.80024529 80.36103821 20.66913795
-29.38024712 87.02803802 26.46813774
-29.36124611 86.87803650 25.86413765
-26.04024696 76.33703613 13.83413696
-45.64524841 79.03203583 20.86813736
-36.59924316 68.50803375 39.38713837
-26.71724510 81.09103394 14.03713799
-26.73524666 81.10803223 13.82713699
-19.73724556 82.42703247 4.03613710
-19.70524597 82.95003510 3.84513688
-39.95824432 73.55903625 34.82713699
-27.74924660 85.07503510 5.06413698
-38.02924347 84.01603699 43.87514114
-38.12624359 84.01703644 44.08713913
-37.49024963 84.31303406 44.24514008
-27.68524742 84.93803406 5.18113708
-27.85624504 84.86503601 5.22313690
-42.34724426 71.03603363 14.90713692
-42.17624664 71.04603577 14.61713791
-23.57824516 86.31404114 23.92813683
-23.73824501 70.24903870 15.91013718
-23.95424461 70.51303101 16.04913712
-24.67724419 74.18403625 7.25813723
-24.61224556 74.32103729 7.17513704
-26.90524483 76.58003235 19.39413643
-38.01725006 83.95703125 43.35414124
-37.86924744 84.01004028 42.98213959
-26.93124580 75.95003510 19.47413635
-24.61624718 74.50903320 6.98613739
-34.94524384 66.52603149 36.56314087
-23.46224403 80.15003967 8.22013664
-19.13424492 80.21103668 6.41313696
-19.17724609 79.99603271 6.37513733
-45.70124817 79.46403503 18.29513741
-22.91824532 85.42203522 4.20213699
-21.90224648 68.83903503 4.49313688
-33.69524384 66.61103821 34.65313721
-24.37924767 84.46203613 4.95013714
-26.09824562 71.34003448 17.76413727
-22.06024742 68.60903931 4.47413683
-22.03424644 68.43703461 4.25613689
-26.58824730 79.17403412 23.81313705
-33.32624817 69.03203583 14.28913689
-24.52624702 84.76403809 4.84413719
-39.39324951 71.23703766 10.69513702
-21.93724632 68.43203735 4.12013674
-28.08524513 67.58103943 36.57014084
-28.99724770 86.18103790 4.30113697
-28.67224693 86.22403717 4.21413708
-19.70124626 74.62203979 4.67213678
-19.64724541 74.85103607 4.62613678
-38.32225037 69.09503174 15.09813690
-36.43524933 82.20503235 31.50913811
-41.48724365 82.97903442 25.38913727
-25.79224586 81.80603790 45.66213989
-25.92424583 81.67203522 45.66714096
-20.46024513 83.29503632 4.79213715
-20.40324593 83.25203705 4.91213703
-44.48624420 74.09803772 42.72513962
-23.54724693 78.55403137 40.69213867
-23.40324593 77.79803467 40.54013824
-25.14624596 79.62303162 26.64513779
-43.11724854 73.84803772 12.59813690
-44.53624725 74.48503113 42.77014160
-23.20324516 70.74903870 17.13613701
-39.85224915 84.19003296 23.20313644
-28.21424675 82.37803650 11.11713791
-27.55324745 81.09603882 19.55813789
-27.72824669 81.23403931 19.78613663
-26.94624519 72.90703583 14.54413795
-37.58024597 84.63304138 11.67113686
-42.58124542 69.63403320 4.37113667
-27.09524727 72.68403625 14.69913673
-40.88424683 78.74903870 7.37713718
-40.86024475 79.06103516 7.34613705
-42.31524658 73.73103333 11.54513741
-41.46524811 84.59903717 4.91313696
-26.17324638 68.77803802 28.26613808
-26.61024666 68.91103363 26.61413765
-20.15524483 72.17203522 4.52813721
-44.46324921 73.94503784 5.31313705
-41.98524475 73.31203461 11.43413734
-41.67124939 73.16403198 11.17413712
-41.83625031 73.72803497 10.89013672
-36.73925018 81.22203827 30.70913696
-44.29724884 78.30303955 39.85514069
-19.64124489 71.73903656 4.07413673
-19.53824615 71.60303497 3.92813683
-44.69824982 74.27403259 5.02513695
-44.20024872 78.42403412 39.23714066
-44.25924683 77.89303589 38.96813965
-44.27524567 78.16703796 39.52014160
-26.42324638 78.97703552 45.26813889
-28.27424431 77.80503845 8.07513714
-36.36524963 85.67903137 36.21313858
-41.74324799 78.28604126 9.72613716
-38.84224701 72.66803741 30.16613770
-38.90024567 72.77003479 30.50813675
-29.61624718 86.90303802 19.25813675
-28.01124763 72.47503662 20.09913635
-28.17124748 72.06803894 20.16113663
-44.36724854 78.97403717 42.91413879
-44.42024994 78.48303223 42.94113922
-36.67224884 69.23103333 34.77813721
-32.07024384 78.38403320 38.55014038
-30.54124641 84.73803711 27.26713753
-30.75424767 84.70303345 27.75313759
-30.82824516 85.16403198 27.78313828
-36.46224976 68.54903412 34.89714050
-25.69624519 81.45503235 19.77413750
-44.48224640 81.80203247 3.99113703
-40.88524628 70.41803741 23.92013741
-25.89324760 81.48603821 19.92313766
-25.58724785 81.53903198 20.26113701
-31.24524498 81.74403381 38.73913956
-41.56524658 70.62103271 23.23113823
-41.28624725 70.39503479 23.09813690
-26.46424675 81.49103546 20.15613747
-44.10724640 76.22603607 24.51113701
-43.99424744 76.91803741 24.69513702
-31.61924553 85.40903473 16.31913757
-31.22424507 85.37603760 16.01813698
-32.95024872 69.49003601 12.14313698
-33.12825012 69.44803619 12.39313698
-33.60224915 69.36503601 12.32313728
-33.32824707 69.43103790 12.20213699
-39.08424377 82.55104065 6.22713709
-27.42224693 84.81703186 15.20913696
-27.07624626 69.60803223 22.82713699
-26.34724617 69.58503723 23.03513718
-32.96924591 85.14003754 13.05813789
-29.25224495 85.12903595 24.03313828
-23.23824501 75.90403748 5.70413685
-23.06824684 76.10903931 5.69213676
-26.43824577 69.51103210 23.30813789
-26.03024483 69.44403839 23.71013832
-29.10524559 70.78603363 13.06813812
-28.87224770 81.13803101 33.94413757
-23.05124474 83.71303558 6.86513710
-35.48424530 84.16903687 7.50113726
-35.96324921 84.11003113 7.82813692
-32.72524261 86.14804077 4.29113674
-28.45924568 80.51203918 34.22713852
-26.62024498 69.64103699 22.69713783
-35.32824707 84.28103638 7.71713686
-34.51424408 84.38903809 7.46313715
-29.90424538 81.38803101 21.55713654
-29.68024635 81.17604065 21.49813652
-29.97724724 81.09503174 21.95613670
-29.80024529 81.02403259 21.79913712
-40.63724518 68.77003479 3.91213703
-32.87724304 66.64803314 18.71013832
-32.55124664 66.61403656 18.73113823
-32.45924377 66.62103271 18.01313782
-31.79024696 66.51203918 18.13813782
-20.46124458 73.84303284 4.94813681
-20.42324638 73.39103699 4.84913683
-20.42124748 73.68103790 4.92413712
-26.84224510 70.12403870 9.45113754
-33.33624268 68.29903412 34.05113983
-20.55924416 73.80203247 5.05713701
-27.19124794 73.05104065 12.29213715
-26.94524574 73.40403748 12.27913666
-23.03724480 76.46403503 5.71213722
-40.88224792 75.19703674 8.41913700
-38.10524750 72.47903442 32.71813965
-23.18024635 76.96203613 5.77713680
-36.24924469 84.93103790 11.29813766
-29.46624565 69.41203308 39.42813873
-28.24224663 71.19903564 33.50814056
-24.15024757 72.73603821 7.90213728
-23.97724724 76.86703491 5.95213699
-23.57524681 76.71003723 5.83313704
-32.64424896 82.33003235 30.45613861
-25.95724678 73.82003784 39.93513870
-25.82624626 74.24803162 39.89313889
-40.83324432 76.01203918 7.80513716
-40.97724915 75.90803528 8.25113678
-37.60924530 69.04703522 5.31013680
-37.86224365 69.12303162 5.33913708
-25.55024529 86.61603546 27.37413788
-25.43524742 86.51803589 27.44013786
-25.28524590 86.78103638 26.17913818
-26.10924721 73.62004089 40.81414032
-34.64324951 84.86603546 39.16513824
-26.29824638 73.51503754 41.85713959
-26.27624702 73.73003387 42.37014008
-33.71324921 66.79203796 19.81613731
-34.28824615 66.85303497 20.14813805
-37.81124878 86.12403870 42.85913849
-27.93924522 71.12803650 14.18713760
-28.30524635 71.11503601 13.91313744
-26.40424538 82.74203491 14.99413681
-26.28124428 74.84204102 13.44313812
-37.57225037 86.17503357 42.56613922
-38.12424469 80.04903412 37.88114166
-37.54124451 79.06103516 37.91714096
-34.60924530 67.43203735 18.16413689
-28.86624718 65.80803680 33.16713715
-29.04124641 68.87203979 6.21113682
-26.12324715 69.52703857 37.71614075
-29.34124565 84.13304138 13.80113792
-29.04224586 83.95503235 13.69313812
-30.98224449 86.78403473 19.66913795
-24.46824455 70.99703979 17.56213760
-24.71724510 70.88603210 17.89813805
-29.86924553 83.38403320 43.94213867
-30.79024696 86.71903992 19.70013809
-26.05124474 76.64804077 13.68313789
-29.93324471 68.75103760 29.55713844
-26.84824562 76.43303680 36.51213837
-30.47824669 68.72203827 29.69713783
-40.34524536 77.09403992 34.67813873
-40.31924438 76.78903198 34.56713867
-40.35924530 76.52003479 34.65813828
-39.04224396 84.99903870 36.94813919
-31.85124779 83.99504089 31.51813698
-27.70924568 70.15903473 31.13213730
-27.40624428 70.41903687 30.84513855
-42.97124481 80.32503510 35.40314102
-37.23824310 68.59303284 19.64313698
-37.12924957 68.58503723 19.30613708
-37.50124359 68.69003296 19.29413795
-44.69624329 75.00903320 5.14413691
-44.78125000 75.32503510 5.28613663
-44.66024780 75.10603333 5.29713726
-41.66925049 77.90503693 6.34413719
-41.76725006 78.01103210 6.27113724
-41.76924896 78.65903473 6.22413731
-22.99024773 80.34103394 7.81113720
-22.75524712 80.36503601 7.71513700
-41.88324738 75.65403748 10.07813740
-41.63624573 75.80803680 9.68813705
-45.13724518 73.11703491 20.78613663
-35.03924561 70.17503357 32.86713791
-29.12924767 84.12803650 14.11413765
-42.78125000 73.58103943 43.27413940
-35.71424866 70.37103271 32.01313782
-35.74124908 70.37803650 32.01613998
-38.55524445 66.72303772 43.07213974
-40.38524628 70.56103516 42.69113922
-40.22924805 70.39403534 42.52413940
-25.24524498 78.70404053 24.59813690
-24.99024773 78.47203827 24.71613693
-42.43524933 77.36103821 40.89313889
-36.53824615 85.99703979 39.17213821
-25.41924477 77.85203552 24.00813675
-30.98024559 68.63403320 39.83713913
-30.71024513 68.73003387 40.03514099
-23.85624504 85.63003540 25.55613708
-28.70224571 68.79803467 26.50213814
-28.88624763 68.80803680 27.54713821
-26.46024513 79.95603943 12.20913696
-26.56624794 79.98103333 11.94713783
-34.98925018 70.09503174 33.12113953
-24.21524620 85.45803833 26.46313667
-27.57824516 69.11803436 24.97713661
-26.96624565 73.59503174 9.30913734
-29.20024681 83.20204163 39.50214005
-42.27724457 83.92303467 4.98413706
-43.41224670 70.81703186 3.79613686
-42.22424316 78.94803619 42.73213959
-41.94524384 79.60403442 42.78514099
-41.94124603 79.75403595 43.19514084
-28.28224754 69.89003754 32.24813843
-28.33624458 69.72203827 31.93913841
-28.13224602 69.92103577 31.85213852
-40.47624969 77.47303772 30.86313820
-40.66824341 77.27503967 30.31313705
-31.45524788 68.06503296 44.71813965
-29.32924461 68.34603882 44.92514038
-31.10924721 68.10203552 44.73313904
-35.88024902 71.09003448 28.05413818
-35.18424988 71.01703644 27.96213722
-36.62024689 71.33403778 31.56213760
-19.03924561 81.46003723 3.62813687
-19.06724548 81.19303894 3.64113688
-30.08024788 66.27503967 39.28913879
-29.79724693 66.28903198 39.18413925
-35.45924377 70.98103333 27.75513840
-35.48624420 71.07503510 28.00113678
-40.95124817 69.83503723 21.51313782
-41.33224487 69.91703796 20.94313812
-29.01324654 84.76103210 15.19813728
-24.83824730 79.51403809 45.67813873
-24.71224785 79.62303162 45.59814072
-24.88024712 79.75103760 45.66614151
-44.38924408 80.62903595 5.43213701
-25.12824440 79.74504089 45.68614197
-28.68824577 70.02503967 33.99013901
-28.74524498 69.86803436 34.04113770
-26.20624733 71.40603638 16.71613693
-26.02024651 71.40903473 16.45313835
-40.66824341 72.08903503 10.97713661
-40.82024384 72.44403076 10.76713753
-41.24724579 83.01803589 26.39213753
-41.20124817 83.50003815 26.17313766
-20.39424706 78.00003815 5.93813705
-20.59724617 77.86803436 5.70413685
-30.65824699 83.92203522 42.49813843
-29.16624641 69.46103668 33.99613953
-29.04524803 69.55603790 33.94713974
-28.77424431 68.81103516 29.07013702
-34.58824921 66.14403534 42.89514160
-34.64225006 66.17303467 42.92813873
-35.19424438 66.20803833 42.72713852
-24.61924553 71.11203766 17.34913826
-24.31124687 70.11903381 20.82513809
-25.20424461 71.06803894 17.62213707
-25.01424599 71.14503479 17.32013702
-24.21924782 76.66703796 45.62913895
-35.21324921 66.04803467 44.08813858
-21.36324501 82.87503815 18.80613708
-42.31524658 70.45803833 38.45714188
-42.06924438 70.37103271 37.80313873
-27.10624504 72.73703766 17.69313812
-30.72024727 66.41103363 44.24514008
-21.74724770 82.93703461 18.00613785
-41.44124603 73.43903351 10.58713722
-27.75324440 72.94403076 11.24713707
-27.62524605 73.08903503 11.46113777
-27.66024590 73.20404053 10.99913788
-44.00924683 80.14103699 43.05813980
-37.58324432 71.96103668 33.95813751
-27.81124687 71.39903259 36.46514130
-36.46024323 68.63803101 16.95213699
-27.88824654 81.83303833 45.45814133
-36.82924652 66.67203522 41.04413986
-27.49124718 70.61103821 36.67113876
-28.01124763 73.72903442 34.41114044
-28.23624611 72.52603149 34.20813751
-36.79124451 85.11403656 14.43913651
-36.80824280 85.11203766 14.97313690
-41.09024811 79.06703186 8.54413700
-30.23624611 70.34803772 11.08513737
-28.74724770 68.54603577 36.16614151
-22.02124596 70.08703613 19.49413681
-33.19624329 67.05903625 20.35313797
-28.54524803 76.63703918 38.91114044
-28.99424553 80.15003967 22.00513649
-22.68524742 85.63504028 17.03413773
-28.17624474 86.89203644 16.54413795
-33.60624695 68.99203491 34.24613953
-33.55524445 68.88803101 34.38913727
-24.86524773 69.97903442 8.73213768
-25.10024452 69.63403320 8.59713745
-26.61024666 73.63103485 16.19813728
-34.04224396 85.49803162 18.13813782
-29.44024467 82.01903534 21.01813698
-30.28324699 86.10003662 4.63613701
-29.86324501 86.05703735 4.65513706
-30.42124748 85.99504089 4.72713709
-38.10124969 72.39703369 32.97414017
-38.22024536 72.53603363 32.90213776
-29.55024529 71.86403656 21.82213783
-29.49624443 71.94104004 22.02213669
-33.22924805 85.09803772 17.18313789
-26.54024696 66.81803894 31.83613777
-32.87825012 84.35203552 6.55213737
-37.88324738 85.87203979 3.42413688
-37.94124603 85.90503693 3.57613683
-32.91024780 69.08903503 34.11713791
-38.11724854 85.85203552 3.86713696
-37.76424408 85.90703583 4.03813696
-33.68524933 69.94403839 7.60513687
-29.52924538 68.12403870 25.37613678
-29.43324471 68.06503296 25.09013748
-29.78924751 68.07103729 26.02713776
-27.44824791 66.99403381 33.85213852
-27.51024437 66.69803619 33.69713974
-28.91424751 79.90903473 22.63713646
-28.79324532 79.71503448 22.27613640
-34.73224640 70.41403198 6.92613697
-35.34024811 70.62203979 6.98113728
-29.28324699 68.37503815 25.07313728
-38.54724884 72.76803589 33.66213989
-38.69924927 72.94903564 33.81313705
-30.62624550 70.81103516 23.82213783
-40.63824463 67.97803497 42.93413925
-40.39724731 67.80103302 42.88114166
-37.44124603 85.94803619 4.06713676
-34.38324738 70.27003479 7.20713711
-27.57224464 81.88903809 21.78013802
-27.28524590 81.70003510 20.92813683
-21.48524666 83.15803528 7.13313675
-40.76424408 75.92503357 37.48514175
-39.26624298 68.56703186 25.64313698
-33.56524658 66.15003967 43.28013992
-28.32624626 67.24203491 4.52013683
-28.00624657 67.03303528 4.27713680
-33.71624756 66.10803223 43.66413879
-33.75924683 66.02903748 44.01013947
-26.00324440 77.58903503 37.06613922
-25.71024513 77.69403839 37.18914032
-40.75824738 68.93503571 38.43513870
-40.49924469 68.68303680 38.66313934
-28.60724449 85.43303680 21.17613792
-28.44324684 85.86403656 21.07913780
-25.12724495 78.53003693 37.28113937
-32.97724915 65.83403778 43.17314148
-26.11024666 77.33603668 16.20313835
-40.46924591 68.97803497 37.39413834
-39.95224762 70.79603577 38.16413879
-40.23224640 71.15903473 37.96614075
-40.45324707 68.90703583 37.70413971
-26.72124672 80.27503967 39.45814133
-26.56924629 79.76703644 39.38713837
-26.32524681 66.34803772 16.04613686
-25.96024513 68.74603271 28.55613708
-26.62924767 68.78503418 29.88713837
-30.79424477 66.12703705 34.64213943
-23.44424629 82.57704163 22.16713715
-34.23224640 85.77003479 4.71013689
-34.02424622 85.84603882 4.65213680
-34.50924683 85.79203796 4.68713665
-22.19824409 67.97403717 5.75413704
-21.98924446 67.90003967 6.20713711
-22.26224709 67.94403839 5.92113686
-23.34124565 82.70204163 22.46413803
-23.77824593 82.49703979 22.43513680
-33.94724274 85.85603333 4.74113703
-28.77924538 84.89403534 8.45613670
-34.48224640 83.34603882 34.65313721
-34.48124695 83.53604126 34.83113861
-42.47924805 76.87903595 40.60713959
-42.51924896 76.96803284 41.20714188
-29.10324669 84.88203430 7.67213726
-27.38024712 82.12203979 12.66213799
-27.56724739 82.46003723 12.93713760
-26.37524605 73.93103790 45.23213959
-26.36324501 74.11103821 44.82413864
-30.05124474 69.91703796 21.12713814
-28.62924767 83.59903717 30.85313797
-27.88124657 70.78303528 10.31813717
-27.78324699 71.07303619 10.48213768
-26.40624428 73.68003845 45.32913971
-29.83224678 85.92103577 43.20613861
-29.78924751 85.87303162 43.22214127
-31.67124748 69.30703735 21.87813759
-39.04024506 73.44703674 34.11914063
-22.67024422 67.37303162 23.43413734
-38.99424744 73.26004028 34.41114044
-37.81424713 83.12903595 7.04013729
-25.96424675 84.81503296 5.02213669
-27.28824425 84.88103485 5.14113712
-37.86624908 83.15503693 6.55713701
-37.64324951 83.22303772 6.64113712
-39.13424683 82.77903748 38.15414047
-39.46824646 82.23903656 38.02413940
-39.36224365 70.40703583 26.46313667
-35.15724945 67.55803680 37.60913849
-26.90124702 84.53203583 5.24713707
-25.53524590 66.50303650 29.32813835
-25.67324638 66.33203125 29.35713768
-25.91324425 71.16903687 26.15813828
-26.22124672 80.23803711 9.60513687
-22.65224648 70.08403778 20.44213676
-43.14024353 83.39703369 3.38613701
-31.79624748 70.51403809 24.01813698
-39.19624329 73.50903320 32.47613907
-39.13924408 73.40403748 32.21313858
-33.75624847 86.16703796 3.68713689
-32.53224945 70.40903473 23.97613716
-32.32924652 67.82403564 31.04213715
-29.52224541 86.82103729 16.51313782
-23.83124733 66.85503387 3.60813689
-26.71324730 85.35303497 32.32114029
-26.66724586 85.48803711 32.13513947
-23.53124428 67.69903564 4.25413704
-27.88924599 72.56003571 10.97013664
-27.78224754 79.11503601 32.67913818
-28.08224678 78.89804077 33.45113754
-27.96024513 78.62303162 33.30813980
-28.21524620 77.07103729 7.40813684
-28.20124626 77.38803101 7.51813698
-36.89724731 69.77803802 34.73313904
-26.62024498 67.75303650 32.18513870
-26.07224464 67.92603302 30.83713722
-30.74924660 68.62403870 15.17513657
-31.32724571 68.63303375 15.31313705
-30.99024773 68.80903625 15.14113808
-28.67624474 72.68403625 21.34313774
-25.41224480 69.62203979 8.71013737
-21.83324623 71.53003693 7.75513697
-32.05124664 68.38403320 31.29013824
-24.58324623 75.26203918 31.40913773
-24.28724480 75.41603088 31.43913841
-28.42324638 84.76603699 15.12513733
-25.20124626 82.69104004 15.70013809
-19.23724556 82.32904053 3.39213681
-41.89524841 72.22703552 43.33514023
-41.61224365 71.74203491 43.37113953
-32.96324921 66.30303955 34.47713852
-26.63924599 68.40903473 7.45513725
-26.05524635 68.37503815 7.35313702
-26.36124611 68.46403503 7.63113689
-40.23324585 69.97603607 14.22213745
-20.43124580 70.39603424 7.19013691
-38.12924957 68.21003723 25.81313705
-23.36324501 75.21403503 40.66614151
-37.02124786 68.57603455 5.13213682
-37.02424622 68.50203705 5.04913712
-23.35324669 74.60503387 39.80213928
-23.40124702 74.73503113 40.53514099
-43.42724609 79.39503479 35.67113876
-26.04124641 78.71103668 14.08813667
-29.43824577 80.51703644 22.23413658
-29.64724541 80.47203827 22.71213722
-29.77524757 80.69203186 22.48413658
-24.18924522 79.01603699 44.52914047
-24.19124413 79.30203247 44.17514038
-27.84224510 74.50903320 7.93813705
-27.95324516 74.34703827 8.34013748
-27.59924507 85.99504089 4.25313663
-27.13724709 86.00303650 4.10013676
-28.08424568 83.50403595 14.18213654
-27.91324425 83.29703522 13.98913765
-30.22924614 70.50703430 11.75113678
-29.96624565 70.63203430 11.71313667
-40.09524536 71.39203644 26.67013741
-26.18424416 69.75103760 44.58013916
-26.16724586 69.60803223 43.98814011
-21.73024559 86.08103943 19.57013702
-21.77924538 86.21303558 19.15713692
-41.39124298 82.36203766 12.07513809
-41.87624359 82.08403778 12.54013824
-33.20024872 69.47503662 10.13413715
-33.49924469 69.48703766 10.55513763
-25.53824425 76.50803375 39.79513931
-21.80924416 86.07803345 19.96713638
-29.09624672 67.58403778 15.20613670
-28.35024452 67.33803558 15.27113724
-33.87124634 67.19703674 17.79313850
-24.94024467 84.54203796 6.28813696
-23.10724449 85.93803406 16.87413788
-22.96824455 85.97103882 16.92913818
-24.28224754 84.41403198 6.12713718
-24.22424507 82.16304016 9.40813732
-27.21524620 87.22803497 21.45713806
-34.11624908 82.30303955 31.10213852
-34.52724457 82.16203308 30.79813766
-41.81924438 73.80203247 26.89813805
-25.74824715 68.27303314 5.75013733
-39.86724854 67.76503754 40.85813904
-40.20924377 67.96303558 40.93214035
-28.73824501 85.48603821 23.15113640
-28.74024773 85.69403839 23.13813782
-27.43624687 68.41603088 5.47513676
-25.85224724 79.03003693 28.62113762
-38.19024658 82.23903656 27.22813797
-24.41324425 73.38203430 25.51013756
-34.42024994 69.86703491 5.99213696
-34.10024261 70.02603149 6.21113682
-27.94924736 75.54803467 9.24613762
-28.12424660 75.88303375 9.01413727
-36.53125000 71.63103485 30.83813858
-35.99024963 67.82003784 44.14813995
-27.30524635 82.18803406 13.18213654
-27.19824791 81.91703796 13.20913696
-28.70924568 66.44003296 18.38813782
-27.72124672 82.46203613 24.92413712
-35.06324768 86.21903992 20.10313797
-35.30924988 66.40503693 44.18214035
-23.51824760 84.36903381 5.92313671
-23.04024696 84.35803223 5.69513702
-28.51624489 69.70603943 20.64013672
-28.39924431 69.62603760 20.66813660
-41.12924957 80.76803589 39.09114075
-40.99124908 81.08303833 39.95014191
-41.29024506 80.52703857 39.53713989
-41.46424866 80.11003113 39.00614166
-23.82824516 77.08303833 44.18714142
-36.63924408 79.92803955 38.03913879
-36.31624603 79.97203827 38.04713821
-40.82624817 83.40003967 22.33213806
-27.86624718 84.97203827 35.40914154
-27.64824486 84.89303589 34.84713745
-40.28125000 74.01103210 29.48113823
-40.19024658 74.15203857 29.82913780
-19.16124535 81.60504150 6.82613707
-36.24524689 79.72403717 38.07814026
-36.05924988 79.92903137 38.10713959
-38.17124939 69.74303436 26.80213737
-29.67424583 83.42103577 45.30714035
-26.45324516 80.47003174 29.03313828
-20.47124672 70.35203552 6.02613735
-22.77624702 79.52304077 7.51113701
-39.22624969 77.49903870 37.73114014
-39.56524658 77.21803284 37.67713928
-27.17824745 68.99603271 45.08813858
-27.08924675 68.96303558 44.99514008
-20.88424492 77.46303558 5.42913723
-40.06724548 85.08303833 43.94213867
-36.74124908 82.20603943 32.39213943
-36.81724548 82.25403595 32.58913803
-29.38324547 67.32603455 24.80813789
-29.40424538 67.50203705 24.93413734
-33.61624908 66.13903809 37.02413940
-29.31524467 83.68503571 35.91614151
-29.73924446 83.60903931 35.80714035
-20.39524651 83.73503113 5.94213676
-28.25624657 65.66803741 25.35913658
-38.04924774 85.10203552 21.77213669
-20.17224693 83.61703491 5.77813721
-39.09524536 83.46203613 43.80213928
-39.67024994 83.01203918 43.60614014
-25.27524757 80.00003815 26.11913681
-25.51324654 80.28303528 26.76113701
-24.65024757 68.30303955 6.26613712
-30.82124519 81.79303741 28.04613686
-30.74324608 81.66403198 27.79013824
-22.28524590 83.99703979 6.57513714
-22.11724663 84.07403564 6.49113703
-26.94124794 68.74203491 38.65314102
-27.14724541 68.72403717 38.17414093
-27.52124596 68.44503784 38.32313919
-28.57424736 66.62903595 36.38314056
-27.02624702 68.83103943 37.95513916
-26.14224434 75.63803101 15.70513725
-26.15124702 75.38803101 15.64513779
-26.18324471 75.23204041 15.81813812
-40.30424500 72.45703125 37.52413940
-39.95924377 71.43403625 37.62113953
-27.71524620 81.42503357 19.86013794
-41.27124786 83.60003662 25.24713707
-42.62924957 72.27503967 35.22513962
-42.38024902 71.91403198 35.20914078
-22.18324471 70.91203308 7.63313723
-31.91524696 67.52903748 4.68113708
-21.70924568 70.90503693 7.71213722
-21.08224678 71.08203125 7.78413725
-31.50524712 86.60803223 30.05913734
-31.20924568 86.56503296 29.34413719
-20.34424400 79.36903381 7.74213696
-24.54224586 75.49003601 26.79313660
-33.77124786 66.01203918 44.31914139
-33.73724365 65.97503662 44.25114059
-23.42624474 86.97403717 17.91413689
-23.10924721 86.86703491 17.82613754
-34.03824615 68.30403137 35.70013809
-36.08625031 66.05403137 43.99414063
-43.53824615 71.49504089 5.19413662
-34.05524445 68.23403931 35.84814072
-41.65324402 83.79803467 43.68614197
-24.66024590 72.50703430 25.72713661
-24.80624580 72.19903564 25.82913780
-24.67824745 72.39503479 25.57613754
-26.75224495 69.30903625 14.85913658
-26.93124580 69.12703705 14.86513710
-24.55624580 72.76903534 25.66513824
-24.63024712 72.65403748 25.54013824
-29.19424629 81.72903442 27.73813820
-29.04424477 81.59303284 27.18213844
-25.95924568 68.69703674 14.90613747
-26.79024696 68.67103577 14.90413666
-29.89724541 81.72503662 27.61213684
-24.74224663 72.82203674 25.23713684
-24.65824699 73.17403412 25.15413666
-45.35025024 79.28003693 21.42713737
-20.36724663 77.29003906 5.17813683
-25.58824730 67.75903320 29.93913841
-28.34124565 83.98403931 36.21113968
-29.50724602 69.53804016 43.66714096
-26.09824562 75.23603821 43.48313904
-41.14824677 76.25703430 34.83113861
-27.64824486 71.91503906 10.81113720
-27.88724709 80.18503571 32.34113693
-30.42424583 70.29303741 21.57313728
-20.98524666 67.51403809 17.77913666
-20.86424446 68.34703827 17.55813789
-20.88324547 68.04703522 17.81113815
-26.88924599 74.05303955 31.96013832
-27.99924660 80.95603943 32.17113876
-27.94524574 80.84003448 32.05113983
-41.30825043 73.11203766 37.68413925
-41.57724762 73.70203400 37.70013809
-35.04124451 68.56903839 24.01013756
-34.15024567 68.70303345 23.40813828
-33.76424408 67.38703918 34.24414063
-33.80324554 67.72103882 34.35713959
-39.28024292 68.28203583 23.69013786
-39.47324371 68.47703552 23.91613770
-27.24824715 71.81503296 45.20613861
-29.01724434 67.01203918 23.47413826
-44.65525055 77.11203766 5.36013699
-44.36824799 77.41003418 5.63413715
-33.20624542 69.45503235 32.97713852
-25.26324654 84.51303101 15.55013657
-34.79924774 69.36803436 34.62813950
-35.20924377 69.23003387 34.65013885
-35.38724518 69.70403290 34.58313751
-26.24524498 76.89303589 23.04213715
-31.01624489 81.44203186 27.29613686
-20.67324638 74.45603943 5.18013668
-37.30424500 81.47403717 33.79713821
-37.29724884 81.47503662 33.65313721
-37.07724762 81.88903809 33.45513916
-25.92624474 76.69203186 23.29513741
-26.09424782 76.88403320 23.19213676
-26.13524437 76.19703674 23.04313660
-28.82924461 82.91403198 27.09213829
-28.20624733 82.95103455 26.96113777
-29.04524803 68.56703186 34.79113770
-24.73124504 79.31703186 45.56013870
-44.42624664 71.96603394 17.62713814
-19.50124550 83.03403473 3.61013699
-30.49924660 83.51903534 35.37714005
-30.66324806 83.49203491 35.22713852
-38.85124969 72.05803680 34.73014069
-33.13224792 69.88203430 6.21813679
-38.63724518 68.53703308 22.03313637
-29.81024742 85.30903625 15.60113716
-29.53824806 85.38403320 15.52113724
-39.45424652 79.07203674 33.83313751
-43.82424927 73.43803406 38.10614014
-43.86124420 73.75803375 37.79713821
-39.55624390 79.00403595 34.01514053
-39.54224396 79.03303528 34.16114044
-26.18624687 78.37203979 43.50914001
-21.40224648 76.05703735 5.34613705
-40.30524445 75.02803802 30.96113777
-26.13724709 77.78903198 44.36513901
-26.15024757 78.04903412 43.94213867
-33.19024658 84.33403778 33.98014069
-45.40824890 75.90903473 15.57613754
-45.54624939 76.27503967 15.83313751
-26.12024498 85.93904114 16.05813789
-33.95724487 69.28103638 12.65013695
-33.72524261 69.31003571 12.92013741
-35.49624634 70.17703247 34.01213837
-42.68424988 78.86503601 26.07813835
-26.94824791 71.00403595 25.65713692
-22.44924736 85.26703644 22.78113747
-26.53124428 83.01303101 14.97113800
-36.97924805 68.01703644 44.03113937
-37.83324432 68.09503174 43.92914200
-27.15724754 70.44003296 26.41013718
-33.47324371 86.13203430 4.52313709
-34.98524475 67.28103638 37.24813843
-28.89324760 82.11003113 34.25513840
-33.62324524 86.08703613 4.42813683
-33.54224396 86.15303802 4.27913666
-32.17324829 70.56103516 25.41713715
-32.39724731 70.57403564 25.92413712
-39.66424561 80.52003479 35.03313828
-34.94924927 67.41203308 37.15214157
-34.89324951 67.56203461 37.18014145
-23.39024544 68.97903442 24.03113747
-23.31324577 69.20303345 23.48113823
-27.75124550 70.84003448 40.08113861
-34.98424530 67.44803619 37.38314056
-21.81324577 74.62903595 6.65213680
-22.44424629 74.74903870 6.55513668
-25.89524651 70.56803894 45.28514099
-40.56624603 81.68303680 6.04513693
-43.61924744 81.44603729 21.59113693
-40.25524902 81.52403259 6.21213722
-24.16024590 77.02103424 25.64013672
-24.05624580 76.72403717 25.41713715
-20.77724648 69.22903442 3.90413690
-25.91124535 74.87403870 30.22613716
-45.91925049 78.37303162 20.59613800
-45.93124390 77.93703461 20.92613792
-36.39824677 70.58303833 32.30313873
-23.79224586 78.62303162 6.85713673
-23.64524651 78.55903625 6.75513697
-23.45924568 78.67103577 6.90113735
-23.29124641 78.42503357 6.70013714
-29.26324654 68.32003784 5.15713692
-28.12924767 67.38203430 4.65413666
-35.06724548 70.41503906 30.82813835
-32.94224548 84.06903839 34.66213989
-36.22424316 70.98204041 27.55213737
-36.79924774 71.08503723 27.72613716
-30.34024620 68.00803375 4.97513676
-34.66024780 70.60704041 31.21613693
-40.37724304 78.25804138 30.33913803
-40.23524475 78.26303101 30.81513786
-40.21724701 78.57803345 30.39513779
-26.58224678 74.53403473 11.88613701
-26.48724556 74.76503754 12.15413666
-32.21924591 84.84603882 44.78414154
-32.16524506 84.76603699 44.81214142
-25.20424461 72.33303833 24.91113663
-25.11524773 72.46704102 24.86613655
-25.23824501 71.72803497 26.57213783
-24.96924782 72.08903503 26.27013779
-33.02724457 83.96203613 34.83213806
-32.74124908 83.92803955 34.73714066
-32.86324310 83.88003540 34.81013870
-38.55724335 72.79303741 34.21313858
-32.57524872 83.82103729 34.67013931
-41.56124878 75.68103790 6.34913731
-27.28524590 77.44603729 20.21913719
-27.47124672 77.49504089 20.56713676
-19.12724495 73.71704102 3.73913693
-19.08124542 73.85803223 3.63313699
-39.23324585 71.41003418 10.12713718
-27.64824486 69.96703339 28.82013702
-26.60424614 66.89103699 4.23513699
-31.53624535 84.45903778 39.40013885
-23.91124535 76.24803162 31.49613762
-38.22724915 83.00403595 35.23014069
-41.47924805 72.23803711 41.20214081
-24.47524452 85.74103546 16.29113770
-37.93124390 83.13903809 35.27114105
-40.57024384 80.34403992 8.06213760
-29.86724663 66.23603821 37.74914169
-23.02024651 82.14804077 8.18913651
-34.76324463 87.10803223 41.54714203
-26.80124474 65.58103943 27.11613846
-26.30924416 65.58803558 26.64813805
-44.17424774 80.80303955 21.71213722
-39.68325043 78.66603088 33.39014053
-24.52824593 77.06903839 24.50513649
-39.82324982 78.54303741 33.59813690
-39.65124512 78.74903870 33.74813843
-33.83024597 69.46903992 11.61413765
-34.17624664 86.14303589 3.81813693
-34.42624664 86.14203644 3.92113686
-23.24424553 68.88903809 7.00113678
-23.39524651 69.23003387 7.16613722
-24.03624535 69.50503540 7.23213720
-35.56624603 68.06903839 35.35913849
-35.78224945 67.89003754 35.90813828
-36.71224976 84.46003723 41.84014130
-28.41624641 70.40603638 34.74613953
-31.24024773 83.77603149 30.56913757
-31.45624733 83.85303497 31.08913803
-30.86824608 66.03303528 39.50614166
-30.78724480 66.03804016 37.81013870
-39.07924652 85.55003357 4.77313709
-26.81724739 73.96704102 17.92613792
-39.15024567 85.61403656 4.62313700
-38.59624481 85.66603088 4.58413696
-24.19124413 70.00703430 7.55213690
-28.84524727 70.97503662 10.88313675
-28.30724525 83.78203583 32.70213699
-26.14624596 76.17503357 13.20613670
-26.16824532 76.15803528 12.75313759
-26.21124458 75.94803619 13.01213646
-31.19224739 84.11503601 44.79613876
-28.67724800 70.85803223 10.65113735
-29.83924675 87.13003540 32.09613800
-25.98624611 77.62703705 43.04314041
-34.01924896 82.34603882 32.35614014
-34.02924347 82.28804016 32.22414017
-26.61424446 80.49803162 12.28813744
-41.08424377 78.41703796 8.23013687
-41.08424377 77.99603271 8.18013763
-41.16624451 77.32203674 8.47813702
-33.78324890 86.42404175 43.83914185
-26.83224678 80.87603760 12.04713821
-26.96424675 81.10103607 12.27613640
-40.75924683 84.49304199 5.26413727
-23.60624504 71.05503845 7.74013710
-33.73724365 86.46403503 43.78713989
-26.74824715 76.51603699 35.84814072
-28.72324562 70.34403992 38.93413925
-33.32524872 85.40503693 44.46614075
-44.65724945 80.97903442 18.93813705
-21.32524681 73.77903748 7.65713692
-21.73424721 73.85903931 7.65013695
-43.68724823 71.33903503 3.99513698
-28.78124428 83.14203644 21.52313805
-28.89824486 83.48603821 21.41213799
-40.42324829 83.95003510 20.41113663
-43.60624695 71.22403717 3.81213689
-43.58124542 71.35903931 3.41513681
-29.67724800 67.14503479 4.05413675
-30.06424522 67.15103149 4.10913706
-26.74024773 82.22603607 10.19213676
-26.94524574 72.04003906 31.01513863
-27.16524696 71.52103424 31.18213844
-26.94124794 71.68403625 30.84113693
-29.77824593 67.09903717 3.66113687
-31.57824516 67.26503754 29.35913849
-20.16024590 71.49504089 6.89513683
-23.61724663 84.01903534 7.46913719
-23.75724602 84.02003479 7.84213686
-23.47324562 83.86903381 7.46213722
-43.92424774 71.90603638 4.16313696
-33.21224976 80.08903503 38.33914185
-33.25124359 79.93203735 38.34714127
-31.38824654 86.61603546 20.05913734
-32.63424683 86.33403778 20.96613693
-38.52524567 70.54903412 10.93613720
-38.94224548 70.41903687 11.55813789
-30.81624794 84.55203247 12.85113716
-21.75624657 68.24103546 5.63413715
-21.59024620 68.42803955 5.66113710
-38.61324310 70.24103546 11.62313652
-38.37724304 70.36003113 11.16513634
-43.70924377 77.38903809 12.52013779
-30.49524498 84.40803528 12.72813797
-24.17824745 74.05503845 25.33213806
-44.14024353 77.23003387 13.27613831
-44.45024872 77.23003387 13.82313728
-23.21124458 79.79703522 7.71613693
-44.07124329 79.73103333 41.32514191
-44.13424683 79.51004028 41.60314178
-23.45824623 80.81103516 8.91513729
-23.52224541 80.95903778 9.08813667
-27.78824425 66.11603546 20.38413811
-27.94424629 66.26703644 20.42413712
-39.21125031 69.91903687 39.07114029
-31.23924446 85.66003418 16.32913780
-31.09124565 85.55503845 16.17513657
-25.55924416 70.09603882 20.81613731
-39.40924835 70.00303650 39.20114136
-41.47124481 72.67604065 5.85113716
-26.73324776 74.11603546 7.91813707
-26.97824669 74.15703583 7.89813709
-39.51824951 70.19104004 39.25614166
-26.12624550 79.02403259 45.58314133
-25.87524605 78.19104004 45.58914185
-25.37424660 83.80503845 27.81513786
-33.28924561 66.89803314 33.03413773
-32.95624542 66.66304016 32.50914001
-26.01724434 82.54503632 9.90413666
-25.90524483 82.29203796 9.90113735
-44.80524445 73.66003418 22.60813713
-45.01625061 73.76103210 22.22213745
-35.47525024 84.07003784 35.25114059
-35.91424561 83.92003632 35.27114105
-32.35724640 84.54003906 44.60713959
-22.45524406 66.52403259 16.36213684
-22.17524529 66.76203918 16.29713821
-22.01424599 66.60403442 16.52513695
-26.43324471 78.46103668 17.13813782
-35.31524658 67.45803833 37.88314056
-35.24724579 67.41003418 37.70713806
-39.41924286 71.48303223 27.39813805
-38.95824432 71.01503754 27.19513702
-32.61024475 84.57203674 44.60213852
-32.32624817 84.47903442 44.53813934
-41.95824432 75.93303680 10.05913734
-42.00924683 75.82503510 10.21813774
-21.31824684 74.40703583 6.73513699
-25.51324654 75.56303406 37.16614151
-40.35924530 71.05503845 34.92413712
-33.49024963 69.57803345 32.95213699
-33.74324799 69.57003784 33.08913803
-42.78924561 70.34403992 41.55014038
-40.14624786 75.41103363 32.49713898
-38.82524872 68.34603882 4.10513687
-42.78224945 70.39503479 41.37813950
-28.45724678 86.39003754 22.44513702
-27.20824623 84.36403656 40.70714188
-26.97224617 84.13603210 41.16814041
-28.05624580 71.75103760 34.70113754
-42.78025055 70.39804077 41.13613892
-32.64624786 66.08103943 43.40414047
-39.31924438 68.46703339 4.13813686
-39.22124481 68.46803284 3.89413691
-38.98124695 68.37903595 4.03613710
-26.77624702 83.99403381 40.57114029
-27.93224525 72.77603149 34.68713760
-28.29124641 72.48003387 34.49713898
-26.24224663 83.49504089 40.68614197
-25.13324547 83.48204041 15.60813713
-25.09124565 83.28303528 15.64613724
-35.72424316 66.45303345 38.43613815
-35.89024353 66.58903503 38.68313980
-21.70824623 68.17403412 6.62713718
-30.49024773 69.74803162 27.65013695
-30.31524467 69.78403473 27.27613831
-30.60624504 69.94903564 27.57913780
-24.73424721 83.46803284 15.77813721
-27.92724800 81.95103455 11.06913757
-27.84824562 81.72803497 10.91613770
-34.12924957 67.71503448 3.37813687
-26.73924446 86.68403625 29.92213821
-26.36324501 86.67903137 28.99313736
-33.44124603 84.81404114 38.96813965
-33.36424255 84.83503723 39.07213974
-23.61024666 74.50603485 6.97913694
-19.42924500 71.80703735 3.84013700
-19.42924500 72.02403259 3.70613694
-19.43424606 71.86903381 3.27313685
-23.12424660 74.40103149 7.20213699
-41.24424744 74.13403320 34.93613815
-41.53424835 74.13803101 34.91213989
-41.75924683 74.48503113 34.93413925
-23.28124428 77.91203308 38.67913818
-23.38824654 78.42003632 38.92514038
-24.67124748 71.20404053 37.62514114
-24.79924583 70.96503448 37.61714172
-36.79324341 68.60603333 18.04113770
-36.63724518 68.57503510 18.22613716
-41.63124847 69.18403625 4.91213703
-41.39024353 69.09003448 5.04313707
-41.74224854 69.13203430 4.81413698
-37.60025024 67.47403717 24.06713676
-24.22624779 71.89303589 37.67113876
-24.46324730 71.41603088 37.68714142
-24.60224724 71.11203766 37.80614090
-28.81124687 67.75003815 38.97314072
-41.67224884 79.03903198 27.34913826
-42.57324982 78.68703461 43.46113968
-32.09324646 83.00303650 32.70413971
-31.60124779 83.04203796 32.82313919
-42.38724518 79.06604004 43.47214127
-25.42524529 71.07103729 45.02214050
-31.74024773 66.59803772 17.30513763
-26.97524452 71.60704041 15.37713814
-26.57424736 76.03203583 11.16413689
-29.22224617 65.83003235 31.14613724
-28.94624519 65.68603516 30.78613853
-29.04424477 65.79103088 31.04713821
-28.83524513 65.73103333 31.47413826
-29.06324577 65.80403137 31.22313690
-28.31824684 75.13203430 38.89213943
-36.33625031 70.57603455 26.62113762
-36.45724487 70.68503571 26.74413681
-29.43524742 65.76403809 31.04913712
-22.64024544 70.27603149 19.76713753
-22.65724754 70.23803711 19.99913788
-22.47024727 70.21003723 19.88913727
-28.47624779 70.45503235 35.84214020
-26.32924461 80.19603729 14.33713722
-32.67624664 67.20903778 20.24313736
-28.18924522 83.81003571 33.38813782
-39.44424438 70.59403992 11.75813675
-34.19324493 67.55703735 22.03513718
-43.90024567 74.91403198 13.24913788
-39.11724854 73.36003113 32.48814011
-33.95524597 67.72903442 22.07813644
-34.12324524 68.36203766 22.99213791
-39.50124359 84.22503662 35.78813934
-39.76324463 84.20603943 35.90414047
-40.09424591 77.77703857 32.62113953
-40.14824677 77.61503601 32.36613846
-40.08824921 77.81203461 33.00814056
-27.30824471 72.32703400 15.52913666
-27.15424538 72.62203979 15.51013756
-35.17124939 66.00103760 43.89113998
-39.78824615 67.35703278 43.45714188
-41.66224670 74.54803467 10.14813709
-36.33124542 82.18203735 31.09713745
-27.77624702 73.42604065 34.73014069
-27.58624458 73.29003906 34.88513947
-36.67724609 82.16403198 31.70813751
-37.15524292 80.97803497 30.30213737
-39.09224701 84.53703308 14.91513824
-38.59724426 84.67903137 14.58113670
-29.58224678 65.87003326 34.36013794
-20.20024681 71.89703369 7.11713696
-30.13524437 68.69003296 32.70413971
-22.57424736 67.61603546 15.88513756
-27.42224693 82.96903992 26.58813667
-19.31724548 76.78303528 3.96413684
-20.19924736 71.87703705 7.36113691
-31.70124626 69.41003418 32.83213806
-28.27624702 82.49703979 24.76813698
-27.97924614 82.35103607 24.28213692
-19.22424507 76.66003418 3.80913687
-19.22724533 76.39804077 3.66213703
-32.03424835 69.46603394 32.71413803
-36.02124786 86.83103943 38.76713943
-36.12825012 86.90503693 39.11314011
-22.33824730 78.56803894 6.98013687
-22.17424583 78.55503845 6.91013718
-35.86124420 85.84803772 4.73713684
-25.79124641 69.63203430 8.74113655
-25.25024605 69.73003387 8.76713753
-24.29924583 82.03604126 16.71613693
-35.38024902 85.68503571 5.00013685
-35.78224945 85.79803467 4.92113686
-37.07224274 82.49303436 35.10413742
-27.31724739 74.14703369 36.35314178
-20.98924446 69.14803314 18.46613693
-26.70624733 70.42003632 27.28713799
-36.33524323 86.37703705 42.97114182
-37.40724945 81.94903564 34.96313858
-37.48224640 82.08803558 35.05513763
-27.02824593 70.24503326 27.48713684
-29.42724800 69.12303162 35.55913925
-43.23024750 78.37703705 11.83313751
-37.13624573 82.02304077 34.74813843
-28.07224464 70.22403717 14.48713684
-40.29324341 72.85303497 34.85013962
-29.52424431 65.68003845 30.55113792
-30.22724724 65.72903442 31.04513741
-27.36524773 74.99103546 7.04413700
-23.86424446 85.28503418 25.86413765
-25.46124458 87.22703552 18.23713684
-40.67324829 73.44403076 34.88913727
-40.48524475 73.67803955 34.84413910
-40.53524780 73.19403076 34.86013794
-40.42024994 73.38403320 34.85913849
-43.02024841 70.74103546 20.06413651
-39.67824554 85.57003784 3.77813697
-28.45624733 67.94503784 15.02013779
-27.84724617 67.95903778 14.96013832
-32.08824921 83.52003479 34.28013992
-31.86224556 83.61303711 34.54613876
-32.22724915 83.68503571 34.55613708
-35.75924683 67.53203583 37.50614166
-35.36924744 67.74303436 36.90613937
-35.55224609 67.56103516 37.66413879
-40.12124634 85.48204041 3.80313683
-39.85124969 85.51303101 3.97613692
-34.05524445 84.30703735 6.89013672
-40.90625000 70.99803162 43.07814026
-27.45324516 68.26203918 14.92913818
-36.05424500 70.26503754 8.99913692
-27.46324730 73.14503479 36.51113892
-45.92724609 78.53103638 20.00713730
-26.29624748 69.48803711 8.75913715
-28.66224480 66.72203827 22.39013672
-45.96224976 78.41903687 20.23213768
-38.89225006 81.08503723 28.26013756
-32.83824921 65.80603790 41.80213928
-28.71024513 81.91503906 28.98013687
-29.70924568 82.11903381 29.51213837
-43.04024506 77.38003540 25.96713829
-43.28924561 77.23103333 25.64813805
-43.24324799 77.89703369 25.60613823
-32.15524292 65.86403656 41.36714172
-26.55224419 79.89103699 41.78713989
-30.00924492 67.26503754 19.30013657
-32.47624969 65.88103485 40.14213943
-33.57424927 69.11103821 13.78013802
-36.67124939 71.16003418 31.81913757
-26.67724419 87.02203369 16.98013687
-26.60424614 86.93303680 16.75213814
-32.32024384 65.87403870 40.63613892
-31.93224525 65.90403748 40.44113922
-34.57324982 75.16803741 38.18613815
-27.74524498 78.42604065 20.72713661
-41.53025055 77.80903625 9.40913773
-41.43024445 77.98703766 9.21913719
-38.00124359 83.94903564 42.34413910
-24.88424492 67.52403259 28.52113724
-27.21424675 77.04203796 10.06813717
-23.31924629 74.84103394 37.80714035
-23.27424431 74.85303497 37.91213989
-33.99524689 82.05403137 25.52813721
-32.94424438 81.79603577 25.08813667
-29.85724449 70.45203400 10.87213707
-29.90124702 70.48903656 11.12213707
-27.85524559 84.20903778 34.68613815
-23.76724434 81.39003754 9.35013771
-30.35024452 86.39103699 43.33414078
-30.10524559 86.23503113 43.51813889
-30.47124672 86.27503967 44.02614212
-44.68824768 75.89103699 42.74613953
-22.80524635 84.81803894 23.77113724
-34.28824615 86.35504150 44.01013947
-44.72424316 76.15303802 42.68413925
-44.70924377 76.64403534 42.76113892
-25.76824760 76.84204102 41.98114014
-35.52124786 86.93503571 38.13414001
-26.40124702 77.17903137 33.52613831
-26.46324730 68.05903625 31.56113815
-21.55124474 85.57403564 3.81413698
-21.45924568 84.96003723 4.19213676
-21.09624672 84.78403473 4.18613720
-25.65424538 78.55703735 37.22613907
-39.70924377 78.68803406 33.52013779
-27.28424644 79.09503174 31.62213707
-27.51824760 79.16403198 32.08913803
-25.37624550 81.36803436 17.08313751
-23.79124641 85.16203308 4.34613705
-23.65424538 85.21003723 4.23113680
-26.96624565 72.48603821 45.02014160
-35.94224548 69.85403442 25.65213776
-36.25224304 69.77803802 25.79313660
-26.96724510 72.33903503 45.23814011
-43.59724426 81.73503113 16.37413788
-45.58824921 76.77703857 15.91113663
-27.97324562 85.34403992 37.36513901
-27.90624428 85.68103790 37.45314026
-29.03724480 84.49903870 23.34313774
-28.82224464 84.77203369 23.02313805
-43.23324585 81.98903656 15.84713745
-42.69124603 82.53003693 15.72513771
-38.17824554 71.83803558 7.91313696
-26.56824684 79.77203369 42.51813889
-32.65324402 70.76203918 28.76913834
-28.31724739 69.04003906 21.31813812
-28.34324455 69.01303101 21.13813782
-28.25024605 69.39203644 20.94213676
-36.07324982 69.97403717 25.99313736
-36.15224457 70.31103516 26.29713821
-23.05524635 70.88703918 7.64113712
-26.18824577 81.27603149 10.07813740
-26.21224785 81.76903534 10.07013702
-39.04424286 79.07603455 37.74914169
-23.55124474 82.79503632 8.81813717
-23.30324745 82.52003479 8.72813702
-23.38824654 82.49803162 8.85713768
-28.12124443 84.43803406 45.47814178
-28.77924538 82.47203827 20.97113800
-27.61724663 78.20103455 34.75413895
-36.50924683 66.07803345 41.60414124
-36.67024994 66.23903656 40.87014008
-36.53624725 66.14803314 40.87913895
-39.31424713 68.96003723 23.14513779
-39.20824432 68.95203400 22.98413658
-39.31224823 69.15103149 22.92213821
-30.61424446 66.06303406 37.89514160
-24.55224419 77.37703705 31.28113747
-24.22524452 77.20703125 31.54713821
-38.01924896 85.60003662 24.69413757
-37.33625031 85.80803680 23.85313797
-26.92124748 80.66304016 17.81713676
-34.34124756 84.14003754 6.24313736
-35.01725006 84.03403473 6.04113674
-40.96924591 83.33303833 24.36013794
-35.96824646 66.00303650 40.79114151
-23.19024467 68.08203125 5.20113707
-40.43224335 83.36903381 35.55113983
-40.11224365 78.90303802 37.62913895
-40.46024323 78.66003418 37.59714127
-24.17224693 70.13403320 15.59613800
-26.80924416 78.87903595 18.49413681
-26.86524773 78.57303619 18.72613716
-40.21224976 83.24504089 35.48413849
-40.43124390 83.00403595 35.42613983
-28.28824425 83.52104187 45.49013901
-28.46924782 83.96203613 45.48714066
-28.98324776 82.94803619 45.38914108
-35.93324280 71.53503418 29.92513847
-38.84224701 82.79103088 35.22613907
-33.66624451 86.05003357 4.74313688
-33.45124817 85.88203430 4.89613724
-33.75024414 85.67203522 4.99713707
-44.35924530 77.80903625 24.02913666
-36.14724731 66.54503632 39.06713867
-36.08724976 66.67003632 38.98514175
-39.42724609 81.89103699 35.13414001
-20.98424721 85.29703522 3.70613694
-27.64024544 65.86803436 21.01013756
-27.82724571 66.01403809 21.01013756
-42.11924744 82.73103333 21.76013756
-28.42624474 85.63603210 4.76613712
-27.94424629 85.56103516 4.75513697
-39.21424866 82.12403870 35.14213943
-38.89624786 82.05803680 35.18014145
-38.86124420 81.74303436 35.14413834
-39.12024689 69.13903809 22.63713646
-27.46224785 81.17503357 30.58613777
-34.48724365 86.21704102 35.52214050
-34.30724335 86.24504089 35.45513916
-39.54624939 74.01603699 32.31513977
-26.79324532 71.78203583 17.38213730
-26.52524757 71.57703400 17.52613831
-39.00924683 82.38103485 35.18214035
-22.46324730 76.11203766 5.57813692
-21.86524391 76.19903564 5.45213699
-20.58924675 84.29803467 4.07713699
-20.74524498 84.43003845 4.15913677
-40.08824921 73.89703369 29.76013756
-38.50524902 70.56503296 34.79513931
-38.49224854 70.81003571 34.80513763
-26.47824669 71.54503632 17.36613846
-38.48524475 70.27603149 34.83813858
-38.15924835 70.27903748 34.83213806
-42.04124451 71.79303741 13.16013718
-28.41824532 66.93203735 20.90913773
-32.99524689 86.93803406 42.82614136
-28.23324776 78.90003967 21.97813797
-28.41524696 79.24403381 22.06513786
-26.33424568 77.18603516 11.48113632
-24.59424782 77.37103271 6.13613701
-35.67424774 86.08903503 3.53913689
-35.56124878 86.13203430 3.75513697
-27.95524788 81.99504089 31.14413834
-26.33824730 76.98503113 11.61913681
-26.24424553 76.73003387 11.96413803
-38.70524597 71.74103546 8.92213726
-38.25124359 70.89703369 9.78313732
-28.11924553 86.57603455 21.29113770
-27.90824699 86.71203613 20.83313751
-42.12424469 71.21704102 35.61214066
-41.96724701 71.07803345 35.57114029
-27.81624794 81.93303680 30.61513710
-26.30424690 76.62603760 11.74313736
-38.49724579 70.96603394 10.00913715
-32.60124969 68.29603577 38.80113983
-44.04724884 74.25903320 5.55513668
-43.98424530 79.18703461 24.03013802
-24.54724693 70.87103271 18.08013725
-24.48624611 70.94503784 17.78413773
-36.91024780 67.61503601 24.27013779
-26.46424675 80.61203766 13.65213776
-26.49024773 80.63304138 13.49313736
-44.04924774 76.07003784 5.68813705
-38.73324585 70.39603424 5.78413677
-39.41124725 69.92903137 5.60813713
-39.73724365 69.18403625 5.40413666
-24.77324486 70.98403931 17.73313713
-35.16824341 82.40503693 25.20313835
-39.43624878 73.52103424 34.76213837
-24.71224785 70.97703552 40.14014053
-36.08625031 85.93103790 4.62813711
-36.55524445 87.01203918 42.35514069
-36.26725006 85.93904114 4.54113674
-26.09824562 80.24703979 28.22313690
-26.22424507 80.42803955 28.37113762
-26.12224770 80.14403534 28.31613731
-42.25024414 72.63303375 35.03513718
-27.37224770 79.87403870 31.21313858
-29.27024651 67.26303101 40.65914154
-25.69924736 81.81703186 45.63214111
-25.63924599 81.94603729 45.36114120
-40.30024719 69.33603668 17.83013725
-40.54524994 69.42003632 18.25713730
-27.08824730 76.56604004 19.79313660
-26.94624519 76.48204041 19.54813766
-35.45224762 67.82203674 44.18714142
-35.36524963 67.87703705 44.11214066
-23.49724770 82.32803345 9.02213669
-23.62624550 81.90103149 9.22213745
-37.42024994 81.00003815 29.92613792
-34.81524658 65.93303680 40.27814102
-36.04324341 81.32403564 29.47113800
-35.44324493 81.42503357 29.22213745
-35.94724274 81.48803711 28.94413757
-41.88724518 82.86503601 43.66213989
-42.25924683 83.07803345 43.56914139
-33.07224274 69.96503448 6.48013687
-42.74724579 82.72903442 19.32013702
-42.11425018 83.11703491 19.82513809
-41.69324493 83.45703125 19.20113754
-22.55524635 69.51004028 16.05613708
-22.07124519 69.59703827 16.38513756
-22.23024559 69.45003510 16.23013687
-25.69924736 73.67003632 29.13913727
-25.83024788 74.02803802 29.54613686
-33.13824463 82.82803345 32.52313995
-33.19724274 82.71704102 32.18113708
-34.07224274 86.53804016 35.54413986
-33.78125000 86.48403931 35.55714035
-20.89724541 68.70903778 17.34613800
-33.25224304 68.23303223 33.51113892
-22.43324471 86.35504150 17.58013725
-28.24324608 85.05203247 38.73514175
-28.13324547 84.94003296 38.32313919
-41.20324707 84.00403595 40.57614136
-44.46224976 80.10803223 15.48413658
-44.30024719 80.41603088 15.52713776
-40.87825012 68.53103638 41.00214005
-41.06924438 68.63403320 40.93214035
-27.13124657 81.56703186 12.21613693
-27.29124641 81.83903503 12.29113770
-29.60924721 66.84403992 42.98014069
-29.84024620 66.77303314 43.67713928
-24.99524498 65.81403351 17.02313805
-46.16124725 76.58903503 20.17513657
-25.58524513 86.09703827 3.63013697
-25.42124748 86.01903534 3.32713699
-26.65224648 80.09303284 17.10713768
-27.58324623 78.29203796 20.38613701
-39.05825043 69.02303314 43.73714066
-38.83024597 68.93503571 43.78113937
-25.58224678 77.66803741 6.35913706
-25.47324562 77.82203674 6.43713713
-28.39824486 66.56903839 18.71613693
-20.82324409 72.19003296 5.32113695
-30.39024544 68.88403320 40.49914169
-30.45524788 68.84303284 40.13513947
-38.43324280 70.64403534 10.67913723
-32.81024933 84.95303345 32.20613861
-32.52524567 84.66803741 31.80313683
-32.41524506 84.33103943 31.99313736
-32.03724670 84.45003510 30.92413712
-32.35424805 84.45503235 31.65913773
-33.87724304 85.19403839 16.01613808
-34.01824951 85.16703796 16.14113808
-34.11524963 85.19903564 16.00513840
-22.85924721 83.18003845 7.13713741
-36.51024628 71.11303711 6.97113705
-37.36024475 68.06503296 20.58013725
-23.06024742 83.38103485 7.11813736
-33.73124695 84.73803711 42.18413925
-23.12224770 83.19503784 7.40413713
-23.01024437 83.10803223 7.29313707
-28.06924629 84.77603149 8.72413731
-28.71424675 84.79503632 9.19013786
-27.51924706 80.41003418 31.06913757
-35.44824982 84.36103821 8.16713715
-31.01524544 69.16903687 20.82213783
-30.88024712 69.33303833 20.97213745
-32.64524841 68.17203522 42.51913834
-31.35524559 68.78903198 20.76613808
-34.12924957 68.47703552 35.04913712
-34.38724518 68.44303894 35.00313950
-28.76024437 86.23703766 39.66213989
-32.44424438 82.81404114 32.15213776
-32.12024689 82.78403473 32.02813721
-19.63424492 81.28604126 5.48713684
-42.56224823 81.09103394 35.46514130
-42.76524353 80.25903320 35.24914169
-42.44524384 80.83203125 35.28414154
-28.86024666 86.18303680 40.41413879
-28.64724541 86.14203644 39.84413910
-42.58324432 82.66903687 43.48114014
-43.12825012 80.06404114 12.50013733
-44.61224365 81.32203674 3.66413689
-44.72424316 81.27304077 3.80713701
-29.97824669 68.99703979 35.60713959
-30.21024513 69.04803467 34.53113937
-42.99224854 79.49703979 35.19913864
-42.31224823 82.30203247 43.56914139
-32.56624603 85.60203552 21.47913742
-32.14225006 86.10103607 20.89613724
-39.61024475 84.42703247 18.58613777
-29.46224785 85.78103638 15.77613831
-40.23524475 85.38903809 4.05713701
-23.77024651 68.01004028 5.78213692
-42.97324371 79.71603394 35.29814148
-30.38324547 66.19403839 27.73713684
-30.16824532 83.32403564 29.24613762
-23.77124596 79.52603149 40.16714096
-37.71024323 85.27003479 25.50613785
-39.69124603 68.85704041 24.13213730
-39.44624329 68.67203522 23.52613831
-35.19424438 85.03503418 17.23313713
-29.79224586 83.14604187 28.43313789
-29.46224785 83.01503754 27.87613678
-31.94624519 70.31604004 23.00313759
-32.53524780 70.26303101 23.52513695
-37.52724457 85.51503754 24.99113655
-30.15424538 84.38803101 5.84613705
-22.60924721 74.39903259 7.21313715
-22.78124428 74.28703308 7.31713724
-44.67324829 75.37503815 42.71414185
-44.61624908 75.38403320 42.80014038
-44.37624359 75.68103790 24.03913689
-44.14125061 75.92203522 24.41213799
-40.43524933 76.99003601 34.74514008
-32.96624756 84.22003174 6.06113720
-32.80124664 67.65503693 31.78813744
-32.67224884 67.93703461 31.72613716
-32.92024994 68.02903748 32.32613754
-45.35824585 74.19903564 16.26713753
-45.52124786 74.50303650 16.41713715
-29.53824806 80.89603424 24.82513809
-31.54024696 84.40603638 6.31613731
-30.86224556 84.43503571 6.24813700
-41.68325043 70.56503296 35.90914154
-30.32324791 66.13303375 37.53913879
-36.64324951 84.49103546 39.34513855
-25.10524559 81.31404114 18.25513840
-25.25624657 81.29603577 18.04113770
-29.21924782 69.57603455 30.06713676
-30.56324577 69.55403137 29.75213814
-43.80424500 71.73204041 5.01713705
-20.21324730 83.54103088 7.13213730
-27.09324455 71.82203674 39.25614166
-33.12324524 67.88603210 4.91913700
-33.20324707 68.33003235 5.10313702
-28.27524757 67.95703125 4.97013712
-27.29324532 73.78003693 39.04613876
-31.37024498 66.49003601 18.33513832
-34.52524567 84.26403809 7.02013683
-34.90424347 84.09503174 6.62013721
-35.28824615 85.24304199 14.69013786
-35.69024658 85.23204041 14.61213684
-35.51124573 85.18403625 15.76613808
-27.32824516 70.05003357 29.07213783
-24.59924507 77.29003906 31.92313766
-27.17124748 76.71303558 10.14013672
-27.04124641 76.84903717 10.29913712
-24.64024544 76.85303497 32.20713806
-30.51924706 65.76803589 32.41913986
-30.27624702 65.73603821 32.29213715
-33.42924500 68.45603943 35.08113861
-33.12424469 68.44903564 34.90713882
-38.98925018 73.41803741 33.75114059
-38.81324768 73.15903473 33.62513733
-29.12324715 71.59303284 21.05313683
-27.64324760 72.31503296 19.45013809
-27.62024498 72.67303467 19.48313713
-35.35224915 85.08203125 17.09313774
-35.53824615 85.06203461 17.28013802
-34.85025024 70.51203918 32.01113892
-30.00724602 68.81703186 38.73913956
-29.97024727 68.86203766 38.80614090
-30.70424461 82.89703369 33.36314011
-25.82624626 77.66203308 6.47413731
-34.37624359 70.61903381 31.97713852
-26.36724663 80.43303680 28.72713852
-20.57224464 84.02803802 6.79613686
-20.59224510 84.12603760 6.58713722
-29.86924553 71.64303589 22.25513649
-32.61824799 83.93703461 22.53613663
-29.61824608 71.78804016 22.26213646
-32.66224670 84.33103943 22.32013702
-33.03424835 84.15103149 22.70913696
-32.48724365 84.12203979 22.29413795
-27.80324745 74.96003723 21.39513779
-27.87924767 74.73103333 21.42613792
-41.93624878 74.86103821 37.69113922
-41.95924377 75.45903778 37.57913971
-29.34824562 67.24503326 24.46213722
-28.98824501 67.45503235 23.35313797
-28.92624474 67.65603638 23.21013641
-41.93724823 73.09503174 41.47414017
-41.77624512 73.20603943 39.65813828
-28.95924568 71.35303497 12.08213806
-34.66524506 69.14803314 13.16913795
-32.59824371 77.24703979 38.45114136
-35.81024933 82.48303223 38.25114059
-31.17224693 86.65403748 43.22814178
-29.11424446 71.20003510 12.13113785
-29.21124458 71.06403351 12.33213806
-38.01624298 83.31303406 35.27313995
-37.62825012 83.32303619 35.28414154
-37.45124817 71.90203857 33.51713943
-37.52024841 71.99203491 33.66114044
-29.74724770 82.98503113 35.56314087
-29.69324684 83.00303650 35.71614075
-30.56024742 83.79503632 35.24514008
-30.10424614 83.65603638 35.55213928
-20.45324516 80.61203766 7.77613688
-22.37024498 86.65503693 19.65613747
-26.00424767 84.27703857 8.82613754
-25.26724434 84.18403625 8.58813667
-21.15924644 79.92703247 7.73413706
-27.11624718 72.24603271 44.04314041
-32.31424713 81.46303558 26.16913795
-32.50724792 81.52403259 26.88513756
-43.25024414 83.43503571 3.96313691
-43.39724731 83.17604065 3.98113680
-43.27124786 83.37803650 3.74813700
-42.75224304 82.43603516 41.67113876
-42.98024750 82.06803894 41.47214127
-42.83924866 71.77403259 14.44813728
-30.82124519 81.12503815 25.00013733
-31.21224785 81.20303345 25.02013779
-27.53624535 73.09103394 19.55113792
-27.71124458 73.02003479 19.95113754
-32.49224854 82.10103607 30.00413704
-32.38524628 81.95204163 29.77313805
-43.06924438 72.18503571 14.20313835
-31.55424690 81.29803467 24.90713692
-32.24124908 81.95803833 29.65113831
-27.87824440 73.91703796 9.65913773
-42.26524353 84.30803680 4.00013685
-27.26524544 79.54503632 9.79213715
-29.25424767 83.01903534 45.19614029
-36.65625000 69.30903625 25.95213699
-26.96724510 81.46903992 19.79213715
-31.69124794 83.44703674 34.26813889
-40.78224945 73.54803467 28.05513763
-40.98324585 73.42703247 27.67413712
-34.17824554 69.66403198 33.50814056
-36.53024292 83.87103271 25.65813828
-40.43024445 70.19803619 35.09013748
-40.41624451 70.76403809 34.98413849
-40.19424438 69.66203308 35.18014145
-40.04024506 69.96903992 35.05413818
-33.86524963 87.05403137 37.11214066
-32.88824463 69.87803650 31.16913795
-20.96024513 68.79003906 18.66513824
-19.17124557 79.75503540 4.21913719
-19.22024536 79.68603516 4.30113697
-38.55524445 69.80103302 37.88214111
-34.21424866 87.11903381 38.21213913
-27.78824425 71.80603790 19.53613663
-24.79924583 84.35103607 5.20713711
-26.88324547 83.84204102 37.24613953
-35.54724884 82.35103607 25.53013802
-29.87024498 86.39604187 16.28313828
-26.60624504 80.65203857 15.94013786
-26.66524696 80.79303741 16.61113739
-27.59824562 71.72503662 19.33113670
-27.91524696 79.45103455 35.07213974
-27.54124641 73.04103088 35.03213882
-27.64124489 72.73703766 34.93713760
-24.82124519 69.28303528 24.77413750
-26.70224571 75.08603668 18.34813690
-30.29324532 68.72503662 30.42313766
-27.58124733 69.82203674 21.63613701
-42.92024994 76.91603088 5.90913677
-42.90625000 76.55303955 5.89113712
-42.88624573 78.61303711 25.90513802
-27.42024422 69.51503754 14.79713821
-27.24624443 68.63203430 14.90113831
-31.34224510 69.43103790 31.89713860
-33.01524353 70.00003815 31.20213699
-28.66024590 68.47603607 22.95913696
-28.81424522 68.27603149 23.31313705
-45.56024933 79.74403381 18.39913750
-30.05924797 65.82203674 28.49013710
-42.12825012 69.24103546 4.48813677
-42.25224304 78.04603577 40.11714172
-27.21724510 78.78403473 10.01413727
-27.05424690 70.46303558 14.71013832
-26.73624611 70.34003448 14.80313683
-33.28125000 68.79703522 15.42513657
-27.35324669 78.58503723 9.77913666
-35.73424530 82.35504150 32.69913864
-35.88924408 82.34003448 32.66613770
-26.50824547 70.58903503 14.87813759
-22.44924736 83.75103760 22.74113655
-26.33024788 80.22503662 13.47213745
-40.06124878 83.78403473 12.85413742
-31.74324608 70.25703430 28.85413742
-26.80624580 68.37503815 5.53713703
-26.52324486 68.34303284 5.43213701
-27.49124718 68.46703339 5.60713673
-27.42524529 68.47503662 5.77913666
-27.29124641 68.83503723 27.25913811
-20.60724449 71.56103516 5.85113716
-43.01024628 76.33703613 5.87413692
-20.59624672 71.88403320 7.75913715
-42.69624329 81.20703125 12.84613800
-42.47224426 81.69803619 13.09713745
-28.53424644 84.77003479 45.43014145
-26.88724709 80.24703979 17.80713844
-22.93724632 65.73403931 17.67313766
-24.88924599 84.19903564 8.34213734
-28.19124794 67.38403320 35.27613831
-28.30624580 66.98403931 35.29413986
-27.97524452 67.00503540 34.77713776
-23.45724678 67.47103882 4.06113672
-22.84124565 67.57503510 3.97413683
-28.37024498 86.01803589 39.16413879
-28.34224510 85.93703461 39.16213989
-28.63724709 86.07103729 39.97914124
-23.45224571 86.72203827 17.43413734
-23.38924599 86.61303711 17.32513809
-41.81324768 72.44003296 42.76514053
-28.41424751 66.99803162 37.38613892
-24.19924736 74.97803497 24.77813721
-24.19724464 75.39503479 24.77613831
-36.33424377 82.25703430 31.97013855
-24.91324425 74.99504089 27.72613716
-24.88224602 75.43003845 27.61513710
-39.22525024 69.23103333 22.45813751
-19.88524628 70.27903748 3.75113678
-19.96324539 70.17303467 3.72013688
-32.08624268 87.08203125 33.19713974
-32.51624298 86.97903442 33.30213928
-32.33824921 87.05903625 33.52313995
-39.01124573 69.07103729 22.24413681
-21.95024681 83.23703766 21.27813721
-27.62524605 77.48503113 33.10013962
-27.47424507 77.50003815 32.73313904
-37.38724518 83.38003540 35.31613922
-40.15924835 71.40503693 11.28213692
-40.58724976 71.51803589 11.60913658
-41.23124695 71.76603699 12.07813644
-27.26324654 80.04503632 10.32213783
-32.17324829 86.03503418 4.60713673
-31.99824715 86.02603149 4.62413692
-42.88024902 70.23903656 3.51113701
-24.54724693 76.79003906 24.45513725
-24.55924416 76.56404114 24.33413696
-24.75024605 76.11903381 24.17213821
-34.46124268 82.01203918 32.24213791
-42.83625031 69.99203491 3.58213687
-42.78224945 69.83803558 3.70413685
-22.03324699 68.84603882 4.91213703
-41.65525055 80.33703613 43.27613831
-41.42424774 80.70303345 43.31414032
-42.54824829 74.14103699 42.68513870
-42.47924805 74.32703400 42.01314163
-45.33424377 78.85303497 16.16213799
-40.72424316 70.99504089 42.10213852
-34.44524384 82.15003967 32.44913864
-34.61324310 82.04603577 32.30413818
-34.54824829 82.15903473 32.56613922
-21.09124565 69.74903870 7.52613688
-21.51224709 69.08303833 7.35513687
-38.10025024 68.66203308 43.75914001
-33.09224701 85.21303558 15.47613716
-45.60224915 78.56203461 16.60413742
-27.05724525 68.89103699 37.62414169
-27.20724678 68.85103607 37.48714066
-27.25424767 81.10303497 41.46414185
-36.70424652 68.28503418 43.35113907
-44.55524445 76.92703247 40.86314011
-44.53724670 76.84003448 40.53713989
-19.21024513 79.64303589 6.86613703
-28.35224724 79.96803284 20.30213737
-29.81024742 69.92603302 26.50013733
-19.33324623 79.29703522 6.90813732
-39.70624542 70.15303802 25.97713661
-39.58625031 70.05403137 26.09013748
-39.75524902 81.69503784 35.17314148
-21.38324547 68.25303650 3.77013683
-21.41324425 68.39003754 3.85013700
-44.43724823 74.51903534 40.76613998
-27.38224602 78.17103577 35.17113876
-28.76024437 83.00203705 22.02313805
-28.63824654 82.75303650 22.12813759
-22.22024727 67.13203430 3.43813682
-40.20524597 74.44703674 30.40013695
-22.20324516 82.52803802 17.99713707
-22.10424614 82.52703857 18.18713760
-22.09624672 82.74504089 17.82613754
-32.05224609 68.33603668 39.73514175
-32.38024902 68.27703857 39.68214035
-43.47124481 71.01703644 19.61813736
-42.18124390 82.85103607 21.04613686
-24.54024696 78.24303436 6.47313690
-24.63824654 78.42003632 6.62713718
-31.83224678 68.32103729 43.65814209
-31.87224770 68.33303833 43.31414032
-27.27324486 84.28903198 37.98614120
-41.25325012 75.34903717 34.89813995
-29.51824760 66.07803345 35.70013809
-29.22324562 66.08103943 35.33013916
-26.45624733 84.53203583 31.30313683
-26.41524696 84.85803223 31.35713768
-31.13124657 85.11503601 15.59013748
-26.80324745 81.16803741 13.08713722
-26.85724449 81.31903839 12.98713684
-28.54424477 65.62903595 28.63913727
-36.53624725 84.75203705 19.42013741
-36.26424408 84.77503967 19.44613647
-36.19224548 84.81003571 19.19513702
-26.50524712 72.71503448 40.97513962
-28.98524666 66.38703918 35.71813965
-22.88424492 70.80104065 17.74113846
-27.24924660 71.32403564 19.02813721
-21.48024559 70.16603851 17.82313728
-22.63224602 70.66503906 17.66413689
-27.51224709 87.08003235 16.76313782
-35.02024841 84.78203583 44.49314117
-32.17624664 70.46903992 24.32613754
-32.33824921 70.50003052 24.86513710
-39.59224701 82.13703918 27.48213768
-31.21124458 70.66003418 25.96613693
-32.97624969 86.56203461 20.58513641
-33.58124542 69.49803162 11.66113663
-33.19024658 69.50803375 11.73313713
-27.55224419 77.49803162 22.22213745
-26.30524635 77.90203857 23.34813690
-26.17924690 77.64703369 23.33413696
-29.58024788 66.33303833 38.05213928
-36.30124664 68.25603485 42.45513916
-36.31224823 68.21503448 43.13513947
-23.91624641 81.58003235 17.93813705
-43.13824463 74.72403717 12.15713692
-43.01424408 74.98703766 11.85013771
-43.30324554 75.44803619 12.12813759
-26.35524559 79.27503967 11.82413673
-35.92824554 83.16803741 38.27714157
-35.59624481 83.51403809 38.32413864
-23.85924721 66.42503357 25.35713768
-32.10924530 81.95204163 29.39813805
-24.20524406 66.30003357 25.89013672
-33.52124786 84.85903931 40.14313889
-29.00224495 85.87603760 23.64213753
-39.29224396 79.47703552 32.25814056
-33.19624329 86.02203369 17.87413788
-32.86924744 85.79303741 17.48213768
-26.91824532 71.93503571 17.56813812
-32.96624756 84.81703186 39.79914093
-30.08324623 83.18403625 26.21513748
-36.03924561 82.09903717 26.78513718
-35.70724487 82.16803741 26.39313698
-39.61425018 79.03403473 32.09813690
-39.59724426 78.95603943 32.32513809
-39.49024963 79.18603516 32.34513855
-24.26624489 86.25303650 25.53013802
-35.50224304 70.42403412 31.55013847
-44.42024994 76.59503174 39.45014191
-41.79425049 72.40503693 12.06613731
-37.25624847 71.22003174 27.94313812
-32.69624329 85.63203430 44.73313904
-32.63424683 85.33603668 44.73614120
-32.89124298 85.34903717 44.65814209
-28.01924706 77.99504089 21.64413643
-33.46424866 69.32903290 12.67613792
-28.43824577 79.05503845 34.13813782
-26.99824715 65.57103729 25.83213806
-28.60024452 70.15103149 34.57213974
-28.66224480 70.03903198 34.22713852
-31.64124489 68.80203247 35.00013733
-36.67424774 69.97403717 5.83313704
-35.33124542 69.80903625 5.85913706
-25.10624504 66.22903442 27.87113762
-25.29624748 75.55603790 37.25814056
-30.82324791 69.17403412 9.11513710
-31.35024452 69.24203491 9.28813744
-31.78924751 68.83003235 35.02713776
-24.59524727 71.98003387 9.08613777
-29.21724510 68.78603363 20.35313797
-29.03224754 68.98403931 20.45713806
-31.56724739 68.89603424 35.08013916
-29.12124443 83.16403198 39.72713852
-28.63724709 82.73903656 39.72414017
-28.57924461 82.21103668 32.54613876
-26.43724632 83.53604126 37.52114105
-24.31524467 75.86703491 5.88913727
-22.78624535 84.33203125 4.98613691
-26.62824440 71.10503387 29.78913689
-24.81124687 85.44303894 16.07613754
-29.59824562 86.04403687 20.08413696
-29.78924751 85.58503723 20.36313629
-26.96624565 70.60603333 29.98313713
-24.69024467 85.41703796 16.09813690
-33.64024353 81.60603333 28.45513725
-27.24924660 68.51203918 7.64413691
-27.13224602 68.60003662 7.97213697
-29.40924644 71.69003296 22.73413658
-34.15724945 81.64903259 28.10813713
-27.47124672 78.95204163 8.59013748
-27.27524757 79.00203705 8.46513748
-29.58524513 85.82904053 42.52413940
-29.68424797 85.81303406 43.25914001
-36.84124756 82.30104065 33.78713989
-36.97224426 82.13304138 33.49813843
-36.97724915 82.09303284 33.72313690
-29.82424736 69.39003754 31.39113808
-29.45924568 69.37603760 31.65413857
-26.91124535 73.21403503 15.94913673
-30.29824638 69.37903595 31.53013802
-30.78624535 69.31703186 32.61214066
-29.36024666 67.12203979 4.18713665
-44.63524628 75.78203583 41.59114075
-44.64324951 75.36003113 41.97814178
-34.17824554 66.52003479 35.36314011
-36.33724976 69.31403351 12.64413643
-36.47824860 69.46803284 12.10213661
-28.11324501 83.61703491 14.28513718
-24.04524422 70.46203613 19.53813744
-23.66324425 70.54903412 19.32213783
-35.57424927 70.13003540 25.71113777
-36.33625031 69.27003479 12.90113640
-26.39324760 65.74703979 28.67013741
-26.15124702 65.68703461 27.60213661
-23.75024605 70.55603790 19.12713814
-36.65924835 69.18903351 13.33013725
-36.14324951 69.21903992 12.94013786
-27.05624580 77.15203857 6.85013676
-27.29024696 76.97103882 6.89713717
-29.97224617 68.69903564 29.08313751
-40.24224854 83.52603149 22.66013718
-40.41024780 83.44803619 22.83713722
-27.01124763 77.76603699 6.93113708
-26.07724571 75.77903748 43.77513885
-26.03724480 75.53103638 43.31414032
-22.07824516 68.72303772 4.58413696
-23.80424690 70.67303467 18.86813736
-22.17924690 69.06604004 21.47013664
-31.16924477 66.03403473 43.53314209
-31.00624657 66.06703186 43.57413864
-31.28324699 66.19503784 43.62913895
-34.89124298 85.32704163 18.70113754
-28.12524605 73.64303589 21.42413712
-41.24324799 76.42803955 28.78813744
-35.53624725 85.08303833 19.09713745
-23.09524727 66.52403259 16.09413719
-22.91024590 66.44803619 16.22913742
-23.17624474 85.33103943 4.22113705
-34.77424622 85.88103485 19.12413788
-23.53624535 66.64903259 24.94013786
-35.94424438 82.16304016 30.83213806
-35.11324310 85.36003113 18.89913750
-27.01724434 70.55403137 19.40213776
-26.42324638 86.21303558 16.13013840
-42.79024506 78.31404114 43.41014099
-33.49924469 67.87803650 33.51514053
-38.10824585 75.17703247 37.77313995
-37.40324402 74.43103790 37.84114075
-26.47824669 86.40703583 16.26413727
-26.67724419 86.40403748 16.28913689
-26.60424614 86.58203125 16.37413788
-28.75724602 67.79003906 19.97113800
-25.75424767 74.67203522 40.52513885
-43.31124878 78.02503967 43.29513931
-43.57624817 77.38203430 43.21313858
-26.99924660 81.05104065 29.75513840
-28.80124474 68.08403778 20.16813660
-26.95924568 74.74103546 11.04313660
-22.45224571 69.23503113 7.27813721
-22.67324638 69.72903442 7.36413717
-22.72924614 69.30503845 7.24813700
-27.01124763 74.14703369 11.37713814
-26.89924431 74.15903473 11.57913780
-41.61224365 84.07203674 5.11213684
-19.45424652 71.91003418 3.99313688
-22.21624565 69.99403381 7.49513721
-22.42424583 70.68803406 7.58213711
-35.16224670 82.31903076 32.86513901
-35.40124512 82.33003235 32.75313950
-39.83924866 74.84204102 34.27113724
-23.97924614 68.31903839 6.49313736
-19.48324585 72.41503906 4.17913675
-34.44724274 69.81803894 33.13913727
-34.66924286 69.97203827 33.11813736
-34.40924835 69.78203583 33.44013977
-34.50524902 69.84103394 33.21813965
-33.95524597 82.34603882 30.97413826
-34.02724457 82.29603577 30.73813820
-34.29224396 82.25303650 30.64713860
-30.61224556 84.61003113 5.58313704
-30.69224739 84.49003601 5.66613674
-34.05924988 85.07003784 22.98813820
-25.52224541 68.30103302 29.18513680
-25.19624519 68.13603210 28.76613808
-38.92324829 71.45103455 37.62813950
-38.19124603 70.87703705 37.69213867
-26.49724770 80.46704102 15.04413795
-38.19824982 85.43003845 25.23013687
-38.28324890 85.49403381 25.01413727
-28.74224663 82.82503510 39.54613876
-27.84924507 82.76203918 12.95713806
-23.41524696 74.71704102 37.73213959
-23.69824409 75.05203247 37.66614151
-23.49724770 74.24403381 37.73213959
-21.68224525 67.64703369 3.43513680
-21.73124504 67.57503510 3.49413681
-29.83224678 84.21603394 25.54013824
-26.97624779 85.95703125 15.87613678
-45.50124359 73.67403412 17.42013741
-45.27224731 73.28103638 17.22213745
-45.45324707 73.73703766 17.09613800
-22.35424614 84.36603546 5.31613731
-28.89624596 81.44203186 26.67613792
-28.90424538 83.20303345 28.67413712
-29.42024803 83.17903137 28.72213745
-44.88524628 80.26403809 4.97213697
-44.92124939 80.39703369 4.59013700
-35.45824432 67.89203644 4.82413673
-35.61724854 69.14203644 25.01613808
-35.79624939 68.93603516 25.01613808
-37.02624512 82.42903137 26.49213791
-36.56224823 82.56003571 26.12713814
-21.11224556 84.26004028 5.15513706
-35.66524506 68.17703247 5.09613705
-25.72224617 83.59803772 27.61313820
-25.08424568 83.18403625 25.75013733
-24.43524742 77.16903687 45.66114044
-43.12324524 71.04303741 16.81013680
-42.59124756 70.89003754 15.90913773
-42.79324341 70.79303741 16.79713821
-24.30624580 77.17503357 45.62014008
-24.28224754 77.46603394 45.64813995
-39.23324585 81.43403625 35.10813904
-39.16424561 81.69503784 35.13013840
-39.05624390 81.55503845 35.08913803
-39.55424500 81.70503235 35.14513779
-27.60324669 86.42803955 33.22613907
-31.03924751 81.49403381 22.76913643
-39.77824402 81.20603943 35.11214066
-27.90824699 80.55803680 25.00013733
-27.70124626 81.08303833 26.32913780
-27.47324562 80.83203125 25.89613724
-39.18224335 83.18703461 9.77013779
-39.92824554 72.09803772 34.82713699
-39.62224579 80.88603210 35.04314041
-39.36224365 81.31103516 35.08813858
-39.58724976 81.12703705 35.11314011
-27.85624504 80.91503906 25.84213829
-27.94624519 81.21003723 26.52913666
-36.47224426 85.07603455 12.72013664
-36.09124756 85.16104126 13.13313675
-39.38724518 81.16003418 35.09013748
-39.19324493 70.17403412 12.37613678
-26.69124794 73.48803711 16.53813744
-26.60324669 73.70203400 16.39313698
-20.06624603 81.62303162 4.80513668
-20.14024544 82.16803741 4.84413719
-20.16524506 82.27803802 4.70013714
-27.38524437 76.90003967 22.23713684
-41.65324402 78.19003296 37.59614182
-19.93524551 80.53703308 5.02713680
-19.95524597 80.76603699 4.86913681
-25.49024773 77.01903534 30.51213837
-43.97224426 82.49303436 3.52513695
-26.98024559 76.20203400 6.68113708
-26.18824577 77.98603821 30.08913803
-41.47525024 76.79803467 9.27713776
-41.26725006 76.93203735 8.77713776
-41.17924500 76.51103210 8.63213730
-36.56724548 71.00803375 7.70913696
-31.07024574 67.64103699 4.66813707
-31.47024727 67.59803772 4.74013710
-31.35424614 67.71603394 4.80413723
-27.62924767 71.58703613 24.20713806
-28.26424599 71.52703857 23.98213768
-39.92024994 69.72003174 23.76813698
-39.90124512 69.61603546 24.58813667
-27.41124535 73.78903198 36.11214066
-27.17424583 74.38803101 35.74914169
-38.80224609 85.26103210 37.71213913
-30.45324516 68.76603699 35.26314163
-27.39824486 73.73003387 35.78913879
-39.03424835 85.26803589 38.50914001
-39.36324310 85.02003479 38.06613922
-39.50524902 85.10203552 23.84713745
-34.15124512 82.58703613 32.77914047
-34.06324768 82.83203125 32.90813828
-19.15824509 75.12603760 3.25513697
-19.19024658 75.33403778 3.34213686
-19.18624496 75.41503906 3.15213680
-26.25724602 75.42604065 12.96313667
-26.09724617 71.39603424 17.20513725
-26.47224617 74.91703796 13.01813698
-26.31124687 75.15803528 13.25713730
-28.47824669 67.46703339 35.72513962
-29.43024635 69.33203125 20.59913635
-29.81624794 69.28003693 20.67413712
-26.47324562 75.02203369 12.95713806
-23.09124565 75.10303497 5.87513733
-30.62624550 81.08103943 24.50413704
-26.30724525 75.22903442 13.05413818
-27.26724434 79.44104004 23.61813736
-40.99724579 70.05403137 35.39413834
-40.87624359 70.02803802 35.29013824
-41.16624451 70.32403564 35.33013916
-22.28924751 70.59503174 18.44413757
-39.41224670 72.81803894 29.19513702
-39.69324493 73.11003113 29.25413704
-39.48024750 72.66503906 28.81813812
-39.41124725 72.94104004 29.47913742
-39.93424988 73.79903412 34.81313705
-39.19824982 78.95103455 37.69614029
-39.34724426 79.15803528 37.72314072
-40.07724762 82.34603882 42.28113937
-39.23724365 72.73603821 29.28613853
-22.02024651 70.45203400 18.52513695
-24.15924644 81.38103485 9.47213745
-24.02724648 81.07603455 9.35013771
-23.71124458 81.12703705 9.27513695
-29.20524788 69.43403625 14.71113777
-29.45124626 69.52103424 14.72113800
-38.66224670 84.76203918 16.22813797
-39.35924530 84.55503845 16.37813759
-40.58924866 80.09503174 27.93813705
-40.24324799 80.11703491 28.27513695
-38.37224579 84.82403564 15.81413841
-28.63324547 70.19303894 35.72013855
-27.49724770 71.88003540 14.87413788
-28.86824608 69.33703613 14.77713776
-23.81024742 86.58303833 23.80813789
-36.75724792 68.72703552 34.87113953
-36.61624908 68.94303894 34.84613800
-24.64924431 69.67303467 8.07713699
-34.87825012 69.44003296 11.60613823
-34.69624329 69.36603546 11.98513794
-35.31724548 69.39103699 11.93113708
-24.55224419 78.33503723 45.47114182
-24.47324562 78.30703735 45.24214172
-24.51724434 69.97703552 8.04213715
-24.39224434 70.17103577 7.99213696
-24.33124733 78.14003754 45.04714203
-24.27624702 78.29903412 44.88814163
-33.74124908 68.03103638 34.53513718
-33.87024689 67.85303497 34.56113815
-38.47024536 71.11203766 34.74313736
-38.37124634 71.33803558 34.72613907
-26.20524788 85.91304016 30.58513832
-35.58624268 70.43703461 25.96413803
-40.13424683 82.19603729 39.07514191
-26.76624489 86.06103516 31.84013748
-26.46924782 86.10403442 30.96913719
-26.37824440 85.80803680 31.14213753
-31.30124474 65.98203278 39.43114090
-26.24124718 66.73303223 15.64513779
-25.89524651 66.93403625 15.47613716
-39.07924652 73.36603546 33.06613922
-38.94824982 73.13403320 33.06213760
-39.43024445 70.55203247 34.92813873
-38.96125031 70.36103821 34.86713791
-39.10124969 70.11303711 34.90113831
-40.56424713 78.08103943 34.96714020
-40.60524750 78.22503662 34.95913696
-39.16724396 70.75803375 34.86813736
-36.09224701 86.49304199 44.54014206
-26.41124535 71.42203522 37.02114105
-28.82324791 82.08703613 33.33013916
-28.75724602 82.13403320 33.02313995
-29.01424599 82.26903534 33.61513901
-28.64924431 81.87503815 33.09013748
-24.17524529 68.15103149 5.36713696
-33.73124695 68.38403320 35.34613800
-27.95324516 81.14603424 19.89713669
-27.31924629 68.81003571 29.51813698
-28.52524757 68.77003479 30.06613731
-26.89724541 79.63903809 18.37513733
-40.99224854 83.03203583 23.51613808
-37.41824341 85.93603516 4.24813700
-23.70124626 85.76703644 3.22213697
-23.40724754 85.62703705 3.44113684
-23.53424644 85.80104065 3.30413699
-23.60324669 85.69203186 3.41613698
-29.04524803 69.13003540 35.96014023
-27.29224586 65.98603821 18.78313828
-37.70524597 70.57503510 9.96413708
-37.77524567 70.69403076 9.75113678
-38.21524811 70.79403687 9.95513725
-46.06024933 76.80803680 20.77813721
-46.09724426 77.10704041 20.54613686
-31.32924461 68.05703735 20.02413750
-40.48424530 74.70903778 7.69813728
-40.63124847 75.15203857 7.62413692
-30.90924644 86.77503967 41.81314087
-31.18024635 86.90403748 40.68413925
-31.58124733 67.85903931 20.03013802
-36.94224548 81.14503479 31.28613853
-26.05224419 69.31503296 40.93513870
-25.97624779 83.77104187 28.57713699
-28.46624565 69.04203796 20.76813698
-25.63924599 86.43303680 28.19113731
-25.50524712 86.03303528 28.70113754
-35.14424896 71.33803558 29.08813858
-37.28924561 84.67803955 19.30113792
-37.86524963 85.70803833 4.65313721
-32.72424316 69.69104004 31.70213699
-32.68324280 69.65803528 31.84913826
-20.95824623 71.28804016 5.18513680
-20.79924583 71.33503723 5.48513699
-20.55924416 71.19603729 5.85113716
-30.09324455 69.20903778 33.92813873
-26.93224525 81.52603149 13.68013763
-19.27924538 81.86203766 6.50513697
-40.21024323 78.46803284 34.90113831
-28.28724480 77.57703400 8.43913651
-26.66724586 79.47703552 17.45213699
-26.62224770 79.26103210 17.54613686
-26.56424522 79.13504028 17.30713844
-28.88224602 81.98303223 35.71514130
-40.81924438 71.74703979 34.93713760
-31.01124763 86.75303650 29.28113747
-30.90324593 86.87703705 29.37313843
-30.79824638 86.84803772 28.98213768
-39.69624329 84.23703766 20.27113724
-39.89424896 84.11703491 20.57113647
-43.44924927 76.57904053 12.11113739
-27.96824455 69.83103943 30.85613823
-27.84124565 69.90703583 30.58513832
-28.25024605 69.73303223 30.67413712
-31.06124687 69.51803589 30.09413719
-31.34724617 69.53804016 29.84213829
-39.66024780 84.16903687 20.53513718
-27.03224754 79.57904053 30.72113800
-26.84424782 79.64203644 30.38813782
-33.00624847 86.53604126 18.78713799
-27.68224525 70.04503632 30.70213699
-39.69224548 84.14203644 20.76913643
-39.45024872 84.25503540 20.49813652
-26.09824562 75.11803436 23.03013802
-26.47524452 75.17003632 22.81513786
-18.89224625 78.54103088 3.51013684
-26.53024483 65.64403534 20.75913811
-32.32224274 67.40503693 30.84713745
-27.24424553 65.70903778 21.11313820
-27.30024529 65.69203186 21.49613762
-27.49624443 65.73603821 21.52213669
-31.89224815 68.74103546 33.45513916
-42.71424866 70.21003723 5.16413689
-42.37424469 69.95803833 5.19913673
-32.85224915 85.20404053 15.32413673
-31.32524681 68.77303314 38.60913849
-31.57024574 68.61803436 38.63613892
-26.70524788 78.80203247 36.92913818
-39.26124573 85.71403503 3.35113692
-33.07624817 85.20404053 15.31413651
-33.06424713 66.01903534 44.29114151
-27.17224693 78.64903259 36.80113983
-35.97724915 68.96903992 37.94813919
-28.61324501 80.00003815 33.88513947
-28.58624458 79.79603577 33.98313904
-29.62924767 70.57803345 12.79013824
-31.12224770 68.75503540 38.69113922
-29.50324440 82.97503662 20.96313667
-29.57124519 83.45703125 20.94213676
-29.17424583 67.19003296 23.91813660
-29.05224800 67.21303558 23.60113716
-29.81724739 70.50503540 12.62613678
-21.21324730 70.46103668 4.98013687
-27.04124641 80.17604065 18.37313843
-20.08124542 82.74903870 4.34813690
-27.13924599 79.87103271 18.62013817
-27.04524422 79.88903809 18.45113754
-28.64724541 79.64603424 21.67513657
-28.86724663 80.04103088 21.50313759
-31.45124626 66.77303314 16.71713829
-30.09124565 70.42403412 12.43413734
-30.35824776 70.29103088 12.53213692
-28.51324654 67.41403198 19.91813660
-28.42824745 67.17703247 19.70113754
-41.40724945 76.00703430 9.27913666
-19.71324539 84.13103485 3.35313678
-25.46224785 79.46303558 24.93013763
-37.41824341 67.71603394 21.18613815
-27.57324791 70.66003418 14.61213684
-39.84324646 69.20403290 25.32313728
-30.22224617 86.18403625 43.91714096
-27.51624489 78.89603424 9.17813683
-36.13224792 66.14303589 43.33013916
-27.72424507 81.86103821 45.49713898
-32.58924866 85.13403320 44.74414063
-38.53125000 83.88003540 44.18714142
-38.28724670 84.00804138 44.22013855
-25.79824638 74.94203186 29.66713715
-37.68824768 81.04503632 33.42813873
-36.11524963 67.07803345 39.38613892
-26.99124718 76.15103149 10.50113678
-27.23324776 75.86303711 10.27113724
-25.41724586 86.82503510 16.83713722
-25.12224770 87.03403473 17.18913841
-37.04424286 84.50603485 44.40314102
-26.83924675 73.65903473 13.25813675
-26.87124443 73.48703766 13.02513695
-39.24424744 83.32603455 10.22113705
-39.66224670 83.10903931 10.58713722
-27.09224510 81.74703979 13.17513657
-31.39424706 86.10603333 16.62513733
-21.29624748 83.04003906 18.70113754
-40.25724792 81.59204102 37.99713898
-31.15224648 86.29603577 16.59613800
-31.36324501 86.32003784 16.75813675
-36.36224365 70.97303772 33.49213791
-21.49624443 83.07303619 18.28213692
-21.41424751 83.27503967 18.33013725
-29.07624626 84.60603333 20.99313736
-29.00624657 84.96503448 20.89013672
-40.66824341 85.21303558 4.27313709
-29.35524559 83.93603516 13.16113663
-29.52324486 84.17903137 13.62213707
-29.49224663 67.39303589 4.55213690
-29.48724556 67.29703522 4.45113707
-21.20224571 66.95603943 18.43513680
-40.32924652 85.33503723 4.30413675
-40.10924530 72.39403534 34.85813904
-39.90824890 72.28703308 34.85514069
-39.87124634 78.31003571 33.98114014
-41.20024872 80.23403931 6.24413681
-34.28724670 85.69403839 35.30014038
-40.31924438 80.77103424 7.58213711
-33.25824738 69.97803497 6.36713696
-28.61424446 70.29603577 20.47713661
-27.04024696 77.24403381 22.56613731
-26.86524773 77.29503632 22.70913696
-22.51624489 67.61403656 23.11013794
-39.59424591 83.13403320 35.34914017
-30.02724648 69.12203979 38.88613892
-24.99524498 74.12703705 27.74013710
-41.41925049 79.51903534 37.80014038
-41.30924988 79.95703125 37.97414017
-32.33124542 69.80503845 30.25413704
-37.26424408 66.48403931 42.56914139
-37.39624786 66.42303467 42.76913834
-40.24724579 70.31903076 25.16413689
-40.01524353 69.84803772 25.05913734
-40.01024628 69.95703125 25.37113762
-27.22824669 71.90903473 15.69113731
-27.13124657 71.96303558 15.88413811
-27.01824760 71.84903717 15.80913734
-36.88124847 66.45503235 42.43413925
-20.20624733 83.94203186 6.05213690
-20.26024437 84.09403992 6.16913700
-26.58424568 72.20703125 24.08413696
-24.97224617 76.54603577 33.01113892
-28.78924751 68.77303314 24.66013718
-25.85524559 80.23103333 27.89813805
-25.72224617 80.06003571 27.81013680
-40.29624939 81.17403412 27.49313736
-39.77524567 80.97903442 27.84113693
-44.82324982 72.55203247 20.65913773
-29.35424614 67.72603607 24.70113754
-29.31424522 68.08703613 24.81613731
-25.64624596 80.10103607 27.58713722
-25.83924675 80.40003967 27.74813843
-25.60124779 80.26803589 27.17613792
-28.54824638 67.04703522 21.55913734
-29.42324638 67.85003662 24.97213745
-25.12024498 82.07103729 41.26314163
-25.04024696 82.06903839 40.36714172
-28.08524513 85.37004089 4.88013697
-26.64524651 80.07803345 29.89413834
-29.20224571 67.78103638 24.28613663
-29.33624458 67.44703674 24.50713730
-22.91824532 80.69303894 7.83713722
-43.90224457 73.58603668 5.51113701
-38.57324982 68.32303619 4.93513680
-38.59424591 68.43803406 5.10013676
-38.74224854 68.28003693 4.91013718
-20.18324471 82.29403687 7.56413698
-40.28724670 67.77803802 43.45214081
-40.51324463 67.98803711 43.47414017
-26.79924583 80.79603577 12.37413788
-26.98624611 65.73403931 22.23913765
-26.78024483 65.76803589 22.43813705
-27.23624611 65.68203735 22.31913757
-39.41624451 68.56103516 3.79413700
-39.57924652 68.55203247 3.93013692
-39.63724518 68.55703735 3.69713688
-39.76725006 68.58803558 3.58413696
-34.22524261 65.81803894 42.81713867
-27.05324745 77.04803467 19.58113670
-30.66124535 86.97503662 37.18214035
-27.28924751 69.08203125 37.09413910
-35.37224579 68.48204041 38.18914032
-35.95624542 68.67103577 16.34713745
-34.73925018 68.78804016 15.21813774
-27.53024483 68.79903412 37.24613953
-27.54124641 68.93403625 37.04314041
-28.24024773 87.00303650 16.72813797
-25.80024529 77.53503418 23.59213829
-26.09124565 84.54403687 6.09913731
-30.92224693 86.21704102 4.47613716
-31.12824440 86.16003418 4.57613707
-26.54524422 73.77304077 14.77513695
-25.62024498 70.02903748 37.50614166
-26.63424492 84.41903687 5.62713718
-26.61224556 84.48803711 5.87813711
-25.94824791 69.80303955 15.00313759
-35.66524506 81.99903870 27.07713699
-29.38624763 84.44403076 10.40813732
-24.31924629 78.77403259 44.92813873
-24.37024498 79.12703705 45.09014130
-34.12124634 66.06403351 44.26613998
-30.28324699 85.03503418 15.47413826
-25.26924706 84.42103577 5.10713673
-24.14424706 77.30104065 24.96713829
-35.04224396 66.44403839 36.94514084
-33.63924408 82.87403870 23.79813766
-33.80624390 82.32003784 24.22913742
-27.33624458 72.25203705 14.85013771
-27.35424614 72.18003845 14.44313812
-29.89724541 86.96203613 19.11513710
-37.24924469 71.92003632 31.69713783
-29.99324608 86.97603607 18.88613701
-30.95024681 86.86003113 19.31913757
-32.76024628 70.08503723 29.63813782
-33.04024506 70.17803955 29.79213715
-39.59424591 82.83703613 40.81114197
-40.03224945 82.36203766 40.07514191
-37.12724304 71.88403320 31.62013817
-39.03024292 70.58903503 26.84613800
-31.17024803 86.81203461 19.62813759
-30.54824638 86.87004089 19.38613701
-28.53424644 85.50703430 15.51013756
-28.06124687 85.53103638 15.52713776
-24.74424553 81.82303619 9.66813660
-44.14824677 81.42604065 17.69913673
-36.97624969 68.95003510 37.97713852
-37.23224640 68.92303467 38.16114044
-27.92624474 70.84303284 45.09413910
-37.12024689 66.52103424 43.93914032
-37.58224487 66.71003723 43.89213943
-25.54124641 80.58103943 37.19813919
-26.02824593 80.29403687 37.07014084
-37.34724426 69.06903839 37.98114014
-38.40424347 71.18103790 27.54813766
-23.23824501 86.78503418 17.53913689
-40.85224915 76.30603790 7.77213717
-40.88224792 76.81303406 7.85513687
-24.12024498 76.75303650 45.44614029
-25.81624413 80.32603455 37.15513992
-19.49424553 81.44403839 7.35813713
-19.64524651 81.77203369 7.44513702
-25.86924553 71.01603699 27.02813721
-24.54024696 68.30103302 15.13813782
-31.58524513 69.35603333 32.81713867
-30.75824547 68.94403839 35.59714127
-30.58024788 68.92103577 35.62414169
-27.02524757 70.39403534 26.76813698
-26.29824638 70.82303619 26.56613731
-24.70224571 67.74003601 15.16413689
-24.79424477 67.43303680 15.25013733
-30.76324654 68.97403717 35.51113892
-24.23024559 85.85803223 3.39113688
-25.60424614 71.34803772 27.08713722
-26.90724754 77.28003693 35.21213913
-26.94224739 77.32503510 35.10213852
-26.68524742 76.86803436 35.02914047
-29.27624702 68.58703613 35.38513947
-32.06324768 85.05203247 9.09913731
-32.97824860 85.05703735 9.33513737
-46.14225006 75.89903259 18.24013710
-21.74224663 84.32203674 5.06213713
-28.70724678 69.65303802 30.01713753
-41.34224701 82.80603790 24.61413765
-42.14024353 78.66703796 41.15314102
-27.30124474 73.40003967 19.12913704
-27.02924538 74.00103760 18.88713837
-25.73924446 81.89603424 15.74713707
-25.44324684 82.19503784 15.78413773
-41.17624664 82.79203796 24.02213669
-37.55324554 80.75003815 37.99113846
-37.27124786 81.41803741 28.62013817
-36.92424774 81.48903656 28.62713814
-37.55624390 81.51703644 28.31913757
-27.45724678 67.03703308 4.44513702
-26.07724571 81.72403717 15.70313835
-37.66724396 81.38203430 28.57013702
-36.37124634 86.01603699 22.30613708
-36.31124878 86.02803802 22.80913734
-31.57524681 68.57903290 30.87113762
-31.36124611 68.57203674 30.50313759
-31.94624519 68.49703979 31.41113853
-35.50624847 84.93303680 44.63513947
-35.20224762 85.06703186 44.56613922
-25.77424431 81.74203491 15.84613800
-27.19624519 72.01103210 45.01914215
-27.07924461 72.09803772 45.16313934
-35.73424530 85.49703979 44.61214066
-25.58824730 87.18403625 17.32413673
-25.55724525 81.79503632 16.04813766
-25.67624474 81.66903687 16.05713654
-21.31924629 74.29203796 6.87213707
-27.28924751 82.51903534 14.27813721
-25.88224602 81.46403503 16.13713837
-33.91524506 85.17203522 16.31013680
-46.14524841 76.43403625 19.80513763
-34.86024475 68.24103546 38.87014008
-29.75524712 82.73204041 34.83313751
-31.08124733 68.66803741 43.81414032
-37.03324890 86.29203796 42.64213943
-37.55024719 86.19303894 42.31713867
-24.76024437 82.35803223 23.03713799
-24.47024727 82.50003815 23.21613693
-29.49624443 70.75603485 11.23313713
-33.19524384 66.73003387 19.39413643
-32.23124695 66.60703278 18.72413826
-24.28224754 71.67803955 39.36014175
-24.15024757 71.83103943 38.05113983
-33.23724365 70.00903320 7.01113701
-33.08624268 69.81503296 7.45613718
-37.38024902 68.57203674 42.70014191
-38.06824493 80.85903931 33.93214035
-35.56324768 68.30803680 34.93914032
-35.09024811 69.87903595 34.28913879
-23.24824715 84.88103485 24.69913673
-23.23924446 85.09103394 24.61313820
-30.05824471 82.66603088 33.30613708
-29.76624489 82.61303711 33.39714050
-26.08024788 76.06003571 44.55614090
-26.04924583 76.14903259 43.97214127
-30.11324501 82.74103546 33.63414001
-34.73224640 69.63403320 34.30014038
-20.39324760 83.79103088 4.15913677
-37.89924622 71.67203522 6.77513695
-37.48824310 71.51004028 6.89113712
-26.39924431 80.83803558 26.60613823
-27.17924690 69.65303802 36.99514008
-37.83024597 71.74504089 7.04913712
-34.36824799 84.76703644 42.28614044
-27.33424568 70.36003113 36.77014160
-27.19024467 70.13403320 36.89014053
-23.76724434 73.54303741 42.11214066
-44.09124756 82.20303345 5.09313679
-33.79624939 82.69104004 32.36314011
-27.17024422 69.92003632 36.96313858
-27.18624687 70.33103943 36.88314056
-32.60724640 66.04203796 37.54114151
-45.80624390 74.40303802 19.97113800
-26.40424538 81.73004150 45.62913895
-33.22624969 66.17003632 37.09114075
-33.54624939 66.13504028 37.43714142
-32.06724548 82.38203430 30.62613678
-39.66924286 72.69003296 8.70913696
-24.92824745 65.56203461 20.27513695
-24.75524712 65.57903290 19.60913658
-24.87724495 84.56604004 7.49213696
-43.28224945 82.46704102 5.43713665
-39.72824860 72.20903778 9.48013687
-28.80024529 67.12003326 39.08613968
-42.73224640 74.26603699 11.78613663
-42.89324951 74.31404114 12.00913811
-27.78424644 68.67903137 8.13813782
-32.16024780 86.96803284 32.39413834
-37.08224487 68.02503967 25.07213783
-41.06824493 76.66603088 8.31313705
-29.11524773 71.84803772 21.15013695
-19.62024498 74.32003784 4.53513718
-24.77124596 69.12503815 7.26313686
-28.62524605 70.79203796 13.84513664
-28.55724525 70.69603729 14.02513695
-42.21024323 72.45303345 25.34613800
-42.17724609 72.15803528 25.10613823
-38.76725006 82.56203461 7.04713726
-28.67424583 70.50903320 14.15413666
-26.58924675 85.35603333 15.62213707
-26.96824455 85.38403320 15.53413773
-28.44424629 86.72803497 23.07613754
-26.64224434 77.52103424 31.83113861
-26.77924538 77.56604004 31.67013741
-27.22224617 83.60303497 45.52914047
-40.14424896 79.65103149 28.99413681
-27.58624458 74.03103638 20.47013664
-27.38124657 73.14603424 11.71213722
-36.83424377 84.45803833 44.08613968
-36.44324493 84.53103638 43.96213913
-24.22024727 76.30603790 45.60314178
-31.76924706 69.61603546 31.35313797
-31.52324486 69.53903198 31.53113747
-38.46424866 83.05104065 6.17113686
-27.59924507 73.60403442 20.13913727
-27.71024513 73.70603943 20.50613785
-24.16124535 76.08503723 45.44013977
-28.48424721 68.14203644 20.96613693
-27.25124550 83.94403839 14.80813789
-46.17224884 75.81503296 19.15413666
-46.18824768 76.09903717 18.71413803
-22.58424568 82.82904053 21.63813782
-42.64324951 80.70204163 12.18513680
-22.61224556 82.97103882 21.98913765
-22.91024590 83.25403595 22.99313736
-30.07624626 82.99603271 27.13813782
-32.98224640 85.31503296 17.30413818
-44.01224518 73.38403320 39.36114120
-38.98424530 80.84303284 28.60413742
-29.46924782 82.30104065 30.99113846
-20.86024666 81.52503967 7.63213730
-20.63724709 81.31404114 7.67913723
-31.34624672 68.42403412 44.23814011
-29.14924431 69.40803528 31.62113762
-29.53724480 82.50804138 32.97613907
-29.52124596 82.53303528 33.52313995
-39.68325043 85.26603699 25.03313828
-39.91624451 85.13703918 25.32513809
-19.81324577 83.20204163 5.85213709
-26.37024498 80.21403503 13.12513733
-26.41624641 80.43003845 13.22213745
-26.16324425 77.59204102 16.42913818
-26.18324471 77.56803894 16.65413666
-32.87024689 85.85303497 32.24813843
-26.87024498 81.38703918 13.17513657
-26.87324715 81.31703186 13.59113693
-29.54324532 67.19703674 25.02913666
-27.51024437 79.31404114 23.31613731
-28.74524498 66.43003845 23.10313797
-28.82524681 66.65703583 23.03913689
-29.51024437 84.85603333 20.64313698
-29.39524651 66.33003235 16.76013756
-29.61424446 66.50803375 16.41613770
-39.35924530 78.16304016 37.72114182
-39.63524628 78.59503174 37.68313980
-39.84124756 78.72303772 37.67414093
-24.35824776 77.29603577 31.65713692
-39.86224365 78.16003418 37.66814041
-39.68624878 78.31203461 37.66614151
-40.40024567 83.82704163 23.75813675
-26.68224525 81.62403870 15.40413666
-26.88124657 81.82003784 15.14813805
-20.65724754 85.49504089 3.17513680
-20.90724754 85.46704102 3.47913694
-20.67124748 85.40603638 3.35913682
-39.10324860 84.14503479 21.45813751
-40.31024933 68.66003418 4.81213713
-44.44224548 74.22703552 42.82213974
-25.70924568 77.71603394 39.60213852
-27.89824486 65.87103271 21.69413757
-28.98524666 83.33503723 22.82413673
-28.89724541 83.24303436 22.46413803
-28.90924644 83.42803955 22.42413712
-25.82324791 77.92503357 39.49613953
-26.01624489 78.53403473 39.45714188
-41.66925049 78.42803955 37.62913895
-42.66724396 74.61703491 35.00713730
-43.46924591 72.65703583 23.70013809
-43.39724731 72.41703796 23.49213791
-42.37624359 74.92503357 34.97913742
-25.55424690 74.92903137 30.67813683
-30.18724632 68.96603394 39.33713913
-44.16124725 81.97803497 3.16813684
-25.79124641 74.84103394 30.58913803
-26.09724617 74.73103333 30.84313774
-26.07324791 74.63603210 30.54913712
-28.22224617 74.90803528 7.80413723
-27.19024467 75.06503296 22.35713768
-39.68624878 69.48703766 23.40113831
-40.67024994 79.83003235 7.18213701
-35.81524658 86.06404114 20.62213707
-21.19024467 68.55203247 3.74013686
-34.91124725 85.75403595 44.28013992
-33.52624512 85.40903473 17.70113754
-27.51224709 84.66203308 34.29314041
-27.29724693 84.93103790 33.88213730
-33.13024902 68.40603638 33.94513702
-32.73824310 68.58803558 33.65913773
-32.51324463 68.64603424 33.20213699
-32.59624481 81.61703491 25.34913826
-32.92424774 81.68603516 25.68213654
-30.24924660 70.16503906 10.66513729
-24.46724510 79.90003967 8.89113712
-45.00325012 76.40203857 23.28413773
-27.69824791 72.39103699 10.76213741
-27.73424721 72.18803406 10.83913708
-27.56624794 72.19703674 10.70213699
-26.70024681 74.68703461 18.11213684
-25.34324455 71.18803406 16.34013748
-25.62024498 71.28903198 16.53213692
-25.23024559 71.16103363 16.36913681
-24.04024696 82.98703766 24.15713692
-32.75724792 69.59703827 11.15113640
-24.48824501 73.69003296 45.41014099
-35.15224457 66.14303589 42.64813995
-33.02424622 69.55503845 11.26213646
-32.85024261 69.55203247 11.00613785
-38.76024628 84.17503357 11.72813797
-44.49924469 81.10303497 19.53413773
-26.24624443 76.38003540 16.89913750
-26.30324745 76.55803680 17.06213760
-27.61324501 83.84903717 31.78413773
-27.42524529 83.92003632 32.05413818
-27.65324593 83.91003418 32.60313797
-26.91724586 81.48204041 28.68513680
-40.05924988 82.79703522 43.73413849
-43.60724640 79.44703674 36.81214142
-43.75124359 78.97403717 36.83013916
-43.95224762 78.63703918 37.65113831
-35.81024933 84.98803711 17.81313705
-35.81624603 85.00303650 17.60013771
-33.30024719 69.51004028 9.64713669
-33.69924927 69.59303284 9.40213776
-43.87124634 79.09903717 37.94113922
-43.76625061 79.31003571 37.61613846
-30.54124641 69.20203400 14.85213661
-30.40224648 69.09003448 14.91113663
-43.84124756 79.03303528 37.74314117
-40.53824615 81.59603882 35.21313858
-44.08724976 78.17604065 37.98913956
-43.97724915 78.62603760 37.86613846
-30.43224525 84.79603577 10.34713745
-30.59824562 70.09803772 12.94613647
-33.19324493 68.60003662 34.91513824
-27.37124443 82.29904175 10.48213768
-27.64924431 82.39103699 10.60413742
-29.42124748 70.50303650 13.18913651
-29.60224724 70.41603088 13.20613670
-31.77024651 68.42703247 15.55113792
-26.81024742 74.91103363 6.84313679
-26.60924721 74.74303436 6.96113682
-40.48124695 79.65603638 28.43313789
-40.76725006 79.43403625 28.23113823
-31.12524605 69.20203400 33.54613876
-27.02624702 73.27003479 39.12614059
-34.69724274 69.59903717 34.49613953
-29.62824440 69.35303497 33.35913849
-30.23324776 69.28403473 33.34413910
-34.49424744 69.53503418 34.41213989
-28.05724525 70.56003571 40.15013885
-28.09824562 85.85704041 38.28013992
-39.41124725 68.48103333 5.02313709
-31.52324486 83.91304016 33.79314041
-31.00424767 83.85504150 33.61413956
-28.47524452 70.20503235 40.18114090
-28.11524773 70.43803406 39.61214066
-37.84124756 84.72303772 26.20213699
-32.67224884 68.78403473 5.40213680
-41.34824371 70.13403320 15.69213676
-27.44724464 72.48603821 18.77313805
-22.73524666 78.48803711 6.79413700
-39.12224579 85.42604065 24.24313736
-20.86024666 74.01903534 5.76213694
-38.52224731 85.56503296 23.46913719
-24.01424599 66.11903381 24.97013664
-44.22124481 76.96704102 38.03414154
-44.22924805 77.46704102 38.34413910
-27.23724556 73.70203400 11.34813690
-27.37624550 73.57403564 11.14813709
-26.14224434 82.46203613 45.48913956
-44.07624817 77.10103607 37.09914017
-44.13124847 77.36403656 37.57413864
-28.50224495 68.83903503 25.99713707
-41.27624512 83.76303101 17.18413734
-40.90924835 83.91803741 16.54413795
-28.20324516 82.12403870 31.69413757
-30.22424507 69.21903992 5.97513676
-30.21624565 69.13403320 5.73213673
-27.82924461 72.34103394 36.28313828
-28.12424660 71.40603638 36.15914154
-28.28424644 70.78703308 36.12614059
-27.59324455 78.07103729 7.33413696
-27.41224480 78.54803467 7.62513685
-27.48724556 78.29003906 7.38013697
-41.21125031 70.80703735 43.47713852
-26.50124550 75.96503448 11.75313759
-26.58624458 75.71704102 11.59013748
-22.69024467 79.72603607 7.54113722
-40.99524689 80.78403473 38.39714050
-40.86924744 81.10203552 38.64213943
-26.60424614 66.83003235 4.10513687
-26.71124458 66.80803680 3.88113689
-26.60324669 66.80103302 3.96013689
-36.58524323 69.57703400 34.74213791
-36.44024658 69.60704041 34.70013809
-36.73224640 69.69503784 34.71413803
-36.86824799 69.30803680 34.77914047
-25.79224586 84.54904175 6.09713697
-26.13824654 84.67604065 6.63913727
-25.59124565 84.62903595 6.49113703
-42.36425018 76.43003845 38.75214005
-42.37224579 76.66203308 39.05614090
-42.21524811 81.78903198 35.75714111
-42.28025055 76.45703125 38.34114075
-42.29924774 76.21704102 38.51213837
-42.32924652 76.74603271 38.71514130
-44.92924500 79.18603516 15.56213760
-33.93124390 84.18503571 34.96413803
-40.25224304 84.44503784 38.34413910
-39.67324829 84.79603577 37.93613815
-24.87324715 70.67503357 38.71313858
-24.88724709 70.65703583 38.23714066
-22.72924614 73.64003754 7.60813713
-22.46624565 74.00803375 7.52813721
-22.84224510 73.99504089 7.50013685
-37.74924469 82.33503723 35.22414017
-38.22124481 67.95503235 36.69514084
-34.04724884 66.25703430 36.43413925
-45.23724365 75.44303894 15.35113716
-45.25924683 75.11503601 15.50513840
-42.59324646 83.35303497 5.38313675
-33.10824585 85.13803101 16.80013847
-32.95024872 85.15003967 16.24513817
-34.47824860 85.03203583 18.11213684
-32.47824860 85.09103394 16.62613678
-41.50424957 69.06003571 3.90013695
-41.62124634 69.10003662 3.83113694
-23.00424767 79.09303284 7.39113712
-32.52724457 85.14403534 16.40313721
-32.24224854 85.14003754 16.11013794
-26.61724663 73.86303711 13.38113785
-26.70224571 73.81103516 13.20613670
-28.16224480 69.67103577 20.78613663
-27.41024590 85.58603668 4.64913702
-32.02024841 65.97903442 33.87614059
-39.88224792 80.10003662 35.03213882
-40.13824463 79.94403076 35.06513977
-30.33324623 84.92903137 15.26913834
-30.02324486 84.79503632 15.15513802
-37.44924927 66.53003693 42.22414017
-26.04324532 75.26203918 23.06313705
-32.24924469 85.10803223 14.68013763
-31.62424660 66.35103607 30.20013809
-19.97024536 78.56903076 5.19913673
-19.89424515 78.50303650 5.05913687
-32.50224304 66.57203674 31.66213799
-27.78124428 78.03703308 22.13513756
-27.82324791 77.68403625 21.88013649
-27.91524696 78.06903839 21.92813683
-27.97524452 78.14403534 21.85313797
-40.60924530 69.89603424 15.07913780
-41.02124786 70.20403290 14.78613663
-40.69824982 70.13603210 14.44113731
-41.73824310 69.97703552 19.25713730
-41.35224915 69.77703857 18.64613724
-41.27624512 69.75903320 19.39213753
-19.22624588 82.17103577 3.58113694
-38.34824371 72.16304016 29.64513779
-42.47224426 72.41603088 12.98313713
-42.10124969 80.67703247 25.74713707
-42.92724609 82.52803802 5.48813725
-42.56124878 82.74903870 5.49913692
-41.06324768 71.35403442 42.32714081
-41.28125000 71.59403992 42.56713867
-41.08724976 71.46203613 41.93313980
-46.08524323 78.14703369 19.63113785
-34.16424561 70.60003662 29.27413750
-34.48324585 70.87603760 29.25013733
-34.59324646 70.69703674 29.41013718
-42.78224945 72.75403595 13.06213760
-27.72524452 76.71203613 21.71713638
-46.04524994 78.19003296 19.95813751
-28.74024773 67.02503967 3.58113694
-28.44724464 66.94104004 3.59313679
-39.92224884 79.13304138 34.87313843
-33.33924866 71.02503967 28.62313843
-33.63024902 71.07303619 28.77813721
-24.03924751 75.19503784 25.37213707
-24.07324409 75.56203461 25.42813683
-26.69924736 74.03903198 12.11013794
-26.78524590 73.75003815 12.13713646
-32.70324707 70.87703705 28.47213745
-38.17924500 68.17103577 4.50813675
-39.01824951 76.99504089 37.74514008
-39.19725037 76.84204102 37.68914032
-37.75624847 68.12903595 3.89213705
-24.65424538 68.23603821 27.58113670
-24.54024696 67.98603821 27.54913712
-24.41924477 68.16803741 27.16413689
-38.17824554 80.57203674 33.03013992
-43.20524597 83.41603088 4.62913704
-31.55524635 82.91803741 32.39613724
-43.18824768 71.20603943 40.29814148
-25.74724770 87.10504150 25.14513779
-28.18124580 86.02703857 4.38413715
-28.31524467 86.07003784 4.34813690
-28.56424522 86.17003632 4.33013678
-29.81624794 70.84503174 24.68313789
-26.09724617 76.51103210 13.45313644
-20.97624397 73.57103729 7.67813730
-20.88024712 73.42103577 7.67813730
-33.84124756 67.40003967 34.42213821
-39.30724335 85.14804077 38.73514175
-38.43724823 81.95903778 35.19113922
-38.34124756 81.71003723 35.14813995
-24.79124641 76.85003662 37.36714172
-29.06024742 80.83703613 20.96813774
-29.18324471 81.05903625 21.04013634
-28.84324455 80.82103729 20.79013634
-30.91624641 83.79403687 34.84513855
-26.60724449 83.68803406 29.36513710
-32.45924377 85.25203705 31.37213707
-29.31024742 81.38003540 21.00413704
-29.67624474 81.94003296 21.14913750
-38.80724335 80.06803894 33.26113892
-32.68724823 66.18003845 43.59014130
-33.71724701 66.15303802 43.28213882
-39.37424469 79.64403534 30.84613800
-39.74524689 79.37303162 30.42513847
-43.74924469 71.76703644 42.58113861
-43.79924774 71.97203064 42.02513885
-27.20524788 75.66304016 6.77213717
-32.21024323 66.21003723 43.67013931
-41.72525024 74.00403595 5.99513721
-29.32824516 68.78203583 14.92513657
-29.60424614 68.67703247 14.96813774
-29.95724678 68.88203430 35.85713959
-21.02924538 74.45603943 5.50913715
-20.95424461 74.20003510 5.94513702
-21.07024574 74.37703705 5.69713688
-23.69524574 79.19403076 7.54613686
-28.64624596 82.52603149 23.68213654
-30.95124626 83.64903259 34.96313858
-41.34424591 82.07303619 26.36313820
-28.86024666 83.06703186 22.51013756
-28.84624672 82.88703918 22.88513756
-26.32524681 73.89703369 23.06013680
-28.87524605 69.03403473 36.20713806
-24.02324486 79.16503906 7.60313702
-23.91424751 79.28103638 7.61213732
-26.02524757 77.41304016 15.16813660
-30.39624596 83.50303650 27.02613831
-30.35624504 83.40503693 27.50513840
-26.76224709 74.05503845 22.74613762
-20.73424721 72.14103699 7.82913733
-20.90724754 72.59803772 7.84213686
-39.06924438 69.69603729 40.07114029
-26.08724785 77.88303375 15.70813751
-26.09524727 78.03503418 15.92013741
-26.76724434 77.96803284 23.01313782
-26.56924629 77.97003174 23.13413811
-44.36824799 72.72803497 22.30313683
-44.51924896 72.75903320 22.03113747
-28.89824486 85.33303833 44.20613861
-28.79024696 85.34403992 43.57913971
-28.62924767 85.29904175 42.83013916
-27.22724724 84.55403137 6.11413670
-28.04124641 84.52503967 6.01213694
-20.02124596 78.14503479 5.13813686
-39.65724945 70.10103607 40.53213882
-39.73925018 70.19003296 40.83113861
-39.58924866 70.08003235 40.40013885
-24.24224663 67.64303589 27.10013771
-24.44824409 67.74303436 27.49113846
-24.25624657 86.36103821 16.77813721
-24.62124443 86.28604126 16.62913704
-24.53124428 86.16503906 16.53413773
-39.33524323 69.86203766 40.42813873
-20.12824631 78.15103149 5.50913715
-24.43824577 67.53103638 27.52113724
-33.49024963 67.56303406 3.78313684
-33.64824677 67.60103607 3.71113682
-19.00124550 79.76303101 3.95813704
-18.97124481 79.78804016 3.82413697
-28.03224754 66.60803223 34.51713943
-28.38524437 66.49603271 34.96513748
-39.71424866 68.50303650 4.39513683
-29.79924583 81.54203796 26.83313751
-29.65924644 65.75303650 33.01013947
-41.66524506 81.67404175 5.77213669
-32.57124329 69.26603699 13.82813644
-37.94824982 67.53403473 24.23513794
-37.07924652 67.32703400 22.94813728
-42.66724396 81.75804138 5.62313700
-38.78024292 67.83003235 23.99913788
-33.25325012 66.39103699 34.70113754
-34.16324615 66.58303833 35.04713821
-33.95724487 66.61603546 34.73814011
-33.76725006 66.50103760 34.84413910
-27.45324516 71.95703125 32.12913895
-27.48324776 72.35103607 32.45913696
-21.46124458 80.40403748 7.66513729
-21.81724739 80.28703308 7.62913704
-44.73124695 76.94303894 5.27613688
-27.13524437 72.19403076 31.53113747
-27.37024498 71.69903564 31.76613808
-39.64824677 70.08403778 40.89413834
-25.66724586 73.18903351 9.27213669
-25.91024590 80.15603638 25.57013702
-34.15625000 70.38603210 29.85713768
-44.17724609 72.32103729 21.97513771
-26.98624611 75.06404114 35.90713882
-21.03024483 70.31403351 5.36213684
-28.97324562 85.82303619 15.74113655
-28.58024788 70.98103333 13.60813713
-23.88724709 67.40503693 26.29113770
-25.32324409 77.40303802 28.28813744
-38.07824707 70.92303467 34.76013947
-38.08824921 70.75503540 34.76013947
-25.30124474 77.90703583 28.04813766
-25.09224510 75.50503540 6.03413677
-25.02724648 75.82203674 6.01913691
-25.27724648 75.24303436 6.17213726
-40.66124725 82.62803650 11.24413681
-23.19924736 72.52503967 7.76613712
-23.47924614 72.81803894 7.73613691
-23.34924507 72.21403503 7.81013727
-21.56724739 74.70404053 5.74313688
-26.95624733 87.27803802 22.08213806
-25.82624626 78.84103394 28.76613808
-26.75724602 81.15803528 12.85413742
-25.96624565 76.38303375 45.50514221
-38.36224365 85.15303802 5.08713722
-24.43124580 69.24803162 24.81513786
-23.63324547 69.41703796 23.47913742
-24.25724602 69.15103149 25.01813698
-39.25624847 68.59503174 23.22313690
-23.73124504 69.70303345 22.60413742
-23.90724754 69.55603790 23.29313660
-25.85124779 87.26503754 21.81013680
-26.29924583 87.28303528 22.26313782
-38.01824951 80.92203522 34.13813782
-37.91924286 81.00503540 34.29913712
-20.28324699 73.52903748 6.97713709
-28.55224800 79.48803711 21.57613754
-43.38824463 75.62803650 35.13613892
-43.38824463 75.82904053 35.11613846
-43.07824707 76.08203125 35.01813889
-35.33824921 84.90103149 10.15713692
-34.97924805 84.83503723 9.48113728
-34.44724274 84.74304199 8.61913681
-29.96024513 68.80603790 35.72513962
-24.46224403 77.74403381 24.72113800
-24.24324608 77.51603699 24.88113785
-24.45924568 77.55104065 24.64113808
-34.81824493 68.02103424 4.91113710
-31.96024513 67.17703247 30.14213753
-30.40024757 86.34503174 19.92913628
-31.11624718 86.41703796 20.08013725
-25.22924614 75.05903625 30.73113823
-24.89624596 75.14703369 30.94313812
-32.16124725 67.42703247 3.80513692
-33.68624878 67.99703979 16.99113846
-33.85524750 67.80503845 17.26113701
-28.29224586 84.07003784 14.86213684
-28.48424721 84.36703491 14.91913795
-28.01224709 84.00203705 14.75213814
-29.65124702 80.45303345 23.03313828
-24.75324440 76.80003357 6.05613708
-25.74824715 74.25603485 7.43813705
-37.34924316 71.87703705 32.86613846
-42.25724792 82.04904175 13.22913742
-41.91224670 82.54203796 13.53713799
-25.66524696 73.75703430 8.28013706
-25.67224693 73.81103516 8.12413692
-33.52624512 68.40503693 16.41813660
-39.98925018 73.22303772 8.55313683
-40.09524536 73.03603363 8.96913719
-40.27524567 73.60103607 8.61113739
-40.28024292 73.04903412 9.24413681
-40.31424713 73.97003174 8.29113770
-27.76824760 69.90303802 29.81513786
-34.92324829 86.02403259 3.30813694
-28.65224648 85.45404053 22.92713737
-28.68324471 85.09703827 22.89113808
-33.35924530 68.35503387 16.43913841
-42.22424316 70.42103577 20.92013741
-26.57424736 84.58803558 15.31913757
-26.22724724 84.61903381 15.33313751
-40.74724579 81.40703583 35.27014160
-33.10724640 68.21303558 16.40913773
-22.39724541 82.21503448 18.33213806
-22.65624428 81.98303223 18.50513840
-35.89724731 86.39804077 43.32714081
-36.47224426 86.36303711 43.17013931
-38.85224915 84.70903778 16.98313713
-21.93924522 82.34103394 19.16213799
-42.46224976 75.75603485 10.80113792
-30.42324638 66.76703644 16.27113724
-29.79524803 66.65003967 16.25113678
-45.51224518 74.58703613 21.69613647
-45.33824921 74.15203857 21.82613754
-45.37924957 74.66403198 22.12013817
-35.20124817 70.25603485 25.61913681
-30.62424660 86.40903473 27.87813759
-30.45824623 86.64903259 27.88413811
-30.44424629 86.46403503 27.52413750
-41.74824524 78.65203857 37.76113892
-38.80324554 75.07403564 37.68214035
-24.80924416 75.56604004 32.61914063
-44.59424591 75.24203491 5.43313694
-44.54425049 76.20503235 5.53413677
-28.57624626 87.06003571 19.06513786
-33.72624969 68.29803467 35.29114151
-19.86824608 80.51503754 4.72313690
-19.93424606 80.41104126 4.93413687
-28.49524498 68.20803833 35.60813904
-19.87524605 80.27503967 5.12513685
-32.20024872 85.07103729 14.28113747
-40.45524597 72.89603424 6.15913677
-40.69524384 73.47203827 6.24613667
-25.58224678 66.16403198 28.78913689
-25.31224632 66.22903442 28.30613708
-24.98224449 86.15203857 27.29613686
-41.38624573 73.72603607 6.03413677
-28.69624519 86.29803467 36.19414139
-28.48824501 86.13803101 36.06113815
-25.92224693 76.77403259 6.29613686
-43.16424561 73.99103546 5.72213697
-42.85524750 73.29203796 5.70113707
-29.35024452 67.47703552 4.68513680
-25.58624458 76.65303802 6.19613695
-25.47124672 77.44903564 6.33613682
-25.58124733 77.06103516 6.30713701
-22.36524773 75.55703735 5.55613708
-33.33224487 82.47703552 31.09613800
-33.00224304 82.56203461 31.30813789
-27.80624580 71.75703430 13.65813828
-19.72924614 78.76203918 7.09113693
-23.49024773 70.82103729 18.31813812
-30.69024467 86.20903778 27.80713844
-30.97724724 86.32003784 28.54213715
-27.67324638 69.58603668 22.55613708
-27.04924583 79.51103210 10.61413765
-21.43924522 84.28503418 6.25813675
-21.35124397 84.35803223 5.77513695
-28.25424767 86.28403473 20.67313766
-28.49824715 85.79203796 20.92213631
-32.15224457 67.35903931 30.51513863
-29.05924797 86.11903381 41.09313965
-28.96924782 69.46403503 33.37213898
-28.79324532 69.63103485 33.28913879
-27.12424660 79.77403259 10.51813698
-27.22024727 79.97403717 10.44313717
-27.16124535 80.10103607 10.66613770
-27.10624504 76.84303284 6.77413702
-19.76124573 81.53203583 7.58713722
-35.30224609 87.14103699 40.31613922
-39.21024323 79.47703552 33.41713715
-29.62224770 83.52703857 39.66814041
-29.74724770 83.59903717 39.91814041
-35.40524292 86.07003784 22.93513680
-34.85524750 86.05403137 22.76813698
-30.00424767 83.76503754 40.24113846
-33.79524994 86.02104187 4.30713701
-25.26224709 74.77603149 6.67013693
-25.60024452 74.53804016 7.02613735
-30.09024620 69.58403778 9.97713661
-34.25325012 86.02203369 4.06113672
-44.52624512 77.37103271 41.75914001
-44.63424683 77.33903503 42.00413895
-21.98924446 67.44104004 21.71413803
-21.54624748 67.86003113 20.58313751
-21.70324516 67.45203400 20.92313766
-30.79424477 86.08603668 4.69113684
-37.08424377 67.50003815 21.18313789
-44.54824829 76.83403778 41.59914017
-30.49624443 66.11203766 39.52214050
-44.64924622 76.91503906 41.99813843
-44.68724823 76.63603210 42.13814163
-39.72324371 69.44203186 23.78913689
-39.57424927 69.27903748 23.51613808
-29.94124794 83.02703857 35.38414001
-39.57524872 85.23503113 44.07413864
-38.93325043 85.55903625 44.19113922
-38.99324799 85.65703583 44.16413879
-33.85024261 82.91903687 33.19113922
-19.89724541 83.55303955 3.78413677
-19.91624641 83.27203369 3.94113684
-28.71724510 70.12703705 42.45314026
-24.90324593 73.37004089 8.11113739
-31.66324806 85.62203979 16.47913742
-31.36724663 85.90703583 16.46213722
-27.85724449 80.18803406 32.20713806
-26.06624413 77.13504028 15.85213661
-26.04524422 76.57203674 15.51313782
-41.55024719 71.17803955 24.55813789
-27.46924782 85.19703674 34.38414001
-27.25724602 85.13903809 33.81513977
-32.97624969 86.36403656 21.14813805
-33.99524689 86.37503815 21.60813713
-28.41624641 81.69203186 32.72414017
-28.58524513 81.96203613 32.82413864
-26.02824593 77.03003693 15.36413765
-26.07624626 77.00103760 15.62513733
-30.43124580 86.86603546 17.35713768
-28.13824654 69.79003906 29.97313690
-26.05324745 77.39804077 15.43413734
-26.05024529 77.27803802 15.63413811
-27.29224586 71.40003967 40.61613846
-27.50524712 71.11603546 40.30514145
-29.05324745 83.06203461 23.60413742
-29.20724678 83.24603271 23.96113777
-28.03324699 81.80503845 28.88613701
-26.54824638 71.45503235 18.03713799
-27.55924797 87.06803894 28.63313675
-26.71024513 68.88703918 8.36213684
-34.94724274 70.19104004 32.86813736
-26.04424477 77.43703461 30.20813751
-26.09224510 77.58103943 30.14513779
-34.68324280 82.34703827 24.88513756
-39.11824799 79.89003754 34.34013748
-39.12924957 79.81003571 34.19713974
-39.17524719 79.74003601 33.95513916
-33.17724609 70.31303406 24.16213799
-32.61924744 70.35903931 23.79613686
-28.89024544 79.84603882 22.35613823
-29.09424782 80.10103607 22.21213722
-38.50724792 68.22903442 4.19113684
-24.52324486 73.35704041 45.20014191
-27.94324684 69.56303406 36.71313858
-30.07724571 69.15403748 6.32113695
-27.55824471 77.98103333 32.64714050
-24.58724785 72.63603210 44.76013947
-28.19924736 69.50803375 36.63713837
-28.62624550 86.63203430 34.90713882
-29.31724739 68.96403503 6.06613731
-25.47624779 84.13603210 28.60713768
-25.40024757 84.51203918 28.91813850
-32.17624664 69.39003754 33.02513885
-25.37324715 84.31303406 28.66513824
-25.67024422 84.28403473 29.24513817
-35.71424866 81.95404053 30.26013756
-35.74124908 82.08503723 30.49213791
-36.03125000 82.09403992 30.66913795
-27.88824654 72.71303558 33.68713760
-26.66124535 72.70503235 39.28514099
-26.62424660 72.58003235 39.33914185
-40.64124298 82.22203827 27.12413788
-40.46424866 81.89203644 27.25413704
-40.40424347 82.32503510 27.25513840
-35.30624390 83.68803406 24.76613808
-27.76624489 72.62503815 33.36413956
-27.48024559 72.65203857 32.69213867
-27.58224678 73.18903351 33.29413986
-41.57324982 69.09003448 3.63813686
-26.17724419 75.04603577 14.56113815
-26.14724541 75.12703705 14.33613777
-26.10524559 75.48903656 14.37913704
-37.21524811 83.99603271 35.34714127
-35.68424988 69.78003693 25.58913803
-40.87825012 74.42503357 34.85614014
-40.85624695 74.61903381 34.82114029
-37.72224426 78.08603668 37.88713837
-36.58625031 78.42103577 38.00714111
-40.29224396 83.98803711 26.85613823
-33.58024597 70.09303284 32.10413742
-32.48024750 66.10303497 34.91114044
-32.80724335 66.15203857 35.25313950
-36.21224976 77.92403412 38.04314041
-28.60524559 66.14103699 17.80313683
-38.50724792 83.18803406 27.20313835
-33.99124908 70.26903534 32.39513779
-33.85524750 70.15303802 32.34513855
-33.93424988 70.00703430 32.51713943
-33.81224823 70.33103943 32.06913757
-36.61324310 77.08603668 37.98413849
-32.76624298 66.21803284 34.63513947
-33.09524536 66.29603577 34.81113815
-33.04124451 66.34803772 34.59313965
-38.33124542 68.08803558 22.05313683
-38.01524353 67.83303833 21.96613693
-38.27024841 67.90003967 22.24613762
-28.13924599 66.08403778 17.83213806
-28.33724785 66.10103607 17.69513702
-28.37924767 66.19003296 17.98713684
-33.43724823 69.87503815 32.14413834
-18.94924545 78.14203644 4.01913691
-40.00424957 83.69503784 22.48713684
-39.78125000 83.74003601 22.54613686
-43.90625000 73.01703644 39.43613815
-26.55524635 80.11603546 16.51313782
-30.34924507 68.73603821 38.71714020
-37.26224518 82.78103638 38.11814117
-38.20224762 82.88103485 38.11714172
-40.76424408 76.77203369 30.16913795
-38.82225037 82.67503357 38.08713913
-38.30524445 82.59103394 38.06113815
-34.10824585 86.41104126 44.01113892
-27.62824440 73.49504089 22.39613724
-27.72924614 73.71503448 22.21813774
-27.19424629 73.72403717 22.57713699
-35.09424591 66.65403748 36.44313812
-35.15424347 66.77003479 36.56813812
-38.90524292 82.82003784 38.11613846
-21.68724632 70.27503967 17.69513702
-21.91424751 70.46203613 18.03913689
-25.16224480 85.70803833 4.24413681
-38.74624634 82.89403534 38.14514160
-27.12724495 81.84303284 12.92713737
-20.23124504 78.40503693 6.94313717
-37.72824860 71.23303223 37.72214127
-33.66524506 72.74703979 38.20513916
-33.22424316 68.32603455 34.85514069
-33.34224701 68.25103760 34.74013901
-35.51224518 66.06203461 44.05913925
-34.93124390 66.08903503 44.19913864
-37.61724854 71.55803680 37.73213959
-37.97624969 71.50303650 37.69213867
-33.46124268 67.68303680 4.35813713
-26.57624626 73.54003906 9.20013714
-26.45924568 73.35403442 9.34213734
-26.43624687 73.49504089 9.20313740
-33.35724640 73.08203125 38.24813843
-37.78924561 71.45303345 37.68114090
-37.76324463 71.77703857 37.72214127
-44.37124634 81.27203369 19.08713722
-44.41824341 81.21704102 18.47613716
-26.68024635 73.70903778 8.79213715
-25.79624748 73.48103333 8.90713692
-26.34424782 73.67103577 8.77113724
-34.59724426 86.34403992 35.73213959
-33.64624786 73.00903320 38.21813965
-33.48724365 72.87903595 38.19813919
-32.40724945 85.16304016 15.67913818
-32.01324463 87.12303162 33.66913986
-21.50324440 84.37403870 4.65413666
-21.74024391 84.33503723 4.81213713
-39.89624786 70.44203186 25.88013840
-31.69724464 84.31703186 42.46414185
-37.13724518 85.86103821 4.63313675
-40.03724670 70.99103546 26.28613663
-29.78924751 83.44703674 30.39513779
-30.09724617 83.47203827 30.43513680
-25.51624489 82.62103271 41.18814087
-26.53824425 83.76703644 38.43613815
-35.46524811 82.54503632 25.33913803
-35.31924438 82.54703522 25.20713806
-28.53724480 67.95203400 37.85113907
-44.78025055 80.48204041 17.00213814
-38.13024902 82.76503754 35.22113800
-25.97024727 83.04904175 42.36714172
-45.14225006 78.78703308 15.70413780
-26.39124489 75.38403320 12.12213707
-26.41924477 75.49603271 11.98013687
-28.74024773 72.41304016 21.08713722
-26.72024727 77.79303741 31.23913765
-33.01725006 69.20703125 33.39714050
-32.73424530 69.25203705 33.24713898
-30.50424767 67.82803345 27.47113800
-31.44624519 67.40603638 4.22113705
-31.44924736 67.44203186 4.52613688
-34.65924835 82.48403931 33.01813889
-32.65224457 69.15203857 33.88113785
-41.90224457 82.28103638 36.05313873
-42.05124664 82.02103424 35.83414078
-30.46624565 67.62503815 27.22513771
-27.69024467 80.82203674 19.43913651
-30.97524452 83.75503540 29.16413689
-31.08824730 83.76303101 29.52213860
-41.51224518 82.63304138 35.69313812
-25.13224602 81.57704163 20.07213783
-31.34124565 83.89804077 30.06813812
-26.13024712 80.61703491 28.03813744
-35.17324829 86.21903992 22.24613762
-24.42424583 81.70703125 20.12713814
-28.73224449 83.05903625 36.39113998
-28.64724541 82.67604065 36.38513947
-29.00524712 83.03103638 36.27714157
-35.52724457 70.52103424 30.19413757
-23.82124519 73.05703735 41.09313965
-23.91724586 72.75903320 41.17414093
-34.49824524 67.27503967 35.19713974
-27.43924522 72.09403992 15.07413673
-40.86024475 72.32703400 37.62813950
-37.48024750 66.61803436 41.83414078
-27.34024620 71.78003693 15.06413651
-29.11321449 67.10726929 3.15113688
-28.87164116 67.07205200 3.15113688
-19.19112206 73.43026733 3.15113688
-44.08869171 82.13400269 3.15113688
-25.39928246 66.84165955 3.15113688
-43.97724915 72.47756958 3.15113688
-35.77933502 67.89582825 3.15113688
-19.57964325 71.67210388 3.15113688
-19.03910637 76.62844849 3.15113688
-19.12912560 76.39611816 3.15113688
-44.82073212 76.26772308 3.15113688
-30.70192146 86.13109589 3.15113688
-31.19721794 86.08847046 3.15113688
-20.00617409 84.80457306 3.15113688
-20.60281944 69.71731567 3.15113688
-19.76768112 84.56372070 3.15113688
-33.12046051 67.62007141 3.15113688
-33.07920837 67.61606598 3.15113688
-32.89981842 67.62455750 3.15113688
-19.22016144 76.01780701 3.15113688
-19.22020912 76.01045227 3.15113688
-20.61916161 69.67858887 3.15113688
-41.31097412 84.80172729 3.15113688
-23.91991615 66.74874115 3.15113688
-18.95580101 77.90481567 3.15113688
-18.99951172 77.78882599 3.15113688
-43.84784698 82.53984070 3.15113688
-37.34498596 85.80014038 3.15113688
-37.34830475 85.80113220 3.15113688
-38.32979584 85.79589844 3.15113688
-19.31806946 72.75558472 3.15113688
-44.17985535 73.03725433 3.15113688
-35.53778076 85.96905518 3.15113688
-36.05801392 85.96672821 3.15113688
-44.99207306 78.45306396 3.15113688
-18.90961075 78.39374542 3.15113688
-44.98897552 78.39186859 3.15113688
-33.64023590 86.00181580 3.15113688
-33.77480316 85.98051453 3.15113688
-39.71806335 68.59973907 3.15113688
-44.24964142 73.31869507 3.15113688
-31.88396263 67.49430847 3.15113688
-23.06748772 85.79241943 3.15113688
-23.28083611 85.80821228 3.15113688
-42.81291199 70.44294739 3.15113688
-42.78840637 70.35266876 3.15113688
-19.44750595 83.02429199 3.15113688
-43.46460724 83.00559998 3.15113688
-43.54628754 82.85855103 3.15113688
-19.58512115 71.64578247 3.15113688
-29.92530632 86.16946411 3.15113688
-19.11463165 74.88533020 3.15113688
-36.18704224 85.94783783 3.15113688
-19.04238701 80.25442505 3.15113688
-19.01507950 80.14323425 3.15113688
-44.84005737 80.49966431 3.15113688
-38.43669891 68.38001251 3.15113688
-25.61084175 66.88104248 3.15113688
-23.21083641 66.77275085 3.15113688
-18.93299866 78.77330780 3.15113688
-42.94416046 70.84171295 3.15113688
-19.05187225 77.03631592 3.15113688
-19.04818916 76.98983765 3.15113688
-19.06628418 77.42803955 3.15113688
-44.93158722 77.48001862 3.15113688
-24.57184792 85.84791565 3.15113688
-24.42557716 66.77770233 3.15113688
-24.26439476 66.76181030 3.15113688
-40.23565674 85.37582397 3.15113688
-44.41232300 74.10185242 3.15113688
-19.11249542 74.09703827 3.15113688
-30.28711891 67.30065155 3.15113688
-19.63275337 71.36466980 3.15113688
-24.49780846 66.79945374 3.15113688
-37.60584259 68.10764313 3.15113688
-21.31753349 68.07638550 3.15113688
-37.04261780 85.84751892 3.15113688
-44.97578430 78.13319397 3.15113688
-25.22162056 85.93856812 3.15113688
-33.89523315 85.93713379 3.15113688
-19.05443954 74.44323730 3.15113688
-23.02799797 85.79464722 3.15113688
-18.97523308 79.11788177 3.15113688
-44.20648956 81.91880798 3.15113688
-44.31105042 81.78268433 3.15113688
-24.70578575 85.87172699 3.15113688
-25.62399101 86.04577637 3.15113688
-25.64948463 86.04965210 3.15113688
-32.23596954 86.07357788 3.15113688
-27.04329872 86.10451508 3.15113688
-44.65665436 75.41291046 3.15113688
-19.49924088 83.32147217 3.15113688
-44.62275696 81.10473633 3.15113688
-44.71196747 80.89764404 3.15113688
-24.09673119 66.79906464 3.15113688
-23.73671532 66.76983643 3.15113688
-23.81432533 66.76173401 3.15113688
-34.08843231 67.75871277 3.15113688
-35.05548096 85.93632507 3.15113688
-36.39703369 85.88466644 3.15113688
-35.09227753 85.94525146 3.15113688
-21.02115440 85.60866547 3.15113688
-39.79512024 85.50627136 3.15113688
-21.29506111 85.62307739 3.15113688
-24.13381767 66.81307983 3.15113688
-25.23016548 66.80567932 3.15113688
-43.21394348 70.98114777 3.15113688
-44.31301117 73.84477997 3.15113688
-42.49612427 70.00183868 3.15113688
-42.62216949 83.80149841 3.15113688
-43.72035980 82.70018005 3.15113688
-28.41372871 67.02835083 3.15113688
-28.03779793 67.04966736 3.15113688
-28.03362846 67.05025482 3.15113688
-28.60795021 67.05890656 3.15113688
-27.71985054 67.04385376 3.15113688
-42.26596832 84.15403748 3.15113688
-42.36357117 84.08176422 3.15113688
-31.88699150 86.12042236 3.15113688
-19.04953384 81.19568634 3.15113688
-34.43698883 85.95256042 3.15113688
-23.53861046 66.74185944 3.15113688
-19.17670631 76.20419312 3.15113688
-29.63024712 86.16501617 3.15113688
-29.27123833 86.16691589 3.15113688
-28.16822243 86.13475037 3.15113688
-28.92600060 86.13594818 3.15113688
-44.08128357 72.74809265 3.15113688
-19.41812134 72.49175262 3.15113688
-22.67020226 66.85502625 3.15113688
-26.76539803 66.90672302 3.15113688
-27.19218254 66.92697906 3.15113688
-37.76824188 85.87152863 3.15113688
-41.63593292 84.64758301 3.15113688
-19.43757439 72.21424866 3.15113688
-37.85632324 68.18371582 3.15113688
-38.04322815 68.26818085 3.15113688
-38.04420471 68.26876068 3.15113688
-26.47712898 66.87696075 3.15113688
-25.72218513 66.88021088 3.15113688
-44.96873474 79.69052124 3.15113688
-40.91591644 85.05244446 3.15113688
-40.81739807 85.10404968 3.15113688
-19.84545517 84.64066315 3.15113688
-19.30170059 72.81205750 3.15113688
-44.19272614 73.08007813 3.15113688
-44.48870087 81.40029907 3.15113688
-19.09226990 81.55805969 3.15113688
-41.38807678 69.29545593 3.15113688
-41.77062225 69.39678955 3.15113688
-20.86165428 69.10586548 3.15113688
-41.93539429 69.46771240 3.15113688
-19.44297981 72.34912109 3.15113688
-20.77377510 85.53953552 3.15113688
-41.26513672 84.82106018 3.15113688
-41.24574280 84.82732391 3.15113688
-42.84175873 83.64417267 3.15113688
-20.17770958 85.14759827 3.15113688
-21.73413277 67.67642212 3.15113688
-26.53527641 86.09082031 3.15113688
-36.87886810 68.02300262 3.15113688
-37.02178192 68.05545044 3.15113688
-21.38993645 67.99811554 3.15113688
-20.37921333 85.30554199 3.15113688
-22.03975105 67.33451843 3.15113688
-42.80660248 70.39678192 3.15113688
-44.58761597 75.16036987 3.15113688
-44.64967346 75.39147186 3.15113688
-19.18591690 75.41290283 3.15113688
-43.62423706 71.66670227 3.15113688
-19.91243172 84.68731689 3.15113688
-44.98878479 78.93630219 3.15113688
-44.98848724 78.96118164 3.15113688
-40.58547974 68.88220215 3.15113688
-40.74306488 68.93477631 3.15113688
-31.59589577 86.13305664 3.15113688
-43.41412354 83.09477234 3.15113688
-19.47831726 83.11167908 3.15113688
-21.20513725 68.35961151 3.15113688
-38.87024689 68.40277100 3.15113688
-44.32285309 81.74900055 3.15113688
-19.15342712 75.72136688 3.15113688
-44.69951630 75.79385376 3.15113688
-22.30043602 67.07608032 3.15113688
-29.46960640 67.17468262 3.15113688
-36.20185089 67.94830322 3.15113688
-36.30568695 67.96794128 3.15113688
-29.78444099 86.15977478 3.15113688
-42.68806458 83.73889923 3.15113688
-31.72486305 67.49595642 3.15113688
-32.10433197 67.51274872 3.15113688
-32.52584839 67.57323456 3.15113688
-32.52923584 67.57450867 3.15113688
-21.79157448 67.60014343 3.15113688
-43.72464752 71.81428528 3.15113688
-42.14537048 84.26898193 3.15113688
-19.64318085 84.20652008 3.15113688
-19.71501923 84.41041565 3.15113688
-18.97261047 79.94287872 3.15113688
-19.09905815 74.15914917 3.15113688
-20.35520744 69.92518616 3.15113688
-20.27424431 70.03023529 3.15113688
-37.34302521 85.79981995 3.15113688
-38.93551636 85.76851654 3.15113688
-23.65958977 85.77355957 3.15113688
-27.40961266 86.09948730 3.15113688
-33.95096588 67.74899292 3.15113688
-35.19146729 67.84490967 3.15113688
-21.69538689 67.70070648 3.15113688
-19.79824638 70.84062195 3.15113688
-19.02441978 76.71929932 3.15113688
-30.97916603 67.42570496 3.15113688
-21.93256187 67.43316650 3.15113688
-33.24180603 86.02142334 3.15113688
-43.44293976 71.36534119 3.15113688
-43.47776794 71.41721344 3.15113688
-43.50557709 71.47573090 3.15113688
-19.46885490 71.98238373 3.15113688
-43.80851746 72.02619934 3.15113688
-43.92781067 82.41259766 3.15113688
-43.91979980 82.43067932 3.15113688
-43.91113281 82.44914246 3.15113688
-19.20429039 82.27453613 3.15113688
-19.25682068 82.63070679 3.15113688
-43.75435638 82.66374207 3.15113688
-19.29605484 82.69966125 3.15113688
-35.34692383 67.86961365 3.15113688
-21.50887871 67.86205292 3.15113688
-39.39788055 85.65728760 3.15113688
-43.17949677 83.31343079 3.15113688
-24.48623466 66.79859924 3.15113688
-32.39336395 86.02326965 3.15113688
-25.34554863 85.95721436 3.15113688
-44.43240356 74.54001617 3.15113688
-44.48860931 74.70380402 3.15113688
-44.49108887 74.71725464 3.15113688
-36.08112335 67.93203735 3.15113688
-36.13943481 67.94450378 3.15113688
-44.15827942 81.97640228 3.15113688
-19.18619919 75.41724396 3.15113688
-34.32917786 67.74192047 3.15113688
-19.00060844 80.93904114 3.15113688
-25.09930611 85.93891907 3.15113688
-19.14579773 73.77485657 3.15113688
-39.56694031 68.58790588 3.15113688
-39.63050842 68.60371399 3.15113688
-19.15433884 75.15240479 3.15113688
-19.43047333 82.99033356 3.15113688
-29.65668678 67.19488525 3.15113688
-29.73766899 67.22102356 3.15113688
-29.96769524 67.24203491 3.15113688
-22.17507744 67.17771149 3.15113688
-19.57850456 84.04238892 3.15113688
-27.99770164 67.04926300 3.15113688
-22.43114662 67.03246307 3.15113688
-19.00389290 81.03044891 3.15113688
-27.29693031 86.08071899 3.15113688
-31.21456337 86.08565521 3.15113688
-20.84724617 69.11103821 3.19013691
-20.63659859 69.64009094 3.15113688
-22.69672203 66.84665680 3.15113688
-42.99808502 83.50408936 3.15113688
-39.81388855 85.50155640 3.15113688
-18.96219826 79.59389496 3.15113688
-18.95324516 79.57904053 3.17513680
-42.01416779 84.34240723 3.15113688
-35.88204956 85.97064972 3.15113688
-19.09132195 81.87072754 3.15113688
-19.16377831 82.10105896 3.15113688
-26.21218681 86.05580139 3.15113688
-28.32893181 86.15225220 3.15113688
-28.48751640 86.16028595 3.15113688
-41.20224762 69.03403473 3.42613697
-24.97424507 85.99304199 3.47113681
-24.85430336 85.90953064 3.15113688
-22.06205940 85.72724915 3.15113688
-18.91624641 77.91503906 3.24713683
-36.15724945 67.93203735 3.21813679
-27.65093040 67.02487183 3.15113688
-41.89337921 84.41053772 3.15113688
-21.19224739 68.39003754 3.21713686
-23.46450615 85.81709290 3.15113688
-24.81308174 66.74828339 3.15113688
-34.75815582 67.74970245 3.15113688
-42.15924835 84.30003357 3.29713678
-19.47695351 83.86560059 3.15113688
-21.46814156 67.91051483 3.15113688
-19.57195854 71.68881226 3.15113688
-37.49224854 68.06803894 3.18613696
-37.49478149 68.07471466 3.15113688
-37.42797089 68.07261658 3.15113688
-44.86916351 76.71222687 3.15113688
-20.92966652 68.84593201 3.15113688
-31.50163841 67.44992065 3.15113688
-32.39225006 67.41703796 3.87613678
-32.48902130 67.56721497 3.15113688
-32.17668152 67.53410339 3.15113688
-26.41639900 66.87142181 3.15113688
-26.36723518 66.87294006 3.15113688
-25.41424751 66.83103943 3.37513685
-42.85624695 83.70003510 3.28613687
-42.73024750 69.98403931 3.37213683
-37.01452637 85.84780884 3.15113688
-37.03125000 85.86403656 3.18713689
-32.72334290 86.03647614 3.15113688
-32.76725006 86.05403137 3.24113679
-41.94929504 69.47229767 3.15113688
-19.07070732 81.68571472 3.15113688
-40.68273163 85.15833282 3.15113688
-40.86124420 85.08903503 3.31513691
-23.36172295 66.77349091 3.15113688
-43.22351837 70.98400879 3.15113688
-19.74553490 70.94061279 3.15113688
-19.66962624 71.09207153 3.15113688
-37.59271240 85.87290955 3.15113688
-41.20796204 84.85194397 3.15113688
-18.98237419 79.08381653 3.15113688
-32.75924683 67.57603455 3.40813684
-32.84323883 67.62341309 3.15113688
-33.74122620 67.70168304 3.15113688
-34.42247009 67.73608398 3.15113688
-34.42624664 67.72903442 3.18513680
-29.39324760 67.11903381 3.38613701
-29.31063652 67.14791107 3.15113688
-19.14113045 76.36743164 3.15113688
-19.94724655 70.39003754 3.16413689
-28.69460106 86.14589691 3.15113688
-28.90524483 86.20603943 3.27313685
-28.82998085 86.14655304 3.15113688
-23.48850060 85.81698608 3.15113688
-44.42724609 74.09403992 3.18013692
-44.38585663 74.02421570 3.15113688
-42.54881287 83.89772034 3.15113688
-29.97514915 86.17156219 3.15113688
-30.44212532 86.16735840 3.15113688
-19.05451584 74.30812073 3.15113688
-19.05150795 74.37435913 3.15113688
-43.11583710 83.36844635 3.15113688
-43.41024780 83.18103790 3.46813679
-18.99424553 81.00503540 3.17113686
-19.90524483 84.61403656 3.32213688
-19.65737534 71.14335632 3.15113688
-44.61380768 81.14447021 3.15113688
-30.69502068 67.38603210 3.15113688
-41.17427063 69.16231537 3.15113688
-41.01891327 69.06284332 3.15113688
-41.64892578 69.32230377 3.15113688
-41.39724731 69.27903748 3.20013690
-20.92624474 68.76303101 3.22613692
-21.00007439 68.77358246 3.15113688
-23.07224464 85.78703308 3.46013689
-23.18224525 85.76103210 3.22913694
-23.05475426 85.79577637 3.15113688
-27.01703835 66.91884613 3.15113688
-27.09527016 86.10566711 3.15113688
-22.23324394 67.07703400 3.28313684
-34.46673584 67.73411560 3.15113688
-38.05824280 85.85504150 3.30713677
-21.33469200 85.63204956 3.15113688
-21.65324593 85.73703766 3.38713694
-19.61324501 71.22203064 3.30113697
-19.65724564 71.08303833 3.18013692
-33.07830048 86.06105042 3.15113688
-33.06524658 86.15803528 3.31713676
-32.91755676 86.02953339 3.15113688
-19.42477608 83.69587708 3.15113688
-44.41163635 81.52843475 3.15113688
-36.50524902 85.98603821 3.45213699
-36.91617584 85.85729980 3.15113688
-34.78200531 85.95127869 3.15113688
-35.27279663 85.96263123 3.15113688
-35.37306213 85.96701050 3.15113688
-19.79024506 84.58103943 3.20413685
-38.95121002 68.40986633 3.15113688
-19.05785561 77.35238647 3.15113688
-19.01837158 77.64606476 3.15113688
-38.04032135 85.82151794 3.15113688
-27.76124763 86.18003845 3.30313683
-29.40468025 86.18351746 3.15113688
-23.18552971 66.76873779 3.15113688
-23.13108635 66.75845337 3.15113688
-35.59033966 67.89482880 3.15113688
-22.10787010 67.26615906 3.15113688
-21.91324425 67.44403839 3.29813695
-19.40224648 72.34303284 3.41013694
-31.58601570 67.47098541 3.15113688
-19.10334396 74.81085205 3.15113688
-41.36031342 69.28038788 3.15113688
-41.33953094 69.26037598 3.15113688
-19.18630219 75.41489410 3.15113688
-44.29024506 73.43203735 3.21213698
-44.48925018 73.83803558 3.54913688
-18.92197418 78.63185883 3.15113688
-43.90424347 82.49803162 3.37513685
-43.70324707 82.71403503 3.34913683
-43.66001892 82.77011108 3.15113688
-23.90411949 85.81161499 3.15113688
-24.12303352 85.81991577 3.15113688
-24.14824486 85.83203125 3.24713683
-42.67984772 70.15657043 3.15113688
-43.92724609 72.35603333 3.20113683
-43.91224670 72.32864380 3.15113688
-30.28296852 67.30020142 3.15113688
-41.96869659 69.48398590 3.15113688
-42.51024628 69.91003418 3.28413677
-42.24471283 69.69688416 3.15113688
-40.39968872 85.27954102 3.15113688
-36.01261139 85.97029877 3.15113688
-19.21924591 76.01303101 3.15813684
-19.21722412 75.99681091 3.15113688
-32.03290558 86.11211395 3.15113688
-33.43124390 86.04503632 3.27413678
-33.76924896 86.02703857 3.21813679
-33.37073517 85.99995422 3.15113688
-34.10652924 85.90777588 3.15113688
-20.57391167 69.76342773 3.15113688
-20.59624672 69.71503448 3.17913699
-20.50024605 69.84783936 3.15113688
-43.40753174 71.21456909 3.15113688
-43.32624054 71.10629272 3.15113688
-41.69028473 69.33598328 3.15113688
-26.95636559 86.10916901 3.15113688
-26.99021721 86.11013794 3.15113688
-22.04024696 67.29503632 3.48013687
-44.15134430 81.99504089 3.15113688
-27.75927925 86.13920593 3.15113688
-28.05405998 86.13923645 3.15113688
-44.44036102 81.49705505 3.15113688
-27.01416588 86.10816193 3.15113688
-31.37023354 67.45474243 3.15113688
-24.48217964 66.79822540 3.15113688
-24.48924446 66.79303741 3.16913676
-44.16424561 72.86803436 3.70313692
-44.07079315 72.69684601 3.15113688
-44.05170441 72.62622070 3.15113688
-44.02724457 72.42403412 3.50413680
-39.40804291 85.65475464 3.15113688
-39.41091156 85.65329742 3.15113688
-36.61067200 67.99737549 3.15113688
-36.46636200 67.99610901 3.15113688
-36.37124634 67.96203613 3.26913691
-39.92524719 68.59903717 3.25613689
-22.45928764 85.73149872 3.15113688
-22.79945564 85.78461456 3.15113688
-22.63724709 85.77403259 3.28513694
-22.34692955 85.73175812 3.15113688
-19.04795837 77.53900146 3.15113688
-43.01526642 70.90188599 3.15113688
-42.96981049 70.87477875 3.15113688
-42.85714722 70.74711609 3.15113688
-44.41879272 74.18431091 3.15113688
-44.94692230 77.62223053 3.15113688
-38.04524994 68.26803589 3.15413690
-38.06713867 68.27448273 3.15113688
-38.85924530 68.34603882 3.39113688
-38.42024994 68.35403442 3.48013687
-27.03724480 86.12004089 3.17413688
-32.99224854 67.55603790 3.54713678
-19.46524620 83.11403656 3.19013691
-19.44485092 83.00891113 3.15113688
-44.68675232 75.72945404 3.15113688
-44.67804718 75.69844055 3.15113688
-44.68024445 75.70803833 3.18213677
-44.80894470 76.18557739 3.15113688
-28.44324684 67.04403687 3.34613681
-28.79294777 67.04474640 3.15113688
-35.67742920 67.89007568 3.15113688
-19.01928711 80.49080658 3.15113688
-19.00083923 80.62212372 3.15113688
-43.55724335 82.88703918 3.22313690
-21.53977013 85.69017029 3.15113688
-21.64523888 85.70323181 3.15113688
-21.89213371 85.70478821 3.15113688
-27.41495323 66.96173096 3.15113688
-27.31926155 66.95983887 3.15113688
-45.00024414 78.42604065 3.19413686
-30.77843285 86.14431763 3.15113688
-30.96015739 86.13459778 3.15113688
-30.45192528 86.16686249 3.15113688
-30.46302986 86.16510010 3.15113688
-19.94592667 70.39782715 3.15113688
-20.04463577 70.18815613 3.15113688
-19.96251106 70.36904907 3.15113688
-30.03724480 86.27903748 3.42913699
-19.25295830 73.18675232 3.15113688
-19.19222450 73.42543030 3.15113688
-25.58524513 86.04603577 3.41713691
-25.89924431 86.13203430 3.43213701
-26.16314888 86.06308746 3.15113688
-44.50924683 74.72003174 3.17713690
-44.55472565 75.01628876 3.15113688
-44.50038147 74.74182892 3.15113688
-26.82037163 66.92025757 3.15113688
-43.65079498 71.70272064 3.15113688
-22.82424736 66.84003448 3.35613680
-22.67781639 66.85175323 3.15113688
-44.28572845 73.61910248 3.15113688
-42.51024628 84.03003693 3.27513695
-44.96861267 79.68046570 3.15113688
-44.96996307 79.67081451 3.15113688
-44.94448090 79.97425842 3.15113688
-30.64220238 67.37715912 3.15113688
-37.04624939 68.02103424 3.32113695
-32.18124390 67.49803162 3.25313687
-25.78824425 66.80503845 3.47613692
-26.09823418 66.83823395 3.15113688
-26.04372215 66.84051514 3.15113688
-26.10024452 66.83003235 3.16813684
-40.13940430 68.69259644 3.15113688
-39.86711884 68.60747528 3.15113688
-19.87866020 70.60162354 3.15113688
-19.67524529 70.89603424 3.31113696
-23.09494972 66.75689697 3.15113688
-40.55980682 85.19677734 3.15113688
-30.65764809 67.37951660 3.15113688
-30.64854240 67.37754059 3.15113688
-42.34259033 69.81637573 3.15113688
-38.80024719 85.81503296 3.32313681
-38.75301361 85.77363586 3.15113688
-38.40914917 85.78034973 3.15113688
-38.45524597 85.81203461 3.27213693
-44.16058350 81.97177887 3.15113688
-18.97286797 78.88560486 3.15113688
-18.94024658 78.56203461 3.30513692
-18.93459320 78.50270081 3.15113688
-18.91403770 78.20801544 3.15113688
-18.87424660 78.26203918 3.25113678
-29.72224617 67.18603516 3.23013687
-29.84642220 67.24077606 3.15113688
-29.96324730 67.18703461 3.33513689
-33.63336945 67.68386078 3.15113688
-33.55384827 67.68373108 3.15113688
-43.00624847 70.87203979 3.21813679
-38.51285553 68.37737274 3.15113688
-24.47464561 85.81668091 3.15113688
-20.10524559 84.90103149 3.22413683
-20.26324654 85.19903564 3.22213697
-20.10807610 85.01760864 3.15113688
-19.03724480 77.06003571 3.20213699
-33.08834076 67.61617279 3.15113688
-33.08724976 67.61503601 3.15513682
-20.15124512 70.00503540 3.21413684
-20.12113190 70.08784485 3.15113688
-26.40624428 66.86403656 3.17913699
-19.15017319 73.80735779 3.15113688
-19.04725647 77.11072540 3.15113688
-38.03855133 68.26544189 3.15113688
-37.83024597 68.12503815 3.49913692
-19.26534653 73.09732056 3.15113688
-32.18224335 86.11503601 3.21113682
-44.19824982 73.09204102 3.16313696
-44.25579071 73.46215820 3.15113688
-44.25685883 73.39608002 3.15113688
-19.00224495 80.23204041 3.30513692
-43.46924591 71.40203857 3.19313693
-25.07537270 66.80378723 3.15113688
-24.86096764 66.75450897 3.15113688
-38.78137207 68.37718201 3.15113688
-43.93024445 82.43503571 3.18113685
-43.95640564 82.37905884 3.15113688
-31.73937798 86.14697266 3.15113688
-31.84024620 86.19503784 3.24013686
-35.00925446 67.77641296 3.15113688
-24.49124718 85.85704041 3.21313691
-24.39455223 85.82290649 3.15113688
-44.88428497 76.96988678 3.15113688
-43.37332916 83.14331818 3.15113688
-37.43024445 85.85003662 3.41613698
-41.79124451 69.28804016 3.28913689
-41.94924927 69.46003723 3.16713691
-41.66925049 84.67604065 3.26913691
-41.66825867 84.61196899 3.15113688
-39.10590363 85.73021698 3.15113688
-35.97525024 86.07704163 3.40813684
-18.90824509 79.80603790 3.32313681
-18.96369362 79.64680481 3.15113688
-18.95679092 79.55285645 3.15113688
-18.93379021 78.09385681 3.15113688
-19.30743980 72.78596497 3.15113688
-44.92485046 80.12327576 3.15113688
-44.93562317 80.04592896 3.15113688
-19.74798584 84.51986694 3.15113688
-21.11724663 85.63903809 3.26813698
-19.43924522 83.01603699 3.16613698
-19.42024612 83.73403931 3.21313691
-19.43325043 83.75671387 3.15113688
-21.42270851 67.94539642 3.15113688
-29.08724785 86.16703796 3.23913693
-21.36624718 67.94403839 3.45913696
-40.37724304 68.77503967 3.28813696
-40.56324768 68.86703491 3.17513680
-40.51841736 68.84957886 3.15113688
-40.35382843 68.77737427 3.15113688
-40.87808990 68.99152374 3.15113688
-40.79924774 68.86603546 3.42213678
-44.98363495 79.29773712 3.15113688
-24.26438713 85.80854034 3.15113688
-25.67826653 86.05746460 3.15113688
-25.72028542 86.06085205 3.15113688
-32.53936768 67.57603455 3.15113688
-32.62756348 86.02127838 3.15113688
-26.39924431 86.09903717 3.36313677
-26.39809990 86.06188965 3.15113688
-26.55524635 86.09903717 3.17413688
-21.26430702 85.62359619 3.15113688
-21.27524757 85.64203644 3.31913686
-21.20049477 68.44448853 3.15113688
-21.18850517 68.49932098 3.15113688
-19.44902039 72.07334900 3.15113688
-44.65439606 75.40162659 3.15113688
-37.68722534 85.87759399 3.15113688
-19.47773743 83.16857910 3.15113688
-19.48251534 83.37332153 3.15113688
-44.71324921 80.89603424 3.15213680
-44.71360779 80.89347839 3.15113688
-44.71262360 80.89504242 3.15113688
-44.63824463 81.14804077 3.20913696
-35.24924469 67.79103088 3.35413694
-34.94194031 67.76805115 3.15113688
-23.78024483 66.70703125 3.30313683
-23.91557503 66.74822235 3.15113688
-24.17224693 66.80203247 3.24913692
-24.32169533 66.75182343 3.15113688
-34.38862610 67.74142456 3.15113688
-24.11124611 66.71503448 3.49413681
-20.88370323 85.58190918 3.15113688
-20.64973640 85.49783325 3.15113688
-34.01966095 85.90354156 3.15113688
-34.04824829 85.93503571 3.19813681
-24.44024467 66.77603149 3.33313680
-44.65625000 75.40303802 3.15813684
-38.95824432 68.41203308 3.22313690
-39.40324402 68.55703735 3.26313686
-39.37281036 68.57042694 3.15113688
-39.15574646 68.49553680 3.15113688
-19.78342819 70.86512756 3.15113688
-19.12724495 73.79603577 3.19513679
-19.19024658 73.42604065 3.15513682
-42.66024780 83.76803589 3.17613697
-42.57441711 83.85832977 3.15113688
-42.55850983 70.04174805 3.15113688
-42.43394470 69.96519470 3.15113688
-29.06866646 86.13672638 3.15113688
-28.03324699 67.04903412 3.15513682
-28.21124458 67.00203705 3.24913692
-28.25750160 67.02493286 3.15113688
-28.03112602 67.05080414 3.15113688
-19.61822701 84.09848022 3.15113688
-24.30634499 85.80702209 3.15113688
-31.21424675 86.08703613 3.15513682
-44.46824646 74.48903656 3.24313688
-19.08624649 81.40803528 3.31813693
-18.98379326 79.27137756 3.15113688
-18.97924614 79.37539673 3.15113688
-18.95324516 79.15903473 3.28813696
-35.04824829 85.94503784 3.16413689
-34.53609467 85.96194458 3.15113688
-34.56372833 85.96179199 3.15113688
-23.62714958 66.75197601 3.15113688
-23.56816292 66.73796082 3.15113688
-23.56524467 66.72303772 3.19213676
