-25.77766418 17.54351807 -8.10359478 0 130 124 0.125401
-25.88583374 10.04399872 -8.20904541 0 253 1 0.247496
-26.06138611 5.04506874 -8.41374969 216 255 0 0.466458
-26.12431335 5.04566717 -8.52171612 255 200 0 0.557640
-26.12469482 2.54570389 -8.53535461 255 200 0 0.558001
-26.16919708 0.04638591 -8.66590881 255 125 0 0.634083
-26.16881561 2.54634881 -8.65227032 255 125 0 0.633722
-26.19669342 0.04774055 -8.91344357 255 26 0 0.731239
-26.19631195 2.54770350 -8.89980507 255 26 0 0.730878
-26.17930603 0.04841299 -9.03719044 255 8 0 0.749976
-26.14123535 2.54902005 -9.14269638 255 8 0 0.749037
-26.08465576 0.04965527 -9.26756573 255 26 0 0.730878
-26.08427429 2.54961801 -9.25392723 255 26 0 0.730482
-25.91979218 0.05064841 -9.45424366 255 125 0 0.634081
-25.81607056 2.55097866 -9.51087093 255 200 0 0.558117
-25.81645203 0.05101588 -9.52450943 255 200 0 0.558513
-25.70288849 0.05128287 -9.57663918 219 255 0 0.467475
-25.70250702 2.55124569 -9.56300068 219 255 0 0.467080
-25.45746613 2.55145144 -9.60761642 1 255 0 0.249023
-25.45669556 7.55137730 -9.58033943 1 255 0 0.248225
-25.33203125 7.55131054 -9.57158661 0 133 121 0.127268
-25.45631409 10.05133915 -9.56670094 0 253 1 0.247830
-25.70097351 12.55109692 -9.50844669 216 255 0 0.465491
-25.81415558 15.05079174 -9.44267845 255 203 0 0.556133
-25.81376648 17.55075455 -9.42903996 255 203 0 0.555731
-25.91710663 17.55038834 -9.35877514 255 125 0 0.631299
-25.91672516 20.05035210 -9.34513664 255 128 0 0.630917
-26.08197021 17.54939270 -9.17209625 255 29 0 0.728096
-26.08158875 20.04935646 -9.15845776 255 29 0 0.727711
-26.13854980 20.04875946 -9.04722786 255 11 0 0.746265
-26.19362640 20.04744339 -8.80433559 255 29 0 0.728348
-26.19400787 17.54747963 -8.81797409 255 29 0 0.728699
-26.16613007 20.04608917 -8.55680084 255 125 0 0.631193
-26.19060516 17.54679680 -8.69305706 255 68 0 0.689706
-26.16651154 17.54612541 -8.57043934 255 125 0 0.631543
-26.12200928 20.04544258 -8.43988514 255 203 0 0.555473
-26.05946350 17.54487991 -8.34555817 216 255 0 0.464640
-26.05908203 20.04484367 -8.33191967 216 255 0 0.464293
-25.97911072 20.04430962 -8.23589993 112 255 0 0.360200
-25.97949219 17.54434586 -8.24953842 112 255 0 0.360543
-25.88430023 20.04384995 -8.15449142 0 253 1 0.246071
-25.88468170 17.54388618 -8.16812992 0 253 1 0.246407
-25.81338501 20.05071831 -9.41540146 255 203 0 0.555350
-25.70059204 15.05105972 -9.49480820 216 255 0 0.465096
-25.58031464 12.55125618 -9.54099751 112 255 0 0.361491
-25.45593262 12.55130196 -9.55306244 0 253 1 0.247434
-25.70020294 17.55102158 -9.48117065 216 255 0 0.464694
-25.69982147 20.05098534 -9.46753120 216 255 0 0.464316
-25.57993317 15.05121899 -9.52735901 112 255 0 0.361096
-25.33126831 12.55123520 -9.54430962 0 133 121 0.126477
-25.33164978 10.05127239 -9.55794811 0 133 121 0.126873
-25.45516205 17.55122757 -9.52578545 0 253 1 0.246636
-25.57954407 17.55117989 -9.51372051 112 255 0 0.360693
-25.33088684 15.05119801 -9.53067112 0 133 121 0.126082
-25.45555115 15.05126476 -9.53942394 0 253 1 0.247039
-25.57916260 20.05114365 -9.50008202 112 255 0 0.360321
-25.33049774 17.55115891 -9.51703262 0 133 121 0.125680
-26.12507629 0.04574133 -8.54899311 255 200 0 0.558361
-25.98102570 7.54449511 -8.30409241 115 255 0 0.361993
-25.98141479 5.04453230 -8.31773090 115 255 0 0.362361
-25.88621521 7.54403639 -8.22268391 0 253 1 0.247857
-25.77843475 12.54359245 -8.13087082 0 133 121 0.126129
-25.66104889 20.04321289 -8.04408455 0 11 243 0.003486
-26.06214905 0.04514267 -8.44102669 219 255 0 0.467179
-25.98179626 2.54456949 -8.33136940 115 255 0 0.362722
-26.06176758 2.54510546 -8.42738819 219 255 0 0.466818
-25.77881622 10.04362965 -8.14450932 0 133 121 0.126490
-25.66411591 0.04351135 -8.15319157 0 11 243 0.003441
-25.88698578 2.54411077 -8.24996090 1 255 0 0.248586
-25.77958679 5.04370546 -8.17178631 0 133 121 0.127219
-25.88660431 5.04407358 -8.23632240 1 255 0 0.248225
-25.77919769 7.54366827 -8.15814781 0 133 121 0.126851
-25.77996826 2.54374218 -8.18542480 0 133 121 0.127579
-25.88507080 15.04392433 -8.18176842 0 253 1 0.246775
-25.97988129 15.04438305 -8.26317692 112 255 0 0.360911
-26.05985260 15.04491901 -8.35919666 216 255 0 0.465008
-26.12277985 15.04551792 -8.46716213 255 203 0 0.556190
-26.12239075 17.54547882 -8.45352364 255 203 0 0.555822
-26.16690063 15.04616261 -8.58407784 255 125 0 0.631911
-26.19099426 15.04683495 -8.70669556 255 68 0 0.690074
-26.19439697 15.04751682 -8.83161259 255 29 0 0.729067
-26.17662048 17.54815102 -8.94172096 255 11 0 0.747437
-26.13893127 17.54879570 -9.06086636 255 11 0 0.746651
-26.08235931 15.04943180 -9.18573475 255 29 0 0.728498
-26.00773621 15.04996681 -9.28596592 255 68 0 0.689698
-26.00734711 17.54992867 -9.27232742 255 68 0 0.689295
-25.91749573 15.05042458 -9.37241364 255 125 0 0.631702
-25.77805328 15.04355526 -8.11723328 0 133 121 0.125769
-25.88545227 12.54396152 -8.19540691 0 253 1 0.247136
-25.98064423 10.04445744 -8.29045391 112 255 0 0.361633
-26.06099701 7.54503155 -8.40011215 216 255 0 0.466090
-26.12392426 7.54562998 -8.50807762 255 200 0 0.557272
-26.16843414 5.04631138 -8.63863182 255 125 0 0.633361
-26.19290924 2.54702115 -8.77488804 255 65 0 0.691884
-26.19137573 12.54687214 -8.72033405 255 68 0 0.690434
-26.17700958 15.04818916 -8.95535946 255 11 0 0.747805
-26.13932037 15.04883289 -9.07450485 255 11 0 0.747053
-26.00811768 12.55000401 -9.29960442 255 68 0 0.690093
-25.91787720 12.55046177 -9.38605118 255 125 0 0.632097
-25.98026276 12.54442024 -8.27681541 112 255 0 0.361272
-26.06023407 12.54495621 -8.37283516 216 255 0 0.465369
-26.06061554 10.04499340 -8.38647366 216 255 0 0.465729
-26.12354279 10.04559231 -8.49443913 255 200 0 0.556911
-26.16804504 7.54627419 -8.62499332 255 125 0 0.632993
-26.12316132 12.54555511 -8.48080063 255 200 0 0.556550
-26.16728210 12.54619980 -8.59771633 255 125 0 0.632272
-26.19477844 12.54755402 -8.84525108 255 29 0 0.729428
-26.17777252 10.04826355 -8.98263645 255 8 0 0.748526
-26.17739105 12.54822636 -8.96899796 255 8 0 0.748166
-26.08312225 10.04950619 -9.21301174 255 29 0 0.729289
-26.13970184 12.54887009 -9.08814335 255 11 0 0.747448
-26.00849915 10.05004120 -9.31324291 255 68 0 0.690488
-26.08274078 12.54946899 -9.19937325 255 29 0 0.728894
-25.81491852 10.05086613 -9.46995544 255 200 0 0.556924
-25.81453705 12.55082893 -9.45631695 255 200 0 0.556529
-26.19213867 7.54694748 -8.74761105 255 65 0 0.691156
-26.19252777 5.04698467 -8.76124954 255 65 0 0.691524
-26.19593048 5.04766607 -8.88616657 255 26 0 0.730517
-26.17892456 2.54837584 -9.02355194 255 8 0 0.749616
-26.16766357 10.04623699 -8.61135483 255 125 0 0.632633
-26.19175720 10.04690933 -8.73397255 255 68 0 0.690795
-26.19515991 10.04759121 -8.85888958 255 29 0 0.729789
-26.17815399 7.54830170 -8.99627495 255 8 0 0.748887
-26.14046478 7.54894590 -9.11541939 255 8 0 0.748239
-26.14008331 10.04890728 -9.10178185 255 11 0 0.747844
-26.08350372 7.54954433 -9.22665024 255 29 0 0.729684
-26.00888062 7.55007935 -9.32688141 255 68 0 0.690884
-25.91825867 10.05049896 -9.39969063 255 125 0 0.632493
-25.91864014 7.55053711 -9.41332817 255 125 0 0.632888
-25.81529999 7.55090475 -9.48359394 255 200 0 0.557319
-25.70135498 10.05113411 -9.52208519 216 255 0 0.465887
-25.58069611 10.05129337 -9.55463600 115 255 0 0.361886
-26.19554138 7.54762888 -8.87252808 255 26 0 0.730149
-26.17854309 5.04833889 -9.00991344 255 8 0 0.749255
-26.08389282 5.04958153 -9.24028873 255 26 0 0.730087
-25.91902924 5.05057430 -9.42696667 255 125 0 0.633290
-25.81568909 5.05094194 -9.49723244 255 200 0 0.557722
-25.70173645 7.55117130 -9.53572369 216 255 0 0.466282
-25.58107758 7.55133057 -9.56827450 115 255 0 0.362282
-25.33242035 5.05134773 -9.58522511 0 133 121 0.127671
-26.14085388 5.04898310 -9.12905788 255 8 0 0.748641
-26.00965118 2.55015349 -9.35415840 255 65 0 0.691682
-26.00926971 5.05011654 -9.34051991 255 65 0 0.691286
-25.91941071 2.55061126 -9.44060516 255 125 0 0.633686
-25.58184814 2.55140471 -9.59555149 115 255 0 0.363079
-25.70212555 5.05120850 -9.54936218 219 255 0 0.466685
-25.58146667 5.05136776 -9.58191299 115 255 0 0.362684
-25.45708466 5.05141449 -9.59397793 1 255 0 0.248627
-25.33280182 2.55138469 -9.59886360 0 133 121 0.128066
-22.20391083 20.08476830 -15.75838280 0 130 124 0.125048
-22.10752869 20.08432007 -15.67883492 0 14 240 0.006681
-22.20468140 15.08484268 -15.78565979 0 133 121 0.126180
-22.35228729 10.08603668 -16.01410103 115 255 0 0.362053
-22.39944458 5.08675194 -16.15741348 219 255 0 0.466990
-22.42592621 5.08742237 -16.27953911 255 200 0 0.557584
-22.42630768 2.58745956 -16.29317665 255 200 0 0.558236
-22.43214417 2.58814144 -16.41800308 255 125 0 0.633280
-22.41716766 2.58881569 -16.54206657 255 68 0 0.690688
-22.38179016 2.58946443 -16.66192055 255 29 0 0.728860
-22.32740021 0.09010590 -16.78787804 255 5 0 0.751065
-22.25435638 2.59061217 -16.87590408 255 5 0 0.751764
-22.06386566 2.59145832 -17.03635406 255 65 0 0.692754
-21.83171082 0.09194661 -17.13921738 255 200 0 0.558437
-21.83132935 2.59190941 -17.12557983 255 200 0 0.557756
-21.70721436 2.59196949 -17.14006233 216 255 0 0.466134
-21.58240509 2.59191585 -17.13373756 112 255 0 0.361667
-21.46076202 0.09178715 -17.12041664 0 253 1 0.247945
-21.46038055 2.59174991 -17.10677910 0 253 1 0.247264
-21.34452820 2.59147644 -17.05993271 0 133 121 0.126101
-21.23844910 0.09114053 -17.00813866 0 8 246 0.002225
-21.34375763 7.59140253 -17.03265572 0 130 124 0.124731
-21.45922852 10.09163761 -17.06586266 0 253 1 0.245213
-21.45960999 7.59167576 -17.07950211 0 253 1 0.245895
-21.58087158 12.59176731 -17.07918358 112 255 0 0.358934
-21.70529938 15.09178257 -17.07187080 213 255 0 0.462720
-21.94864655 20.09147644 -16.99521637 255 128 0 0.629265
-21.94902802 17.59151268 -17.00885582 255 128 0 0.629906
-22.06118011 20.09119797 -16.94088554 255 68 0 0.688008
-22.16351318 17.59085655 -16.88226128 255 29 0 0.728271
-22.16313171 20.09081841 -16.86862183 255 29 0 0.727624
-22.25167084 20.09035110 -16.78043365 255 11 0 0.747013
-22.32433319 20.08980751 -16.67877007 255 11 0 0.745633
-22.37948608 17.58924103 -16.58009148 255 32 0 0.724933
-22.41486359 17.58859253 -16.46023560 255 71 0 0.686760
-22.42400360 17.58723450 -16.21134567 255 203 0 0.554308
-22.39714050 20.08652878 -16.07558250 213 255 0 0.463113
-22.39752197 17.58656502 -16.08922005 216 255 0 0.463714
-22.35113525 17.58592415 -15.97318649 112 255 0 0.360090
-22.28611755 17.58533096 -15.86646557 0 253 1 0.246301
-22.20429230 17.58480453 -15.77202129 0 133 121 0.125521
-21.82902527 17.59168434 -17.04374886 255 203 0 0.553654
-21.45884705 12.59160042 -17.05222511 0 250 4 0.244531
-21.70491028 17.59174538 -17.05823135 213 255 0 0.462032
-21.58049011 15.09173012 -17.06554604 109 255 0 0.358253
-21.34337616 10.09136486 -17.01901627 0 130 124 0.124049
-21.34299469 12.59132767 -17.00537872 0 130 124 0.123368
-21.70452881 20.09170914 -17.04459381 213 255 0 0.461408
-21.57971954 20.09165573 -17.03826904 109 255 0 0.356957
-21.58010101 17.59169197 -17.05190659 109 255 0 0.357564
-21.45846558 15.09156322 -17.03858566 0 250 4 0.243849
-21.45807648 17.59152603 -17.02494812 0 250 4 0.243162
-21.45769501 20.09148979 -17.01130867 0 250 4 0.242587
-21.34261322 15.09129047 -16.99173927 0 130 124 0.122686
-21.34222412 17.59125137 -16.97810173 0 127 127 0.121998
-21.34184265 20.09121513 -16.96446228 0 127 127 0.121530
-22.42668915 0.08749671 -16.30681610 255 200 0 0.558889
-22.35305786 5.08611202 -16.04137802 115 255 0 0.363365
-22.35266876 7.58607483 -16.02774048 115 255 0 0.362707
-22.28765106 7.58548260 -15.92101860 1 255 0 0.248917
-22.28726959 10.08544540 -15.90738106 1 255 0 0.248265
-22.20544434 10.08491707 -15.81293678 0 133 121 0.127485
-22.20506287 12.58487988 -15.79929829 0 133 121 0.126833
-22.39982605 2.58678913 -16.17105103 219 255 0 0.467642
-22.40020752 0.08682638 -16.18469048 219 255 0 0.468295
-22.20582581 7.58495474 -15.82657528 0 133 121 0.128138
-22.11059570 0.08461755 -15.78794289 0 11 243 0.005667
-22.35343933 2.58614922 -16.05501747 115 255 0 0.364018
-22.28804016 5.08551979 -15.93465805 1 255 0 0.249576
-22.28842163 2.58555698 -15.94829559 1 255 0 0.250228
-22.20659637 2.58502913 -15.85385227 0 136 118 0.129449
-22.20621490 5.08499193 -15.84021378 0 136 118 0.128797
-22.20697784 0.08506628 -15.86749077 0 136 118 0.130102
-22.28650665 15.08537102 -15.88010406 0 253 1 0.246960
-22.42439270 15.08727360 -16.22498512 255 203 0 0.554968
-22.42984009 17.58791733 -16.33617210 255 128 0 0.629352
-22.41525269 15.08862972 -16.47387314 255 71 0 0.687418
-22.32471466 17.58984375 -16.69240952 255 11 0 0.746282
-22.25205231 17.59038734 -16.79407310 255 11 0 0.747661
-22.25244141 15.09042549 -16.80771065 255 8 0 0.748348
-22.06156158 17.59123421 -16.95452309 255 68 0 0.688651
-21.94941711 15.09155178 -17.02249336 255 128 0 0.630593
-22.28688812 12.58540821 -15.89374256 0 253 1 0.247612
-22.39905548 7.58671474 -16.14377403 216 255 0 0.466331
-22.42553711 7.58738518 -16.26589966 255 200 0 0.556925
-22.35190582 12.58599949 -16.00046349 112 255 0 0.361401
-22.35152435 15.08596230 -15.98682404 112 255 0 0.360748
-22.39791107 15.08660316 -16.10285950 216 255 0 0.464374
-22.42477417 12.58731079 -16.23862267 255 203 0 0.555620
-22.43061066 12.58799171 -16.36344910 255 128 0 0.630664
-22.43022919 15.08795452 -16.34981155 255 128 0 0.630012
-22.41563416 12.58866692 -16.48751259 255 68 0 0.688071
-22.37987518 15.08927822 -16.59372902 255 32 0 0.725591
-22.38025665 12.58931541 -16.60736656 255 32 0 0.726243
-22.32548523 12.58992004 -16.71968651 255 11 0 0.747651
-22.32510376 15.08988285 -16.70604706 255 11 0 0.746969
-22.16428375 12.59093094 -16.90953827 255 29 0 0.729640
-22.16390228 15.09089375 -16.89589882 255 29 0 0.728958
-22.06195068 15.09127235 -16.96816063 255 68 0 0.689339
-21.82979584 12.59176064 -17.07102585 255 203 0 0.555023
-21.82941437 15.09172344 -17.05738640 255 203 0 0.554341
-22.39867401 10.08667755 -16.13013649 216 255 0 0.465679
-22.42515564 10.08734798 -16.25226212 255 203 0 0.556273
-22.43176270 5.08810425 -16.40436554 255 125 0 0.632628
-22.41678619 5.08877897 -16.52842712 255 68 0 0.690035
-22.39829254 12.58664036 -16.11649704 216 255 0 0.465026
-22.32586670 10.08995724 -16.73332405 255 8 0 0.748332
-22.25320435 10.09049988 -16.83498764 255 8 0 0.749712
-22.16466522 10.09096813 -16.92317581 255 26 0 0.730321
-22.25282288 12.59046268 -16.82135010 255 8 0 0.749031
-22.06271362 10.09134674 -16.99543762 255 68 0 0.690702
-22.06233215 12.59130955 -16.98180008 255 68 0 0.690021
-21.95018005 10.09162617 -17.04977036 255 125 0 0.631956
-21.94979858 12.59158897 -17.03613281 255 125 0 0.631275
-21.70568085 12.59181976 -17.08550835 213 255 0 0.463401
-22.43099213 10.08802891 -16.37708855 255 125 0 0.631317
-22.43137360 7.58806705 -16.39072609 255 125 0 0.631969
-22.41639709 7.58874178 -16.51478958 255 68 0 0.689376
-22.38140869 5.08942747 -16.64828300 255 29 0 0.728208
-22.41601563 10.08870411 -16.50115013 255 68 0 0.688723
-22.38101959 7.58939028 -16.63464355 255 29 0 0.727548
-22.38063812 10.08935261 -16.62100601 255 32 0 0.726896
-22.25358582 7.59053802 -16.84862709 255 8 0 0.750394
-22.16504669 7.59100533 -16.93681526 255 26 0 0.731003
-21.83017731 10.09179783 -17.08466339 255 203 0 0.555704
-21.70606232 10.09185696 -17.09914780 216 255 0 0.464084
-21.58125305 10.09180450 -17.09282303 112 255 0 0.359616
-22.32701874 2.59006882 -16.77424049 255 8 0 0.750384
-22.32663727 5.09003162 -16.76060104 255 8 0 0.749702
-22.32624817 7.58999443 -16.74696350 255 8 0 0.749014
-22.06309509 7.59138441 -17.00907707 255 65 0 0.691384
-22.06348419 5.09142160 -17.02271461 255 65 0 0.692071
-21.95095062 5.09170055 -17.07704735 255 125 0 0.633326
-21.95056152 7.59166336 -17.06340981 255 125 0 0.632638
-21.83094788 5.09187222 -17.11194038 255 200 0 0.557074
-21.83055878 7.59183502 -17.09830284 255 200 0 0.556387
-21.70683289 5.09193230 -17.12642479 216 255 0 0.465453
-21.70644379 7.59189510 -17.11278534 216 255 0 0.464765
-21.58163452 7.59184122 -17.10646057 112 255 0 0.360297
-21.45999908 5.09171295 -17.09313965 0 253 1 0.246582
-21.34414673 5.09143972 -17.04629326 0 130 124 0.125419
-22.25397491 5.09057522 -16.86226463 255 5 0 0.751081
-22.16581726 2.59107971 -16.96409225 255 26 0 0.732373
-22.16543579 5.09104252 -16.95045280 255 26 0 0.731691
-21.95133209 2.59173751 -17.09068489 255 125 0 0.634007
-21.58202362 5.09187841 -17.12009811 112 255 0 0.360985
-16.43571472 20.11764717 -21.94726944 0 130 124 0.124070
-16.43686676 12.61775970 -21.98818398 0 133 121 0.126378
-16.48550415 12.61839390 -22.10329628 0 253 1 0.246942
-16.52376556 5.11985540 -22.39048767 216 255 0 0.466169
-16.47895050 0.12125847 -22.66261673 255 125 0 0.632299
-16.47856903 2.62122130 -22.64897728 255 125 0 0.631415
-16.42636871 0.12186886 -22.77597809 255 68 0 0.690759
-16.42598724 2.62183166 -22.76234055 255 68 0 0.689856
-16.35569000 0.12242026 -22.87903976 255 26 0 0.732175
-16.35530853 2.62238288 -22.86540031 255 26 0 0.731270
-16.26889038 0.12289736 -22.96893501 255 5 0 0.753444
-16.16798401 2.62324977 -23.02952957 255 5 0 0.753063
-16.05690765 0.12357815 -23.09968185 255 23 0 0.733735
-15.93723297 2.62372565 -23.12326431 255 65 0 0.692402
-15.81379700 0.12383611 -23.15380096 255 125 0 0.633807
-15.68851471 2.62375855 -23.13626671 255 203 0 0.555984
-15.68889618 0.12379570 -23.14990616 255 200 0 0.556889
-15.56636810 0.12364282 -23.12532425 216 255 0 0.465178
-15.56598663 2.62360549 -23.11168671 216 255 0 0.464255
-15.34191132 0.12301959 -23.01739502 1 255 0 0.249643
-15.24620056 0.12256656 -22.93704224 0 136 118 0.129358
-15.24581909 2.62252951 -22.92340469 0 136 118 0.128434
-15.24543762 5.12249231 -22.90976524 0 133 121 0.127510
-15.34075928 7.62290812 -22.97648048 0 253 1 0.246867
-15.24504852 7.62245512 -22.89612770 0 133 121 0.126582
-15.44809723 10.12323189 -23.02618790 112 255 0 0.358928
-15.44771576 12.62319469 -23.01255035 109 255 0 0.358005
-15.56445313 12.62345695 -23.05713272 210 255 0 0.460555
-15.56407166 15.12341976 -23.04349518 210 255 0 0.459632
-15.68659973 15.12357235 -23.06807518 255 206 0 0.551459
-15.68621063 17.62353325 -23.05443573 255 206 0 0.550549
-15.81111145 17.62357330 -23.05833054 255 131 0 0.627467
-15.93492889 17.62350273 -23.04143333 255 71 0 0.686968
-16.16529846 20.12298965 -22.93406105 255 11 0 0.746788
-16.16567993 17.62302589 -22.94769859 255 11 0 0.747629
-16.26582336 20.12260056 -22.85982704 255 11 0 0.746264
-16.35300446 17.62215805 -22.78357124 255 32 0 0.725837
-16.42368317 17.62160683 -22.68050957 255 74 0 0.684422
-16.47588348 20.12096024 -22.55350876 255 131 0 0.625296
-16.47626495 17.62099648 -22.56714630 255 131 0 0.626106
-16.50928497 17.62034416 -22.44662666 255 206 0 0.551745
-16.50890350 20.12030792 -22.43298912 255 206 0 0.550943
-16.52146149 20.11963081 -22.30865860 213 255 0 0.460958
-16.52184296 17.61966705 -22.32229614 213 255 0 0.461744
-16.51358032 17.61898804 -22.19760704 109 255 0 0.358597
-15.68582916 20.12349701 -23.04079819 255 209 0 0.549732
-15.34037781 10.12287045 -22.96284103 0 253 1 0.245942
-15.33999634 12.62283325 -22.94920349 0 250 4 0.245019
-15.56368256 17.62338066 -23.02985573 210 255 0 0.458702
-15.44694519 17.62311935 -22.98527336 109 255 0 0.356153
-15.44733429 15.12315750 -22.99891090 109 255 0 0.357080
-15.24466705 10.12241745 -22.88248825 0 133 121 0.125657
-15.56330109 20.12334442 -23.01621819 210 255 0 0.457882
-15.33961487 15.12279606 -22.93556404 0 250 4 0.244094
-15.33922577 17.62275887 -22.92192650 0 250 4 0.243167
-15.24428558 12.62238026 -22.86885071 0 130 124 0.124734
-15.24390411 15.12234306 -22.85521126 0 130 124 0.123809
-15.24351501 17.62230492 -22.84157372 0 130 124 0.122882
-16.51158905 2.62056875 -22.52845764 255 200 0 0.557054
-16.51511383 7.61913681 -22.25216103 115 255 0 0.362135
-16.48626709 7.61846876 -22.13057327 1 255 0 0.248708
-16.43724823 10.11779594 -22.00182343 0 133 121 0.127262
-16.48588562 10.11843109 -22.11693573 0 253 1 0.247826
-16.52414703 2.61989260 -22.40412712 219 255 0 0.467053
-16.51588440 2.61921096 -22.27943802 115 255 0 0.363906
-16.51550293 5.11917400 -22.26579857 115 255 0 0.363022
-16.48665619 5.11850595 -22.14421272 1 255 0 0.249597
-16.52452850 0.11992968 -22.41776466 219 255 0 0.467936
-16.48703766 2.61854315 -22.15785027 1 255 0 0.250479
-16.43801880 5.11787081 -22.02910042 0 136 118 0.129034
-16.43762970 7.61783361 -22.01546097 0 133 121 0.128145
-16.48741913 0.11858044 -22.17148972 4 255 0 0.251364
-16.43840027 2.61790776 -22.04273796 0 136 118 0.129916
-16.43878174 0.11794500 -22.05637741 0 136 118 0.130800
-16.37170410 0.11735953 -21.95094490 0 14 240 0.006454
-16.43609619 17.61768341 -21.96090889 0 130 124 0.124608
-16.48512268 15.11835670 -22.08965874 0 253 1 0.246059
-16.48473358 17.61831856 -22.07601929 0 253 1 0.245170
-16.50967407 15.12038326 -22.46026611 255 206 0 0.552634
-16.47665405 15.12103558 -22.58078575 255 131 0 0.626995
-16.42407227 15.12164497 -22.69414711 255 71 0 0.685330
-16.26659393 15.12267399 -22.88710403 255 8 0 0.748014
-16.26620483 17.62263680 -22.87346649 255 11 0 0.747106
-16.05422211 17.62331772 -23.00421143 255 29 0 0.727396
-16.05461121 15.12335491 -23.01785088 255 29 0 0.728305
-15.93531799 15.12353897 -23.05507088 255 71 0 0.687876
-15.81150055 15.12361336 -23.07196999 255 128 0 0.628377
-16.43648529 15.11772156 -21.97454643 0 133 121 0.125496
-16.51473236 10.11909866 -22.23852158 112 255 0 0.361251
-16.52337646 7.61981821 -22.37685013 216 255 0 0.465282
-16.51081848 7.62049437 -22.50118065 255 203 0 0.555283
-16.51120758 5.12053156 -22.51481819 255 203 0 0.556170
-16.47818756 5.12118435 -22.63533974 255 128 0 0.630533
-16.51435089 12.61906147 -22.22488403 112 255 0 0.360368
-16.51396942 15.11902428 -22.21124458 112 255 0 0.359484
-16.52223206 15.11970615 -22.33593559 213 255 0 0.462633
-16.51005554 12.62042046 -22.47390366 255 203 0 0.553516
-16.47703552 12.62107277 -22.59442329 255 131 0 0.627877
-16.42445374 12.62168217 -22.70778656 255 71 0 0.686235
-16.35339355 15.12219715 -22.79720879 255 32 0 0.726745
-16.26697540 12.62271118 -22.90074348 255 8 0 0.748919
-16.16606903 15.12306309 -22.96133614 255 8 0 0.748537
-16.05499268 12.62339211 -23.03148842 255 29 0 0.729209
-15.93569946 12.62357616 -23.06871033 255 68 0 0.688781
-15.81188202 12.62365055 -23.08560753 255 128 0 0.629280
-16.52299500 10.11978054 -22.36321259 216 255 0 0.464400
-16.52261353 12.61974335 -22.34957314 213 255 0 0.463515
-16.51043701 10.12045765 -22.48754311 255 203 0 0.554400
-16.42483521 10.12171936 -22.72142410 255 71 0 0.687138
-16.35377502 12.62223434 -22.81084824 255 29 0 0.727650
-16.16645050 12.62310028 -22.97497559 255 8 0 0.749442
-16.05537415 10.12342930 -23.04512787 255 26 0 0.730114
-15.81226349 10.12368774 -23.09924698 255 128 0 0.630185
-15.68698120 12.62360954 -23.08171272 255 206 0 0.552362
-16.47779846 7.62114716 -22.62170029 255 128 0 0.629644
-16.42521667 7.62175751 -22.73506355 255 68 0 0.688043
-16.42560577 5.12179470 -22.74870110 255 68 0 0.688951
-16.35492706 5.12234592 -22.85176277 255 26 0 0.730366
-16.26850891 2.62286019 -22.95529747 255 5 0 0.752540
-16.47741699 10.12110996 -22.60806274 255 128 0 0.628761
-16.35415649 10.12227154 -22.82448578 255 29 0 0.728554
-16.35453796 7.62230873 -22.83812523 255 29 0 0.729459
-16.26773834 7.62278605 -22.92802048 255 8 0 0.750727
-16.26735687 10.12274837 -22.91438103 255 8 0 0.749822
-16.16683197 10.12313747 -22.98861313 255 8 0 0.750345
-15.93646240 7.62365150 -23.09598732 255 68 0 0.690589
-15.93608093 10.12361336 -23.08234787 255 68 0 0.689684
-15.81264496 7.62372494 -23.11288452 255 128 0 0.631089
-15.68736267 10.12364674 -23.09535217 255 206 0 0.553267
-15.56483459 10.12349415 -23.07077217 213 255 0 0.461480
-16.26812744 5.12282324 -22.94165802 255 5 0 0.751635
-16.16721344 7.62317562 -23.00225258 255 5 0 0.751250
-16.05614471 5.12350368 -23.07240486 255 26 0 0.731926
-16.05575562 7.62346649 -23.05876541 255 26 0 0.731017
-15.81303406 5.12376213 -23.12652397 255 125 0 0.631998
-15.68813324 5.12372160 -23.12262917 255 203 0 0.555080
-15.56560516 5.12356853 -23.09804726 213 255 0 0.463330
-15.68774414 7.62368441 -23.10898972 255 203 0 0.554171
-15.56521606 7.62353134 -23.08440971 213 255 0 0.462403
-15.44886780 5.12330770 -23.05346489 112 255 0 0.360781
-15.44847870 7.62327051 -23.03982735 112 255 0 0.359853
-16.16760254 5.12321281 -23.01589012 255 5 0 0.752158
-16.05652618 2.62354112 -23.08604240 255 26 0 0.732830
-15.93685150 5.12368870 -23.10962486 255 65 0 0.691497
-15.81341553 2.62379885 -23.14016151 255 125 0 0.632902
-15.44924927 2.62334442 -23.06710434 112 255 0 0.361705
-15.34152985 2.62298250 -23.00375748 1 255 0 0.248720
-15.34114838 5.12294531 -22.99011803 0 253 1 0.247795
-9.00611877 20.13823509 -25.92980957 0 17 237 0.010809
-9.03810120 15.13897419 -26.07808876 0 130 124 0.123804
-9.04956055 10.13972950 -26.22987175 0 253 1 0.246204
-8.95915222 5.14175415 -26.61720657 255 203 0 0.554420
-8.89088440 2.64235020 -26.73526192 255 125 0 0.632537
-8.80583954 2.64283681 -26.82682800 255 65 0 0.692205
-8.47789764 2.64373779 -27.00121498 255 5 0 0.752913
-8.35443878 2.64382410 -27.02051735 255 26 0 0.731838
-8.22947693 2.64379692 -27.01905441 255 68 0 0.690603
-8.10650635 2.64365721 -26.99686623 255 128 0 0.630902
-7.98891449 2.64340854 -26.95456505 255 200 0 0.556699
-7.78311157 0.14265177 -26.82848930 118 255 0 0.364845
-7.78273010 2.64261460 -26.81484985 115 255 0 0.363792
-7.70024109 0.14212878 -26.73495674 4 255 0 0.251498
-7.63290405 7.64142895 -26.58804512 0 133 121 0.127830
-7.69870758 10.14197922 -26.68040276 0 253 1 0.247290
-7.78119659 12.64246559 -26.76029587 112 255 0 0.359585
-7.98699951 15.14322281 -26.88637161 255 206 0 0.551439
-7.87807465 15.14287090 -26.82513237 213 255 0 0.461573
-7.98661041 17.64318275 -26.87273407 255 206 0 0.550387
-8.10382080 20.14339638 -26.90139580 255 134 0 0.623637
-8.22679138 20.14353561 -26.92358589 255 74 0 0.683397
-8.35175323 20.14356422 -26.92504883 255 32 0 0.724628
-8.22717285 17.64357185 -26.93722343 255 74 0 0.684346
-8.47559357 17.64351463 -26.91938400 255 11 0 0.746657
-8.47521210 20.14347839 -26.90574455 255 11 0 0.745698
-8.70447540 17.64301300 -26.82117271 255 32 0 0.726560
-8.80353546 17.64261246 -26.74499702 255 71 0 0.685949
-8.95684814 20.14153099 -26.53537560 255 209 0 0.548277
-8.95722961 17.64156723 -26.54901314 255 209 0 0.549206
-9.00759125 17.64095116 -26.43464851 210 255 0 0.458837
-9.03826904 17.64029503 -26.31350708 109 255 0 0.356174
-7.98622894 20.14314651 -26.85909462 255 209 0 0.549448
-7.87768555 17.64283371 -26.81149292 210 255 0 0.460519
-7.78081512 15.14242840 -26.74665833 109 255 0 0.358534
-7.78042603 17.64238930 -26.73301888 109 255 0 0.357480
-7.69832611 12.64194202 -26.66676521 0 253 1 0.246240
-7.63252258 10.14139175 -26.57440758 0 133 121 0.126780
-7.78004456 20.14235306 -26.71938133 109 255 0 0.356603
-7.69794464 15.14190483 -26.65312576 0 253 1 0.245187
-7.63214111 12.64135456 -26.56076813 0 133 121 0.125728
-7.63175964 15.14131737 -26.54713058 0 130 124 0.124677
-7.69755554 17.64186859 -26.63948822 0 250 4 0.244135
-7.69717407 20.14183235 -26.62584877 0 250 4 0.243335
-7.63137054 17.64127922 -26.53349304 0 130 124 0.123625
-8.89126587 0.14238749 -26.74889946 255 125 0 0.633578
-8.95953369 2.64179134 -26.63084412 255 203 0 0.555461
-9.00989532 2.64117479 -26.51647949 216 255 0 0.465029
-9.00951385 5.14113808 -26.50284004 216 255 0 0.463997
-9.04019165 5.14048195 -26.38169861 112 255 0 0.361334
-9.03980255 7.64044476 -26.36806107 112 255 0 0.360301
-9.03848267 12.63901138 -26.09172630 0 130 124 0.124834
-9.05033112 5.13980389 -26.25714874 1 255 0 0.248269
-9.03924561 7.63908577 -26.11900330 0 133 121 0.126896
-9.04994202 7.63976669 -26.24351120 0 253 1 0.247236
-9.03886414 10.13904858 -26.10536575 0 133 121 0.125866
-9.01027679 0.14121220 -26.53011703 216 255 0 0.466059
-9.04095459 0.14055601 -26.40897560 115 255 0 0.363396
-9.04057312 2.64051867 -26.39533806 115 255 0 0.362366
-9.03963470 5.13912296 -26.13264275 0 133 121 0.127930
-9.05071259 2.63984084 -26.27078819 1 255 0 0.249301
-9.04001617 2.63915992 -26.14628029 0 136 118 0.128961
-9.04879761 15.13965511 -26.20259476 0 250 4 0.244142
-9.03771210 17.63893509 -26.06444931 0 130 124 0.122769
-9.04840851 17.63961601 -26.18895721 0 250 4 0.243109
-8.95761871 15.14160538 -26.56265259 255 209 0 0.550251
-8.88858032 17.64212608 -26.65343094 255 131 0 0.626282
-8.70486450 15.14305115 -26.83481216 255 29 0 0.727605
-8.59453583 15.14335346 -26.89348412 255 8 0 0.748032
-8.59414673 17.64331627 -26.87984657 255 11 0 0.746988
-8.35213470 17.64360046 -26.93868828 255 32 0 0.725584
-8.10459137 15.14347076 -26.92867279 255 131 0 0.625642
-8.10420227 17.64343262 -26.91503525 255 134 0 0.624589
-9.04917908 12.63969231 -26.21623421 0 253 1 0.245174
-9.03903961 12.64037037 -26.34078407 109 255 0 0.358239
-9.03942108 10.14040756 -26.35442162 112 255 0 0.359269
-9.00912476 7.64110088 -26.48920250 213 255 0 0.462964
-8.95876312 7.64171696 -26.60356712 255 203 0 0.553375
-8.89050293 5.14231348 -26.72162247 255 125 0 0.631495
-9.03865814 15.14033318 -26.32714653 109 255 0 0.357208
-9.00798035 15.14098930 -26.44828606 210 255 0 0.459870
-8.88896942 15.14216423 -26.66706848 255 131 0 0.627325
-8.80392456 15.14265060 -26.75863457 255 71 0 0.686993
-8.70524597 12.64308834 -26.84844971 255 29 0 0.728646
-8.47598267 15.14355183 -26.93302155 255 11 0 0.747700
-8.35290527 12.64367485 -26.96596527 255 29 0 0.727670
-8.35252380 15.14363766 -26.95232582 255 32 0 0.726627
-8.22794342 12.64364815 -26.96450043 255 71 0 0.686433
-8.22756195 15.14361095 -26.95086098 255 71 0 0.685390
-8.10497284 12.64350796 -26.94231224 255 131 0 0.626694
-7.98738098 12.64326000 -26.90001106 255 206 0 0.552492
-9.00836182 12.64102650 -26.46192551 213 255 0 0.460902
-9.00874329 10.14106369 -26.47556305 213 255 0 0.461932
-8.95838165 10.14167976 -26.58992958 255 206 0 0.552334
-8.80545807 5.14279985 -26.81318855 255 65 0 0.691162
-8.70677948 2.64323711 -26.90300369 255 26 0 0.732815
-8.95800018 12.64164257 -26.57629013 255 206 0 0.551292
-8.88973236 10.14223862 -26.69434547 255 128 0 0.629409
-8.88935089 12.64220142 -26.68070793 255 128 0 0.628368
-8.80430603 12.64268780 -26.77227402 255 68 0 0.688035
-8.59529877 10.14342785 -26.92076111 255 8 0 0.750116
-8.47674561 10.14362621 -26.96029854 255 8 0 0.749784
-8.59491730 12.64339066 -26.90712357 255 8 0 0.749075
-8.47636414 12.64358902 -26.94666100 255 8 0 0.748743
-8.35328674 10.14371204 -26.97960281 255 29 0 0.728711
-8.10535431 10.14354515 -26.95594978 255 131 0 0.627744
-7.87883759 10.14294529 -26.85240936 216 255 0 0.463676
-7.87845612 12.64290810 -26.83876991 213 255 0 0.462624
-7.78157806 10.14250278 -26.77393532 112 255 0 0.360637
-8.89011383 7.64227629 -26.70798492 255 128 0 0.630452
-8.80506897 7.64276266 -26.79955101 255 68 0 0.690119
-8.59645081 2.64354014 -26.96167755 255 5 0 0.753244
-8.80468750 10.14272499 -26.78591156 255 68 0 0.689076
-8.70562744 10.14312553 -26.86208916 255 29 0 0.729689
-8.47712708 7.64366388 -26.97393799 255 8 0 0.750827
-8.22870636 7.64372301 -26.99177742 255 68 0 0.688517
-8.22832489 10.14368534 -26.97813797 255 71 0 0.687474
-8.10573578 7.64358330 -26.96958923 255 128 0 0.628797
-7.87921906 7.64298344 -26.86604691 216 255 0 0.464726
-7.98776245 10.14329720 -26.91364861 255 203 0 0.553542
-7.78195953 7.64254045 -26.78757286 112 255 0 0.361687
-8.70639801 5.14319992 -26.88936615 255 26 0 0.731774
-8.70600891 7.64316273 -26.87572670 255 26 0 0.730729
-8.59606934 5.14350367 -26.94803810 255 5 0 0.752202
-8.59568024 7.64346647 -26.93440056 255 5 0 0.751158
-8.35366821 7.64374971 -26.99324226 255 29 0 0.729754
-7.98853302 5.14337111 -26.94092560 255 203 0 0.555647
-7.98814392 7.64333391 -26.92728806 255 203 0 0.554594
-7.87960815 5.14302063 -26.87968445 216 255 0 0.465779
-7.69947815 5.14205456 -26.70767975 1 255 0 0.249395
-7.69908905 7.64201736 -26.69404030 1 255 0 0.248341
-7.63329315 5.14146614 -26.60168457 0 136 118 0.128885
-8.47751617 5.14370108 -26.98757553 255 5 0 0.751870
-8.35405731 5.14378691 -27.00687981 255 26 0 0.730797
-8.22909546 5.14376020 -27.00541496 255 68 0 0.689560
-8.10612488 5.14362049 -26.98322678 255 128 0 0.629849
-7.87998962 2.64305758 -26.89332390 219 255 0 0.466831
-7.78234863 5.14257765 -26.80121231 115 255 0 0.362742
-7.69985962 2.64209151 -26.72131729 1 255 0 0.250445
-7.63367462 2.64150310 -26.61532211 0 136 118 0.129935
-0.73336029 17.64648056 -27.68095970 0 127 127 0.120082
-0.73374939 15.14651966 -27.69459915 0 127 127 0.121166
-0.73413086 12.64655685 -27.70823669 0 127 127 0.122247
-0.70581818 12.64721584 -27.82995033 0 250 4 0.242638
-0.65807343 10.14787579 -27.95891571 109 255 0 0.358202
-0.41181946 2.64946008 -28.27685928 255 122 0 0.634176
-0.30265045 2.64977503 -28.33766747 255 65 0 0.693096
-0.06221008 0.15012211 -28.41484642 255 5 0 0.753561
-0.18489075 2.64998531 -28.37950325 255 23 0 0.732897
0.06275177 0.15010823 -28.41581726 255 5 0 0.752379
-0.06182861 2.65008497 -28.40120888 255 5 0 0.752480
0.18653107 2.64994407 -28.38238716 255 29 0 0.729382
0.30452728 0.14974494 -28.35602188 255 65 0 0.691612
0.41463470 0.14940561 -28.29691505 255 122 0 0.634376
0.30490875 2.64970756 -28.34238243 255 68 0 0.690531
0.41501617 2.64936829 -28.28327560 255 125 0 0.633295
0.51339722 0.14897275 -28.22034645 255 197 0 0.559488
0.51377869 2.64893532 -28.20670891 255 200 0 0.558409
0.59806824 0.14845839 -28.12844467 219 255 0 0.469031
0.66669464 2.64783955 -28.01012230 115 255 0 0.364435
0.71621704 0.14724417 -27.90919495 4 255 0 0.251808
0.74641418 0.14657801 -27.78793526 0 136 118 0.131075
0.71659851 2.64720702 -27.89555550 1 255 0 0.250727
0.74679565 2.64654088 -27.77429581 0 136 118 0.129994
0.75605774 0.14589684 -27.66334534 0 14 240 0.006665
0.74756622 7.64646673 -27.74701881 0 133 121 0.127834
0.71775055 10.14709568 -27.85464096 0 253 1 0.247488
0.66822815 12.64769077 -27.95556831 112 255 0 0.360114
0.59998322 12.64827251 -28.06025124 216 255 0 0.463629
0.60036469 15.14823532 -28.04661369 213 255 0 0.462550
0.51608276 17.64871216 -28.12487793 255 206 0 0.551928
0.18921661 20.14968300 -28.28691673 255 35 0 0.721900
0.18883514 17.64971924 -28.30055618 255 35 0 0.722890
0.06581879 20.14981079 -28.30670929 255 14 0 0.743814
-0.05914307 20.14982414 -28.30573845 255 11 0 0.744996
0.06543732 17.64984703 -28.32034874 255 14 0 0.744806
-0.05952454 17.64986038 -28.31937790 255 11 0 0.745988
-0.18258667 17.64976120 -28.29767418 255 32 0 0.726407
-0.30034637 17.64954948 -28.25583649 255 71 0 0.686604
-0.40913391 20.14920044 -28.18139076 255 131 0 0.626711
-0.50669098 20.14878845 -28.10329819 255 209 0 0.550324
-0.40951538 17.64923668 -28.19502831 255 131 0 0.627685
-0.70466614 20.14710426 -27.78903580 0 247 7 0.239666
-0.73297882 20.14644432 -27.66732216 0 127 127 0.119543
0.60075378 17.64819717 -28.03297615 213 255 0 0.461471
0.66860962 15.14765358 -27.94192886 112 255 0 0.359033
0.71813202 12.64705849 -27.84100151 0 253 1 0.246407
0.74794769 10.14642906 -27.73338127 0 133 121 0.126755
0.66938019 20.14757919 -27.91465187 109 255 0 0.357057
0.66899872 17.64761543 -27.92829132 109 255 0 0.357954
0.71890259 17.64698219 -27.81372452 0 250 4 0.244246
0.71851349 15.14702129 -27.82736397 0 253 1 0.245328
0.74832916 12.64639187 -27.71974182 0 133 121 0.125674
0.71928406 20.14694595 -27.80008698 0 250 4 0.243434
0.74871063 15.14635468 -27.70610428 0 130 124 0.124594
0.74909973 17.64631653 -27.69246483 0 130 124 0.123513
-0.41220093 0.14949739 -28.29049683 255 122 0 0.635257
-0.50937653 2.64904904 -28.19876671 255 200 0 0.557775
-0.59261322 2.64855337 -28.10556221 216 255 0 0.466017
-0.59223175 5.14851618 -28.09192276 216 255 0 0.464934
-0.65845490 7.64791250 -27.97255516 112 255 0 0.359285
-0.70619965 10.14725304 -27.84358978 0 250 4 0.243720
-0.50975800 0.14908633 -28.21240616 255 200 0 0.558858
-0.65922546 2.64798665 -27.99983025 112 255 0 0.361446
-0.65884399 5.14794970 -27.98619270 112 255 0 0.360366
-0.70697021 5.14732838 -27.87086678 0 253 1 0.245884
-0.73489380 7.64663124 -27.73551369 0 130 124 0.124412
-0.70658112 7.64729118 -27.85722733 0 250 4 0.244801
-0.73451233 10.14659405 -27.72187614 0 130 124 0.123330
-0.65960693 0.14802401 -28.01346970 115 255 0 0.362529
-0.70735168 2.64736485 -27.88450432 0 253 1 0.246965
-0.73528290 5.14666843 -27.74915123 0 133 121 0.125493
-0.73604584 0.14674258 -27.77642822 0 133 121 0.127658
-0.73566437 2.64670539 -27.76279068 0 133 121 0.126577
-0.70504761 17.64714050 -27.80267334 0 247 7 0.240474
-0.65692139 17.64776230 -27.91800117 106 255 0 0.354957
-0.59030914 17.64832878 -28.02373123 210 255 0 0.459526
-0.50746155 15.14886284 -28.13057518 255 206 0 0.552367
-0.50707245 17.64882469 -28.11693764 255 206 0 0.551286
-0.18297577 15.14979935 -28.31131172 255 29 0 0.727489
-0.05991364 15.14989853 -28.33301544 255 11 0 0.747069
0.06504822 15.14988422 -28.33398628 255 11 0 0.745887
0.18844604 15.14975834 -28.31419373 255 32 0 0.723971
0.30682373 15.14952183 -28.27419090 255 71 0 0.685131
0.30721283 17.64948273 -28.26055145 255 74 0 0.684050
0.41732025 17.64914513 -28.20144653 255 131 0 0.626816
-0.59184265 7.64847898 -28.07828522 216 255 0 0.463853
-0.50899506 5.14901209 -28.18512917 255 200 0 0.556694
-0.70543671 15.14717865 -27.81631279 0 247 7 0.241557
-0.65731049 15.14780140 -27.93163872 109 255 0 0.356038
-0.59069824 15.14836788 -28.03736877 213 255 0 0.460607
-0.40990448 15.14927483 -28.20866585 255 128 0 0.628766
-0.30073547 15.14958954 -28.26947594 255 71 0 0.687687
-0.30111694 12.64962673 -28.28311348 255 68 0 0.688768
-0.06029510 12.64993572 -28.34665489 255 8 0 0.748152
0.06466675 12.64992142 -28.34762383 255 11 0 0.746968
0.41654968 12.64921951 -28.22872162 255 128 0 0.628974
0.51531219 12.64878654 -28.15215492 255 203 0 0.554089
0.41693115 15.14918232 -28.21508408 255 131 0 0.627895
0.51569366 15.14874935 -28.13851547 255 206 0 0.553007
-0.65769196 12.64783859 -27.94527817 109 255 0 0.357121
-0.59146118 10.14844227 -28.06464577 213 255 0 0.462770
-0.59107971 12.64840508 -28.05100822 213 255 0 0.461690
-0.50822449 10.14893723 -28.15785217 255 203 0 0.554530
-0.50860596 7.64897490 -28.17149162 255 203 0 0.555613
-0.41143799 5.14942312 -28.26321983 255 125 0 0.633094
-0.30226898 5.14973831 -28.32402992 255 65 0 0.692015
-0.50784302 12.64890003 -28.14421463 255 203 0 0.553450
-0.41028595 12.64931202 -28.22230530 255 128 0 0.629849
-0.18335724 12.64983654 -28.32495117 255 29 0 0.728572
-0.06067657 10.14997292 -28.36029243 255 8 0 0.749233
0.18806458 12.64979553 -28.32783318 255 32 0 0.725054
0.30644226 12.64955902 -28.28782845 255 71 0 0.686211
0.51493073 10.14882374 -28.16579247 255 203 0 0.555168
-0.41066742 10.14934921 -28.23594284 255 128 0 0.630930
-0.41104889 7.64938593 -28.24958229 255 125 0 0.632013
-0.30187988 7.64970112 -28.31039047 255 68 0 0.690932
-0.30149841 10.14966393 -28.29675293 255 68 0 0.689851
-0.18412018 7.64991140 -28.35222816 255 26 0 0.730736
-0.18373871 10.14987373 -28.33858871 255 29 0 0.729653
0.06390381 7.64999676 -28.37490082 255 8 0 0.749132
0.06428528 10.14995861 -28.36126328 255 8 0 0.748051
0.18768311 10.14983273 -28.34147072 255 32 0 0.726135
0.41578674 7.64929438 -28.25599861 255 128 0 0.631135
0.30606079 10.14959621 -28.30146790 255 71 0 0.687292
0.41616821 10.14925671 -28.24236107 255 128 0 0.630056
0.59960175 10.14830971 -28.07389069 216 255 0 0.464710
0.66784668 10.14772797 -27.96920586 112 255 0 0.361194
0.66746521 7.64776516 -27.98284531 115 255 0 0.362275
-0.06144714 5.15004778 -28.38756943 255 5 0 0.751397
-0.18450928 5.14994860 -28.36586571 255 26 0 0.731816
-0.06105804 7.65001059 -28.37393188 255 8 0 0.750316
0.18691254 5.14990759 -28.36874771 255 29 0 0.728299
0.18730164 7.64987040 -28.35511017 255 29 0 0.727218
0.30529022 5.14967060 -28.32874489 255 68 0 0.689452
0.30567932 7.64963341 -28.31510544 255 68 0 0.688371
0.41539764 5.14933157 -28.26963806 255 125 0 0.632216
0.51416016 5.14889860 -28.19306946 255 200 0 0.557328
0.51454926 7.64886141 -28.17943192 255 203 0 0.556249
0.59922028 7.64834690 -28.08752823 216 255 0 0.465790
0.71736908 7.64713287 -27.86827850 1 255 0 0.248567
0.74717712 5.14650393 -27.76065826 0 136 118 0.128915
0.06351471 5.15003395 -28.38854027 255 8 0 0.750215
0.06313324 2.65007114 -28.40217781 255 5 0 0.751296
0.59844971 2.64842105 -28.11480522 219 255 0 0.467950
0.59883118 5.14838409 -28.10116768 219 255 0 0.466871
0.66707611 5.14780235 -27.99648285 115 255 0 0.363354
0.71697998 5.14717007 -27.88191795 1 255 0 0.249648
7.66331482 12.63965607 -26.67948151 0 130 124 0.124146
7.72747803 10.14026737 -26.80012894 0 253 1 0.246169
8.01171875 2.64163232 -27.07875061 255 200 0 0.558642
8.12825012 0.14189219 -27.13650894 255 122 0 0.635383
8.25087738 0.14200483 -27.16060448 255 65 0 0.693549
8.12863159 2.64185500 -27.12287140 255 122 0 0.634363
8.25125885 2.64196754 -27.14696503 255 65 0 0.692528
8.37579346 0.14200425 -27.16400719 255 26 0 0.732542
8.49954987 0.14189042 -27.14662170 255 5 0 0.751284
8.37617493 2.64196706 -27.15036964 255 26 0 0.731522
8.61868286 0.14166652 -27.10893059 255 8 0 0.750598
8.72992706 0.14133877 -27.05197716 255 26 0 0.732053
8.73030853 2.64130139 -27.03833771 255 26 0 0.731045
8.83015442 0.14091626 -26.97734642 255 65 0 0.693243
8.83053589 2.64087892 -26.96370888 255 65 0 0.692236
8.98686981 0.13983619 -26.78377342 255 197 0 0.559683
9.03900146 0.13920861 -26.67020226 219 255 0 0.468638
9.07193756 2.63850808 -26.53591347 115 255 0 0.363637
9.08361816 0.13786504 -26.42517471 1 255 0 0.250590
9.08399963 2.63782787 -26.41153717 1 255 0 0.249583
9.07524872 2.63714910 -26.28687859 0 136 118 0.128631
9.04553223 0.13652812 -26.17904472 0 11 243 0.005148
9.07601929 7.63707495 -26.25960159 0 133 121 0.126617
9.08477020 7.63775349 -26.38426018 0 253 1 0.247570
9.07347107 12.63835907 -26.48135948 112 255 0 0.359608
9.04129791 15.13898563 -26.58837128 213 255 0 0.462593
8.98916626 15.13961315 -26.70194244 255 203 0 0.553639
8.91967010 20.14011383 -26.77800369 255 131 0 0.627286
8.83283997 17.64065361 -26.88187790 255 71 0 0.686194
8.73261261 17.64107704 -26.95650673 255 32 0 0.725003
8.62174988 20.14136887 -26.99982262 255 14 0 0.742620
8.50223541 17.64163017 -27.05115318 255 14 0 0.744144
8.50261688 20.14159393 -27.03751373 255 14 0 0.743202
8.37886047 20.14170647 -27.05489922 255 32 0 0.724463
8.37847900 17.64174271 -27.06853867 255 32 0 0.725403
8.25394440 20.14170647 -27.05149651 255 71 0 0.685475
8.13093567 17.64163017 -27.04104042 255 128 0 0.628243
7.72901154 20.14011955 -26.74557495 0 250 4 0.242328
7.72863007 17.64015579 -26.75921440 0 250 4 0.243110
9.04168701 17.63894653 -26.57473373 213 255 0 0.461589
8.98955536 17.63957405 -26.68830299 255 206 0 0.552633
9.07385254 15.13832188 -26.46772194 109 255 0 0.358601
9.07640076 10.13703728 -26.24596405 0 133 121 0.125611
9.08515167 10.13771629 -26.37062073 0 253 1 0.246561
9.04206848 20.13891029 -26.56109428 213 255 0 0.460704
9.08553314 12.63767910 -26.35698318 0 253 1 0.245554
9.07678223 12.63700008 -26.23232460 0 130 124 0.124602
9.07424164 17.63828468 -26.45408440 109 255 0 0.357597
9.08591461 15.13764191 -26.34334373 0 250 4 0.244546
9.07716370 15.13696289 -26.21868706 0 130 124 0.123595
9.08668518 20.13756752 -26.31606674 0 250 4 0.242763
9.07755280 17.63692474 -26.20504761 0 130 124 0.122589
9.08630371 17.63760376 -26.32970619 0 250 4 0.243541
9.07793427 20.13688850 -26.19141006 0 127 127 0.122036
8.01133728 0.14166942 -27.09238815 255 197 0 0.559662
7.90412903 5.14126873 -27.00218773 216 255 0 0.466440
7.80850983 7.64080954 -26.90857506 112 255 0 0.361325
7.66293335 10.13969326 -26.69311905 0 130 124 0.125166
7.61859894 20.13891602 -26.52232742 0 17 237 0.010693
7.90374756 2.64130545 -27.01582527 219 255 0 0.467460
7.80812073 5.14084673 -26.92221451 115 255 0 0.362345
7.72670746 5.14034224 -26.82740593 1 255 0 0.248208
7.66255188 7.63973093 -26.70675850 0 133 121 0.126187
7.72709656 7.64030504 -26.81376839 0 253 1 0.247190
7.61553192 0.13921541 -26.63143539 0 11 243 0.004744
7.90336609 0.14134270 -27.02946472 219 255 0 0.468482
7.80773926 2.64088392 -26.93585205 115 255 0 0.363364
7.72632599 2.64037919 -26.84104538 1 255 0 0.249230
7.66216278 5.13976812 -26.72039604 0 133 121 0.127205
7.72594452 0.14041638 -26.85468292 1 255 0 0.250249
7.66178131 2.63980532 -26.73403549 0 133 121 0.128227
7.66139984 0.13984250 -26.74767303 0 136 118 0.129246
7.72824097 15.14019299 -26.77285194 0 250 4 0.244127
7.66408539 17.63958168 -26.65220451 0 127 127 0.122107
7.80965424 15.14069748 -26.86766052 109 255 0 0.358264
7.81004333 17.64065933 -26.85402107 109 255 0 0.357244
7.90566254 15.14111900 -26.94763374 213 255 0 0.462360
8.01363373 15.14144611 -27.01055717 255 203 0 0.553540
7.90605164 17.64108086 -26.93399429 213 255 0 0.461340
8.01402283 17.64140701 -26.99691963 255 206 0 0.552522
8.25356293 17.64174271 -27.06513596 255 71 0 0.686410
8.37808990 15.14178085 -27.08217621 255 32 0 0.726420
8.50184631 15.14166641 -27.06479073 255 11 0 0.745162
8.73222351 15.14111614 -26.97014618 255 32 0 0.726009
8.62136841 17.64140511 -27.01346016 255 14 0 0.743547
8.83245087 15.14069271 -26.89551544 255 71 0 0.687198
8.91889954 15.14018726 -26.80528069 255 128 0 0.629207
8.91928864 17.64015007 -26.79164314 255 128 0 0.628202
7.66369629 15.13961887 -26.66584206 0 130 124 0.123124
7.72785950 12.64023018 -26.78649139 0 253 1 0.245149
7.80889130 10.14077187 -26.89493752 112 255 0 0.360305
7.90451813 7.64123154 -26.98854828 216 255 0 0.465421
8.01210022 5.14159489 -27.06511116 255 200 0 0.557621
8.13016510 12.64170647 -27.06831741 255 128 0 0.630282
8.25279236 12.64181805 -27.09241104 255 68 0 0.688447
8.13054657 15.14166927 -27.05467796 255 128 0 0.629261
8.37770844 12.64181805 -27.09581566 255 29 0 0.727442
8.25317383 15.14178085 -27.07877350 255 71 0 0.687427
8.62097931 15.14144230 -27.02709961 255 14 0 0.744553
8.73184204 12.64115334 -26.98378372 255 29 0 0.727016
8.83206940 12.64072990 -26.90915489 255 68 0 0.688207
8.98878479 12.63965034 -26.71557999 255 203 0 0.554646
7.80927277 12.64073467 -26.88129807 112 255 0 0.359284
7.90528107 12.64115620 -26.96127129 213 255 0 0.463380
7.90489960 10.14119339 -26.97491074 216 255 0 0.464401
8.01248932 7.64155769 -27.05147362 255 200 0 0.556603
8.12901306 5.14181805 -27.10923195 255 125 0 0.633341
8.25164032 5.14193106 -27.13332748 255 65 0 0.691508
8.01325226 12.64148331 -27.02419662 255 203 0 0.554562
8.25241089 10.14185524 -27.10605049 255 68 0 0.689469
8.50108337 10.14174080 -27.09206772 255 11 0 0.747203
8.50146484 12.64170361 -27.07843018 255 11 0 0.746183
8.62021637 10.14151669 -27.05437660 255 11 0 0.746569
8.62059784 12.64147949 -27.04073715 255 11 0 0.745560
8.91813660 10.14026165 -26.83255768 255 125 0 0.631222
8.98840332 10.13968754 -26.72921944 255 203 0 0.555654
8.91851807 12.64022446 -26.81892014 255 128 0 0.630216
9.04091644 12.63902283 -26.60201073 216 255 0 0.463602
8.01287079 10.14152050 -27.03783417 255 203 0 0.555581
8.12940216 7.64178085 -27.09559441 255 125 0 0.632324
8.25202942 7.64189386 -27.11968803 255 68 0 0.690489
8.49993134 2.64185309 -27.13298416 255 8 0 0.750264
8.12978363 10.14174366 -27.08195496 255 125 0 0.631302
8.37732697 10.14185524 -27.10945320 255 29 0 0.728462
8.73107910 7.64122725 -27.01106071 255 29 0 0.729031
8.73146057 10.14119053 -26.99742317 255 29 0 0.728025
8.83168793 10.14076710 -26.92279243 255 68 0 0.689214
8.91775513 7.64029932 -26.84619713 255 125 0 0.632231
8.98802185 7.63972473 -26.74285698 255 200 0 0.556661
9.04053497 10.13906002 -26.61564827 216 255 0 0.464609
9.07308960 10.13839626 -26.49499893 112 255 0 0.360617
8.37694550 7.64189291 -27.12309265 255 29 0 0.729483
8.37655640 5.14193010 -27.13673019 255 26 0 0.730501
8.50070190 7.64177942 -27.10570717 255 8 0 0.748225
8.61983490 7.64155531 -27.06801414 255 11 0 0.747576
8.73069000 5.14126444 -27.02470016 255 26 0 0.730038
8.83130646 7.64080477 -26.93643188 255 68 0 0.690223
8.98763275 5.13976192 -26.75649643 255 200 0 0.557668
9.04015350 7.63909721 -26.62928772 216 255 0 0.465618
9.07270813 7.63843441 -26.50863647 112 255 0 0.361624
9.07231903 5.13847160 -26.52227592 115 255 0 0.362630
8.61944580 5.14159250 -27.08165359 255 8 0 0.748582
8.61906433 2.64162922 -27.09529114 255 8 0 0.749589
8.50031281 5.14181662 -27.11934471 255 8 0 0.749242
8.83091736 5.14084196 -26.95006943 255 65 0 0.691227
8.98725128 2.63979912 -26.77013397 255 200 0 0.558674
8.91698456 2.64037347 -26.87347412 255 122 0 0.634244
8.91736603 5.14033651 -26.85983467 255 125 0 0.633236
9.03976440 5.13913441 -26.64292526 219 255 0 0.466622
9.03938293 2.63917136 -26.65656471 219 255 0 0.467631
9.08438110 5.13779068 -26.39789772 1 255 0 0.248574
9.07563019 5.13711214 -26.27323914 0 133 121 0.127622
15.33223724 15.11894894 -23.09252167 0 130 124 0.124972
15.42592621 10.11945534 -23.20162773 0 253 1 0.247487
15.53226471 7.61983156 -23.28027725 115 255 0 0.362133
15.53264618 10.11979294 -23.26663780 112 255 0 0.361269
15.64830017 7.62006664 -23.32666588 216 255 0 0.465760
15.64791107 5.12010384 -23.34030533 219 255 0 0.466620
15.77003479 5.12022924 -23.36678505 255 200 0 0.557211
15.89448547 2.62027907 -23.38625526 255 125 0 0.633117
15.89410400 0.12031634 -23.39989471 255 125 0 0.633981
16.01816559 0.12021563 -23.38492012 255 65 0 0.691388
16.01854706 2.62017822 -23.37128258 255 68 0 0.690525
16.25034332 0.11968827 -23.29477882 255 5 0 0.750977
16.35201263 0.11927626 -23.22211456 255 5 0 0.752357
16.51245880 0.11821245 -23.03162575 255 65 0 0.693342
16.60169220 0.11693023 -22.79910088 255 200 0 0.558354
16.60207367 2.61689305 -22.78546143 255 200 0 0.557513
16.60984802 0.11557098 -22.55017662 115 255 0 0.362261
16.61022949 2.61553383 -22.53653908 112 255 0 0.361421
16.58288574 0.11490944 -22.42815781 0 253 1 0.247860
16.53604126 0.11428460 -22.31230354 0 133 121 0.126695
16.53680420 5.11421061 -22.28502655 0 130 124 0.125013
16.53719330 7.61417341 -22.27138901 0 130 124 0.124177
16.58403778 7.61479807 -22.38724136 0 253 1 0.245340
16.58441925 10.11476040 -22.37360382 0 250 4 0.244500
16.61808777 12.61606503 -22.60678673 213 255 0 0.462524
16.61846924 15.11602783 -22.59314919 213 255 0 0.461684
16.60398865 15.11670685 -22.71726990 255 206 0 0.553313
16.56948090 17.61732864 -22.82362366 255 128 0 0.628720
16.25341034 20.11939049 -23.18567085 255 14 0 0.744314
16.35469818 17.61901474 -23.12664604 255 11 0 0.746480
16.25302887 17.61942673 -23.19931030 255 11 0 0.745100
16.14070892 17.61974335 -23.25408554 255 35 0 0.723534
16.14109039 20.11970711 -23.24044800 255 35 0 0.722728
15.89717102 20.12001801 -23.29078674 255 131 0 0.627147
15.89678955 17.62005424 -23.30442429 255 131 0 0.627943
15.64983368 17.61991501 -23.27211189 213 255 0 0.462309
15.53417969 20.11964417 -23.21208382 109 255 0 0.357934
15.53379822 17.61968040 -23.22572327 109 255 0 0.358683
16.60437775 17.61666870 -22.70363045 255 206 0 0.552476
16.60475922 20.11663246 -22.68999290 255 206 0 0.551706
16.61885834 17.61598778 -22.57950974 213 255 0 0.460847
16.58480072 12.61472321 -22.35996437 0 250 4 0.243658
16.61176300 12.61538506 -22.48198509 109 255 0 0.358061
16.53757477 10.11413574 -22.25774956 0 130 124 0.123335
16.47059631 0.11371383 -22.20584297 0 8 246 0.002130
16.61923981 20.11595154 -22.56587219 210 255 0 0.460090
16.61214447 15.11534786 -22.46834564 109 255 0 0.357220
16.61291504 20.11527443 -22.44106865 106 255 0 0.355649
16.61253357 17.61531067 -22.45470810 109 255 0 0.356384
16.58518219 15.11468601 -22.34632683 0 250 4 0.242818
16.58557129 17.61464691 -22.33268738 0 247 7 0.241981
16.53795624 12.61409760 -22.24411201 0 130 124 0.122495
16.53833771 15.11406136 -22.23047256 0 127 127 0.121653
16.53872681 17.61402321 -22.21683502 0 127 127 0.120818
15.76927185 0.12030366 -23.39406204 255 200 0 0.558938
15.76965332 2.62026644 -23.38042259 255 200 0 0.558074
15.42554474 7.61949301 -23.21526527 1 255 0 0.248350
15.33185577 12.61898613 -23.10616112 0 133 121 0.125837
15.64752960 2.62014055 -23.35394287 219 255 0 0.467483
15.53187561 5.11986876 -23.29391479 115 255 0 0.362992
15.33147430 10.11902332 -23.11979866 0 133 121 0.126700
15.33109283 7.61906099 -23.13343811 0 133 121 0.127564
15.53111267 0.11994266 -23.32119179 115 255 0 0.364720
15.53149414 2.61990523 -23.30755424 115 255 0 0.363857
15.42515564 5.11953020 -23.22890472 1 255 0 0.249210
15.42439270 0.11960436 -23.25618172 1 255 0 0.250937
15.42477417 2.61956716 -23.24254227 1 255 0 0.250073
15.33032227 2.61913538 -23.16071510 0 136 118 0.129287
15.33070374 5.11909819 -23.14707565 0 136 118 0.128423
15.25039673 0.11865885 -23.07797623 0 11 243 0.005721
15.33262634 17.61891174 -23.07888412 0 130 124 0.124114
15.42707825 17.61934280 -23.16071320 0 250 4 0.244901
15.64944458 15.11995506 -23.28575134 213 255 0 0.463170
15.77156830 15.12008095 -23.31223106 255 203 0 0.553760
15.77195740 17.62004089 -23.29859161 255 206 0 0.552900
16.02046204 15.11999226 -23.30308914 255 71 0 0.686210
16.02085114 17.61995506 -23.28945160 255 71 0 0.685351
16.51475525 15.11798859 -22.94979477 255 68 0 0.688301
16.44289398 17.61851692 -23.03810883 255 29 0 0.727093
16.51514435 17.61795044 -22.93615723 255 71 0 0.687465
16.56909180 15.11736679 -22.83726311 255 128 0 0.629557
15.42630768 12.61941814 -23.18799019 0 253 1 0.246624
15.64868164 10.12002945 -23.31302834 216 255 0 0.464897
15.42668915 15.11938095 -23.17435074 0 253 1 0.245759
15.53340912 15.11971855 -23.23936081 112 255 0 0.359542
15.64906311 12.61999226 -23.29938889 216 255 0 0.464032
15.77118683 12.62011814 -23.32586861 255 203 0 0.554623
15.89640045 15.12009335 -23.31806374 255 128 0 0.628803
15.89601898 12.62013054 -23.33170128 255 128 0 0.629666
16.14031982 15.11978149 -23.26772499 255 32 0 0.724394
16.25263977 15.11946487 -23.21294785 255 11 0 0.745936
16.35430908 15.11905289 -23.14028358 255 11 0 0.747316
16.51437378 12.61802578 -22.96343422 255 68 0 0.689143
16.44250488 15.11855698 -23.05174637 255 29 0 0.727929
16.56871033 12.61740398 -22.85090065 255 128 0 0.630397
16.60360718 12.61674404 -22.73090744 255 203 0 0.554153
15.53302765 12.61975574 -23.25300026 112 255 0 0.360406
15.77080536 10.12015533 -23.33950806 255 203 0 0.555488
15.77042389 7.62019205 -23.35314560 255 200 0 0.556351
15.89525604 7.62020493 -23.35897827 255 125 0 0.631394
15.89486694 5.12024212 -23.37261772 255 125 0 0.632254
16.13840485 2.61996722 -23.33591652 255 29 0 0.728707
16.01969910 10.12006664 -23.33036613 255 71 0 0.687937
16.02008057 12.62002945 -23.31672859 255 71 0 0.687075
16.13993835 12.61981869 -23.28136253 255 32 0 0.725257
16.13955688 10.11985588 -23.29500198 255 32 0 0.726121
16.25187683 10.11953926 -23.24022484 255 11 0 0.747618
16.35354614 10.11912727 -23.16756058 255 8 0 0.748998
16.25225830 12.61950207 -23.22658539 255 11 0 0.746776
16.35392761 12.61909008 -23.15392303 255 8 0 0.748157
16.44212341 12.61859417 -23.06538582 255 29 0 0.728771
16.51399231 10.11806297 -22.97707176 255 68 0 0.689983
16.60322571 10.11678123 -22.74454689 255 203 0 0.554995
16.61770630 10.11610222 -22.62042618 213 255 0 0.463366
16.61138153 10.11542225 -22.49562263 112 255 0 0.358902
15.89563751 10.12016773 -23.34534073 255 128 0 0.630531
16.01892853 5.12014151 -23.35764313 255 68 0 0.689661
16.01931763 7.62010431 -23.34400558 255 68 0 0.688802
16.13917542 7.61989260 -23.30863953 255 29 0 0.726984
16.44136047 7.61866808 -23.09266281 255 26 0 0.730453
16.44174194 10.11863136 -23.07902336 255 29 0 0.729611
16.56794739 7.61747885 -22.87817764 255 125 0 0.632079
16.56832886 10.11744118 -22.86454010 255 125 0 0.631239
16.13878632 5.11992979 -23.32227898 255 29 0 0.727844
16.25110626 5.11961412 -23.26750183 255 8 0 0.749295
16.25072479 2.61965108 -23.28113937 255 8 0 0.750135
16.25149536 7.61957693 -23.25386238 255 8 0 0.748458
16.35316467 7.61916494 -23.18120003 255 8 0 0.749839
16.51361084 7.61810112 -22.99071121 255 68 0 0.690825
16.51322174 5.11813831 -23.00434875 255 65 0 0.691660
16.60245514 5.11685562 -22.77182388 255 200 0 0.556673
16.60284424 7.61681843 -22.75818443 255 203 0 0.555835
16.61732483 7.61613941 -22.63406372 216 255 0 0.464206
16.61100006 7.61545944 -22.50926208 112 255 0 0.359743
16.35277557 5.11920214 -23.19483757 255 8 0 0.750675
16.35239410 2.61923909 -23.20847702 255 5 0 0.751517
16.44058990 2.61874247 -23.11993980 255 26 0 0.732130
16.44097137 5.11870527 -23.10630035 255 26 0 0.731288
16.51284027 2.61817527 -23.01798820 255 65 0 0.692502
16.56717682 2.61755300 -22.90545464 255 125 0 0.633757
16.56755829 5.11751604 -22.89181709 255 125 0 0.632916
16.61655426 2.61621380 -22.66134071 216 255 0 0.465884
16.61693573 5.11617661 -22.64770317 216 255 0 0.465043
16.61061096 5.11549664 -22.52289963 112 255 0 0.360579
16.58364868 5.11483526 -22.40088081 0 253 1 0.246178
16.58326721 2.61487222 -22.41451836 0 253 1 0.247018
16.53642273 2.61424732 -22.29866600 0 133 121 0.125855
21.52199554 20.08645630 -17.29714012 0 130 124 0.124773
21.52161407 17.58649254 -17.31077957 0 130 124 0.125236
21.52085114 12.58656979 -17.33805656 0 133 121 0.126487
21.63594818 12.58681679 -17.38669586 0 253 1 0.247039
21.88144684 7.58705664 -17.45108414 216 255 0 0.464851
22.23853302 0.08657763 -17.39383888 255 68 0 0.689425
22.23891449 2.58654046 -17.38019943 255 68 0 0.688829
22.43149567 0.08568894 -17.23636436 255 5 0 0.752113
22.59946442 0.08385595 -16.90509415 255 65 0 0.691975
22.59984589 2.58381867 -16.89145470 255 65 0 0.691379
22.61675262 2.58314061 -16.76764107 255 125 0 0.631888
22.61637115 0.08317789 -16.78127861 255 125 0 0.632483
22.61246490 0.08249709 -16.65637779 255 203 0 0.555554
22.61284637 2.58245993 -16.64273834 255 203 0 0.554959
22.54329681 0.08120241 -16.41711426 112 255 0 0.361158
22.54367828 2.58116531 -16.40347672 112 255 0 0.360594
22.48032379 2.58058739 -16.29575920 0 253 1 0.247603
22.39998627 2.58007741 -16.20005608 0 133 121 0.127335
22.30445099 0.07968721 -16.13265991 0 11 243 0.003639
22.40074921 7.58000326 -16.17277908 0 133 121 0.126207
22.48146820 10.08047581 -16.25484467 0 253 1 0.245911
22.54482269 10.08105278 -16.36256027 112 255 0 0.358901
22.59018707 15.08160877 -16.45202446 210 255 0 0.460341
22.58980560 12.58164597 -16.46566200 213 255 0 0.460905
22.61476898 15.08227348 -16.57454681 255 206 0 0.551995
22.61905670 17.58291626 -16.68581009 255 128 0 0.628328
22.61515045 17.58223534 -16.56090736 255 206 0 0.551399
22.61943817 20.08288002 -16.67217255 255 131 0 0.627763
22.60253143 20.08355904 -16.79598618 255 71 0 0.687252
22.43456268 20.08539009 -17.12725639 255 11 0 0.747389
22.24160004 20.08628082 -17.28473091 255 74 0 0.684704
22.12824249 20.08658409 -17.33730888 255 131 0 0.626140
22.00771332 20.08678246 -17.37033653 255 206 0 0.551782
21.75867462 20.08684540 -17.37462997 109 255 0 0.358642
21.75829315 17.58688164 -17.38826752 112 255 0 0.359209
21.63709259 20.08670616 -17.34577942 0 253 1 0.245245
21.63671112 17.58674240 -17.35941887 0 253 1 0.245787
22.61553192 20.08219910 -16.54726982 255 206 0 0.550837
22.59056854 17.58157158 -16.43838501 210 255 0 0.459777
22.54521942 12.58101559 -16.34892273 109 255 0 0.358350
22.54560089 15.08097839 -16.33528328 109 255 0 0.357786
22.48224640 15.08040142 -16.22756767 0 250 4 0.244796
22.48186493 12.58043861 -16.24120522 0 253 1 0.245359
22.40113068 10.07996559 -16.15914154 0 133 121 0.125643
22.54636383 20.08090401 -16.30800629 109 255 0 0.356707
22.54598236 17.58094025 -16.32164574 109 255 0 0.357222
22.48262787 17.58036232 -16.21392822 0 250 4 0.244231
22.40152740 12.57992840 -16.14550209 0 130 124 0.125091
22.48300934 20.08032608 -16.20029068 0 250 4 0.243739
22.40190887 15.07989120 -16.13186455 0 130 124 0.124528
22.40229034 17.57985306 -16.11822510 0 130 124 0.123963
22.40267181 20.07981682 -16.10458755 0 130 124 0.123539
22.12517548 0.08688185 -17.44641685 255 128 0 0.631102
22.00464630 0.08708052 -17.47944450 255 200 0 0.556740
22.00502777 2.58704329 -17.46580505 255 203 0 0.556113
21.88106537 5.08709383 -17.46472168 216 255 0 0.465476
21.88068390 2.58713102 -17.47836113 216 255 0 0.466103
21.75675201 7.58703041 -17.44282150 112 255 0 0.361701
21.63555145 10.08685398 -17.40033340 0 253 1 0.247652
21.52045441 10.08660698 -17.35169411 0 133 121 0.127101
21.75598907 2.58710504 -17.47009850 115 255 0 0.362953
21.75637054 5.08706760 -17.45646095 115 255 0 0.362327
21.63516998 7.58689213 -17.41397285 1 255 0 0.248279
21.52007294 7.58664465 -17.36533356 0 133 121 0.127727
21.88030243 0.08716807 -17.49199867 219 255 0 0.466728
21.75560760 0.08714212 -17.48373795 115 255 0 0.363579
21.63478851 5.08692932 -17.42761040 1 255 0 0.248904
21.51969147 5.08668184 -17.37897110 0 133 121 0.128352
21.63402557 0.08700338 -17.45488739 1 255 0 0.250156
21.63440704 2.58696604 -17.44124985 1 255 0 0.249530
21.51931000 2.58671832 -17.39261055 0 136 118 0.128979
21.52123260 15.08653259 -17.32441711 0 133 121 0.125861
21.63632965 15.08677959 -17.37305641 0 253 1 0.246412
21.75791168 15.08691883 -17.40190697 112 255 0 0.359836
22.00695038 15.08685684 -17.39761353 255 206 0 0.552997
21.88298798 17.58690643 -17.39653015 213 255 0 0.462359
22.00733185 17.58681870 -17.38397598 255 206 0 0.552371
22.12786102 17.58662033 -17.35094833 255 131 0 0.626733
22.24083710 15.08635426 -17.31200790 255 71 0 0.685865
22.24121857 17.58631706 -17.29837036 255 71 0 0.685270
22.34427643 17.58591652 -17.22769928 255 32 0 0.726685
22.43418121 17.58542633 -17.14089584 255 8 0 0.747958
22.50803375 15.08490562 -17.05401039 255 8 0 0.749077
22.50841522 17.58486748 -17.04037285 255 8 0 0.748482
22.56453705 15.08428955 -16.94255447 255 29 0 0.728835
22.56491852 17.58425140 -16.92891693 255 29 0 0.728241
22.61867523 15.08295441 -16.69944954 255 128 0 0.628924
22.60214996 17.58359528 -16.80962563 255 71 0 0.687821
21.88182831 10.08701897 -17.43744659 216 255 0 0.464226
21.75713348 10.08699322 -17.42918396 112 255 0 0.361076
22.00540924 5.08700609 -17.45216751 255 203 0 0.555488
22.12593842 5.08680773 -17.41913986 255 128 0 0.629850
22.12555695 2.58684468 -17.43277931 255 128 0 0.630477
21.75753021 12.58695602 -17.41554451 112 255 0 0.360461
21.88222504 12.58698177 -17.42380714 216 255 0 0.463611
21.88260651 15.08694458 -17.41016960 213 255 0 0.462986
22.00656891 12.58689404 -17.41125298 255 203 0 0.553623
22.12709808 12.58669567 -17.37822533 255 131 0 0.627985
22.12747955 15.08665848 -17.36458588 255 131 0 0.627359
22.24045563 12.58639145 -17.32564545 255 71 0 0.686460
22.34389496 15.08595276 -17.24133682 255 29 0 0.727280
22.50765228 12.58494282 -17.06764984 255 8 0 0.749673
22.43379974 15.08546543 -17.15453339 255 8 0 0.748553
22.56415558 12.58432674 -16.95619392 255 29 0 0.729431
22.60138702 12.58366966 -16.83690262 255 68 0 0.689011
22.60176849 15.08363247 -16.82326317 255 68 0 0.688415
22.61829376 12.58299160 -16.71308708 255 128 0 0.629519
22.61438751 12.58231068 -16.58818436 255 206 0 0.552589
22.00579071 7.58696890 -17.43852806 255 203 0 0.554862
22.00617218 10.08693123 -17.42489052 255 203 0 0.554236
22.34197235 2.58613896 -17.30953026 255 26 0 0.730245
22.12670135 10.08673286 -17.39186287 255 128 0 0.628599
22.24005890 10.08642864 -17.33928490 255 71 0 0.687044
22.34311676 10.08602715 -17.26861382 255 29 0 0.728459
22.34351349 12.58598995 -17.25497627 255 29 0 0.727876
22.43341827 12.58550262 -17.16817284 255 8 0 0.749149
22.56375885 10.08436394 -16.96983147 255 26 0 0.730014
22.60099030 10.08370686 -16.85054016 255 68 0 0.689594
22.61399078 10.08234787 -16.60182381 255 206 0 0.553173
22.12631989 7.58677053 -17.40550232 255 128 0 0.629225
22.23929596 5.08650351 -17.36656189 255 68 0 0.688234
22.23967743 7.58646631 -17.35292244 255 71 0 0.687639
22.34235382 5.08610201 -17.29589081 255 29 0 0.729649
22.43302155 10.08553982 -17.18181038 255 8 0 0.749731
22.50725555 10.08498001 -17.08128738 255 8 0 0.750255
22.56337738 7.58440113 -16.98347092 255 26 0 0.730610
22.61789703 10.08302879 -16.72672462 255 128 0 0.630101
22.58940887 10.08168316 -16.47930145 213 255 0 0.461457
22.58902740 7.58172083 -16.49293900 213 255 0 0.462021
22.54444122 7.58109093 -16.37619972 112 255 0 0.359466
22.48108673 7.58051300 -16.26848221 0 253 1 0.246475
22.34273529 7.58606482 -17.28225327 255 29 0 0.729055
22.43225861 5.08561468 -17.20908737 255 5 0 0.750922
22.43187714 2.58565164 -17.22272682 255 5 0 0.751518
22.50611115 2.58509207 -17.12220192 255 5 0 0.752041
22.43264008 7.58557749 -17.19544983 255 8 0 0.750327
22.50649261 5.08505487 -17.10856438 255 5 0 0.751446
22.50687408 7.58501768 -17.09492683 255 5 0 0.750851
22.61713409 5.08310366 -16.75400162 255 125 0 0.631292
22.60060883 7.58374453 -16.86417961 255 68 0 0.690190
22.61751556 7.58306646 -16.74036407 255 128 0 0.630697
22.61322784 5.08242273 -16.62910080 255 203 0 0.554364
22.61360931 7.58238554 -16.61546135 255 203 0 0.553768
22.54405975 5.08112812 -16.38983727 112 255 0 0.360030
22.48070526 5.08055019 -16.28211975 0 253 1 0.247039
22.56261444 2.58447528 -17.01074791 255 26 0 0.731801
22.56299591 5.08443832 -16.99710846 255 26 0 0.731205
22.60022736 5.08378172 -16.87781715 255 68 0 0.690785
22.58826447 2.58179522 -16.52021599 213 255 0 0.463149
22.58864594 5.08175802 -16.50657845 213 255 0 0.462585
22.40036774 5.08004045 -16.18641853 0 133 121 0.126772
25.74893951 12.54561806 -9.95047855 0 253 1 0.246345
25.87271881 7.54561901 -9.96762276 112 255 0 0.360062
25.99385834 7.54543304 -9.93694782 213 255 0 0.462722
26.21187592 2.54482436 -9.84521103 255 128 0 0.630813
26.37963104 2.54379416 -9.66111469 255 26 0 0.731103
26.49713898 2.54185414 -9.30877399 255 26 0 0.730118
26.49567413 2.54117250 -9.18381882 255 68 0 0.688882
26.43080902 0.03990731 -8.95689392 255 203 0 0.555174
26.29109955 0.03880394 -8.75071526 115 255 0 0.362276
26.29148102 2.53876686 -8.73707676 115 255 0 0.362018
26.09156036 0.03802135 -8.60165596 0 133 121 0.128409
26.19794464 2.53832889 -8.65420723 1 255 0 0.248668
25.97603607 0.03777900 -8.55398560 0 11 243 0.004072
26.09194183 2.53798413 -8.58801746 0 133 121 0.128151
26.09232330 5.03794718 -8.57437897 0 133 121 0.127893
26.09270477 7.53790998 -8.56074047 0 133 121 0.127635
26.19908905 10.03821659 -8.61329174 0 253 1 0.247894
26.19870758 7.53825474 -8.62693024 1 255 0 0.248152
26.29302216 12.53861713 -8.68252277 112 255 0 0.361000
26.29262543 10.03865433 -8.69616127 112 255 0 0.361243
26.43349457 17.53964424 -8.86142445 255 203 0 0.553382
26.47579193 17.54028130 -8.97901154 255 131 0 0.627579
26.48052216 20.04226875 -9.33676720 255 8 0 0.749157
26.48014069 17.54230499 -9.35040569 255 8 0 0.749445
26.38231659 20.04353333 -9.56564522 255 29 0 0.729066
26.30614471 20.04408455 -9.66470528 255 68 0 0.688461
26.10976410 17.54499054 -9.83203316 255 206 0 0.551993
25.99578094 20.04524612 -9.86875629 213 255 0 0.461100
25.87464142 20.04543114 -9.89943027 109 255 0 0.358443
25.87425995 17.54546738 -9.91306877 109 255 0 0.358759
25.75008392 20.04550743 -9.90956306 0 253 1 0.245377
25.74970245 17.54554367 -9.92320156 0 253 1 0.245686
25.62519073 17.54550362 -9.91251469 0 130 124 0.125348
26.43387604 20.03960800 -8.84778595 255 206 0 0.553130
26.37186432 15.03909874 -8.76613331 216 255 0 0.463764
26.29340363 15.03857994 -8.66888428 112 255 0 0.360741
26.19948578 12.53817940 -8.59965324 0 253 1 0.247650
26.09308624 10.03787231 -8.54710197 0 133 121 0.127376
26.37224579 17.53906059 -8.75249481 213 255 0 0.463506
26.19986725 15.03814220 -8.58601475 0 253 1 0.247392
26.09348297 12.53783512 -8.53346348 0 133 121 0.127133
26.37262726 20.03902435 -8.73885632 213 255 0 0.463255
26.29378510 17.53854370 -8.65524578 112 255 0 0.360483
26.29416656 20.03850746 -8.64160728 112 255 0 0.360234
26.20024872 17.53810501 -8.57237625 0 253 1 0.247134
26.20063019 20.03806877 -8.55873775 0 253 1 0.246888
26.09424591 17.53775978 -8.50618744 0 133 121 0.126617
26.09386444 15.03779793 -8.51982498 0 133 121 0.126875
26.10746002 2.54521489 -9.91386414 255 203 0 0.553742
25.99309540 2.54550719 -9.96422482 213 255 0 0.463381
25.99347687 5.04547024 -9.95058632 213 255 0 0.463051
25.87233734 5.04565620 -9.98126030 112 255 0 0.360391
25.74854279 10.04565525 -9.96411705 0 253 1 0.246660
25.62442780 12.54557896 -9.93979168 0 133 121 0.126007
25.87195587 2.54569292 -9.99489880 112 255 0 0.360720
25.74816132 7.54569340 -9.97775459 0 253 1 0.246989
25.74777985 5.04573059 -9.99139404 0 253 1 0.247319
25.62364960 7.54565430 -9.96706772 0 133 121 0.126651
25.62403107 10.04561615 -9.95343018 0 133 121 0.126322
25.74739838 2.54576731 -10.00503159 0 253 1 0.247648
25.62326813 5.04569149 -9.98070717 0 133 121 0.126980
25.74701691 0.04580465 -10.01867008 0 253 1 0.247977
25.62250519 0.04576544 -10.00798321 0 133 121 0.127639
25.62288666 2.54572821 -9.99434471 0 133 121 0.127309
25.74932098 15.04558086 -9.93684006 0 253 1 0.246016
25.99539948 17.54528236 -9.88239479 213 255 0 0.461419
26.21417999 17.54460144 -9.76338005 255 128 0 0.629064
26.30576324 17.54412079 -9.67834377 255 68 0 0.688749
26.38155365 15.04360771 -9.59292221 255 29 0 0.729648
26.38193512 17.54356956 -9.57928371 255 29 0 0.729354
26.44060516 17.54295921 -9.46895027 255 8 0 0.749777
26.49906158 15.04166794 -9.24058151 255 29 0 0.728663
26.49944305 17.54162979 -9.22694302 255 29 0 0.728369
26.49797821 17.54094696 -9.10198784 255 71 0 0.687133
26.43311310 15.03968430 -8.87506294 255 203 0 0.553640
25.62480927 15.04554176 -9.92615318 0 133 121 0.125677
25.87310028 10.04558182 -9.95398426 112 255 0 0.359733
25.99423981 10.04539585 -9.92330933 213 255 0 0.462393
26.10822296 7.54514074 -9.88658714 255 206 0 0.553154
26.21225739 5.04478741 -9.83157253 255 128 0 0.630520
26.10784149 5.04517794 -9.90022564 255 203 0 0.553448
25.87349701 12.54554462 -9.94034576 112 255 0 0.359417
25.87387848 15.04550743 -9.92670727 112 255 0 0.359088
26.10900116 12.54506588 -9.85931015 255 206 0 0.552581
25.99501801 15.04532146 -9.89603233 213 255 0 0.461748
26.10938263 15.04502869 -9.84567165 255 206 0 0.552287
26.21341705 12.54467487 -9.79065704 255 128 0 0.629652
26.21379852 15.04463768 -9.77701855 255 128 0 0.629358
26.30538177 15.04415989 -9.69198227 255 68 0 0.689043
26.43984222 12.54303360 -9.49622726 255 8 0 0.750365
26.44022369 15.04299641 -9.48258877 255 8 0 0.750071
26.47975922 15.04234409 -9.36404419 255 8 0 0.749739
26.49868011 12.54170513 -9.25422001 255 29 0 0.728956
26.49721527 12.54102325 -9.12926483 255 71 0 0.687721
26.47502899 12.54035664 -9.00628853 255 131 0 0.628095
26.49759674 15.04098606 -9.11562634 255 71 0 0.687427
26.47541046 15.04031944 -8.99265003 255 131 0 0.627837
26.43273163 12.53972149 -8.88870144 255 203 0 0.553898
26.37148285 12.53913593 -8.77977180 216 255 0 0.464022
26.10860443 10.04510307 -9.87294865 255 206 0 0.552860
26.21263885 7.54475021 -9.81793404 255 128 0 0.630226
26.30384064 5.04430962 -9.74653625 255 68 0 0.690204
26.30345917 2.54434633 -9.76017475 255 68 0 0.690498
25.99463654 12.54535866 -9.90967083 213 255 0 0.462078
26.30500031 12.54419708 -9.70562077 255 68 0 0.689337
26.38077545 10.04368210 -9.62019920 255 26 0 0.730222
26.38117218 12.54364491 -9.60656071 255 26 0 0.729942
26.43944550 10.04307079 -9.50986576 255 8 0 0.750644
26.47937775 12.54238129 -9.37768173 255 8 0 0.750033
26.49828339 10.04174232 -9.26785851 255 29 0 0.729236
26.49681854 10.04106045 -9.14290333 255 71 0 0.688000
26.47463226 10.04039383 -9.01992702 255 128 0 0.628339
26.21302032 10.04471207 -9.80429554 255 128 0 0.629932
26.38001251 5.04375744 -9.64747620 255 26 0 0.730810
26.30460358 10.04423428 -9.71925926 255 68 0 0.689616
26.30422211 7.54427242 -9.73289776 255 68 0 0.689910
26.43906403 7.54310942 -9.52350426 255 5 0 0.750938
26.47859955 7.54245663 -9.40495872 255 8 0 0.750606
26.47898102 10.04241848 -9.39132023 255 8 0 0.750312
26.43233490 10.03975868 -8.90233994 255 203 0 0.554142
26.37108612 10.03917313 -8.79341030 216 255 0 0.464266
26.29224396 7.53869247 -8.70979977 112 255 0 0.361501
26.38039398 7.54372025 -9.63383770 255 26 0 0.730516
26.43830109 2.54318333 -9.55078125 255 5 0 0.751526
26.47821808 5.04249382 -9.41859722 255 5 0 0.750900
26.49752045 5.04181671 -9.29513550 255 29 0 0.729824
26.49605560 5.04113579 -9.17018032 255 68 0 0.688588
26.49790192 7.54177952 -9.28149700 255 29 0 0.729530
26.49643707 7.54109859 -9.15654182 255 68 0 0.688294
26.47425079 7.54043055 -9.03356552 255 128 0 0.628597
26.43195343 7.53979588 -8.91597843 255 203 0 0.554400
26.37032318 5.03924847 -8.82068729 216 255 0 0.464782
26.37070465 7.53921127 -8.80704880 216 255 0 0.464524
26.47783661 2.54253054 -9.43223572 255 5 0 0.751194
26.43868256 5.04314661 -9.53714275 255 5 0 0.751232
26.47348785 2.54050517 -9.06084251 255 128 0 0.629113
26.47386932 5.04046774 -9.04720402 255 128 0 0.628855
26.43157196 5.03983307 -8.92961693 255 203 0 0.554658
26.43119049 2.53987002 -8.94325542 255 203 0 0.554916
26.36994171 2.53928518 -8.83432579 216 255 0 0.465040
26.29186249 5.03872967 -8.72343826 112 255 0 0.361759
26.19832611 5.03829193 -8.64056873 1 255 0 0.248410
27.24210358 19.99991798 -1.59464371 0 130 124 0.124384
27.11739349 19.99997711 -1.60235071 0 8 246 0.000234
27.24134064 14.99999046 -1.62192059 0 130 124 0.124388
27.24095917 12.50002766 -1.63555896 0 130 124 0.124390
27.36229706 9.99989223 -1.62088799 0 250 4 0.244846
27.36269379 12.49985504 -1.60724962 0 250 4 0.244896
27.47760773 9.99961185 -1.57276189 112 255 0 0.359311
27.67578888 4.99883842 -1.45019412 255 203 0 0.555574
27.75350189 2.49833155 -1.36627400 255 125 0 0.631941
27.81430817 2.49772644 -1.25710356 255 68 0 0.690858
27.85578156 -0.00288512 -1.15299022 255 26 0 0.730643
27.85616302 2.49707770 -1.13935173 255 26 0 0.730678
27.87746429 -0.00355981 -1.02992618 255 8 0 0.750203
27.85865021 -0.00491177 -0.78158075 255 29 0 0.727113
27.75991058 2.49381971 -0.53945404 255 128 0 0.631006
27.68296051 -0.00667011 -0.45433360 255 203 0 0.556049
27.48674774 2.49248862 -0.28778070 115 255 0 0.362141
27.37181854 -0.00772890 -0.25150877 1 255 0 0.248385
27.37220001 2.49223375 -0.23787029 1 255 0 0.248454
27.25054169 -0.00787503 -0.22131343 0 133 121 0.127639
27.25092316 2.49208784 -0.20767494 0 133 121 0.127705
27.25130463 4.99205065 -0.19403656 0 133 121 0.127777
27.25168610 7.49201345 -0.18039806 0 133 121 0.127849
27.37334442 9.99212170 -0.19695492 1 255 0 0.248670
27.37296295 7.49215984 -0.21059342 1 255 0 0.248598
27.48789215 9.99237728 -0.24686535 115 255 0 0.362357
27.59297943 12.49269581 -0.30146658 216 255 0 0.465965
27.59336090 14.99265862 -0.28782815 216 255 0 0.466037
27.68526459 14.99310684 -0.37250286 255 200 0 0.556495
27.68564606 17.49306679 -0.35886443 255 200 0 0.556566
27.82172394 19.99415016 -0.55408615 255 68 0 0.688781
27.76221466 17.49359512 -0.45762330 255 125 0 0.631453
27.86171722 19.99479103 -0.67247307 255 29 0 0.727408
27.86133575 17.49482727 -0.68611157 255 29 0 0.727373
27.88150787 19.99546051 -0.79585892 255 8 0 0.749321
27.58449554 17.49912071 -1.46523988 216 255 0 0.463996
27.47876740 17.49950027 -1.53184664 112 255 0 0.359431
27.24172211 17.49995422 -1.60828221 0 130 124 0.124386
27.76259613 19.99355888 -0.44398481 255 125 0 0.631525
27.68602753 19.99303055 -0.34522593 255 200 0 0.556638
27.59374237 17.49262047 -0.27418971 216 255 0 0.466109
27.48828888 12.49234009 -0.23322691 115 255 0 0.362444
27.48867035 14.99230289 -0.21958847 115 255 0 0.362516
27.25206757 9.99197578 -0.16675957 0 133 121 0.127921
27.37374115 12.49208450 -0.18331648 1 255 0 0.248757
27.25246429 12.49193859 -0.15312113 0 133 121 0.128008
27.48943329 19.99222755 -0.19231154 115 255 0 0.362660
27.48905182 17.49226379 -0.20595004 115 255 0 0.362588
27.37412262 14.99204731 -0.16967805 1 255 0 0.248829
27.25284576 14.99190140 -0.13948269 0 133 121 0.128080
27.37450409 17.49201012 -0.15603961 1 255 0 0.248901
27.25322723 17.49186325 -0.12584426 0 133 121 0.128152
27.25360870 19.99182701 -0.11220576 0 133 121 0.128224
27.75312042 -0.00163141 -1.37991250 255 125 0 0.631906
27.67540741 2.49887562 -1.46383250 255 203 0 0.555539
27.58257294 4.99930716 -1.53343213 216 255 0 0.463806
27.47722626 7.49964905 -1.58640039 112 255 0 0.359276
27.67502594 -0.00108721 -1.47747099 255 203 0 0.555504
27.47646332 2.49972367 -1.61367726 112 255 0 0.359206
27.58219147 2.49934411 -1.54707050 216 255 0 0.463771
27.36153412 4.99996662 -1.64816499 0 250 4 0.244776
27.47684479 4.99968624 -1.60003889 112 255 0 0.359241
27.36191559 7.49992943 -1.63452649 0 250 4 0.244811
27.24018097 7.50010252 -1.66283596 0 130 124 0.124378
27.24056244 10.00006485 -1.64919746 0 130 124 0.124376
27.58181000 -0.00061881 -1.56070900 216 255 0 0.463736
27.47608185 -0.00023923 -1.62731576 112 255 0 0.359171
27.23941803 2.50017691 -1.69011283 0 130 124 0.124382
27.36115265 2.50000381 -1.66180336 0 250 4 0.244741
27.23979950 5.00013971 -1.67647445 0 130 124 0.124380
27.36307526 14.99981785 -1.59361112 0 250 4 0.244931
27.36345673 17.49978065 -1.57997262 0 250 4 0.244966
27.47838593 14.99953747 -1.54548502 112 255 0 0.359396
27.75542450 14.99814510 -1.29808176 255 125 0 0.632131
27.67771149 17.49865150 -1.38200176 255 203 0 0.555764
27.75580597 17.49810791 -1.28444338 255 125 0 0.632166
27.81661224 17.49750137 -1.17527282 255 65 0 0.691083
27.85846710 17.49685287 -1.05752110 255 26 0 0.730903
27.87976837 14.99621582 -0.94809538 255 8 0 0.750428
27.88014984 17.49617958 -0.93445700 255 8 0 0.750463
27.88112640 17.49549675 -0.80949742 255 8 0 0.749286
27.82096100 14.99422550 -0.58136302 255 68 0 0.688638
27.82134247 17.49418640 -0.56772465 255 68 0 0.688710
27.58333588 9.99923134 -1.50615513 216 255 0 0.463876
27.58295441 7.49926996 -1.51979363 216 255 0 0.463841
27.67617035 7.49880123 -1.43655562 255 203 0 0.555609
27.75388336 4.99829435 -1.35263562 255 125 0 0.631976
27.47800446 12.49957466 -1.55912340 112 255 0 0.359361
27.58411407 14.99915695 -1.47887826 216 255 0 0.463961
27.67733002 14.99868965 -1.39564025 255 203 0 0.555729
27.81623077 14.99754047 -1.18891132 255 65 0 0.691048
27.85770416 12.49692917 -1.08479798 255 26 0 0.730833
27.87938690 12.49625301 -0.96173388 255 8 0 0.750393
27.85808563 14.99689198 -1.07115948 255 26 0 0.730868
27.88074493 14.99553490 -0.82313585 255 8 0 0.749251
27.88036346 12.49557209 -0.83677429 255 8 0 0.749216
27.86057281 12.49490166 -0.71338844 255 29 0 0.727303
27.86095428 14.99486446 -0.69975001 255 29 0 0.727338
27.76183319 14.99363422 -0.47126180 255 125 0 0.631381
27.68488312 12.49314404 -0.38614130 255 200 0 0.556423
27.67655182 9.99876404 -1.42291713 255 203 0 0.555644
27.75426483 7.49825716 -1.33899713 255 125 0 0.632011
27.81468964 4.99768925 -1.24346519 255 68 0 0.690893
27.58373260 12.49919415 -1.49251664 216 255 0 0.463926
27.67694855 12.49872684 -1.40927875 255 203 0 0.555694
27.75504303 12.49818230 -1.31172025 255 125 0 0.632096
27.81584930 12.49757767 -1.20254970 255 65 0 0.691013
27.85730743 9.99696636 -1.09843636 255 26 0 0.730783
27.87899017 9.99629021 -0.97537225 255 8 0 0.750342
27.87996674 9.99560928 -0.85041273 255 8 0 0.749166
27.86017609 9.99493885 -0.72702688 255 29 0 0.727253
27.82018280 9.99429989 -0.60863990 255 68 0 0.688479
27.76105499 9.99370861 -0.49853867 255 125 0 0.631222
27.82057953 12.49426270 -0.59500152 255 68 0 0.688566
27.76145172 12.49367142 -0.48490018 255 125 0 0.631309
27.59258270 9.99273300 -0.31510502 216 255 0 0.465878
27.75464630 9.99821949 -1.32535863 255 125 0 0.632046
27.85654449 4.99704075 -1.12571335 255 26 0 0.730713
27.87784576 2.49640298 -1.01628768 255 8 0 0.750237
27.81507111 7.49765205 -1.22982669 255 68 0 0.690928
27.81545258 9.99761486 -1.21618819 255 68 0 0.690963
27.85692596 7.49700356 -1.11207485 255 26 0 0.730748
27.85979462 7.49497700 -0.74066538 255 29 0 0.727218
27.81980133 7.49433708 -0.62227839 255 68 0 0.688407
27.68410492 7.49321842 -0.41341823 255 203 0 0.556264
27.68448639 9.99318123 -0.39977974 255 203 0 0.556335
27.59220123 7.49277067 -0.32874352 216 255 0 0.465806
27.48751068 7.49241447 -0.26050383 115 255 0 0.362285
27.87822723 4.99636602 -1.00264931 255 8 0 0.750272
27.87860870 7.49632883 -0.98901075 255 8 0 0.750307
27.87958527 7.49564695 -0.86405122 255 8 0 0.749131
27.85941315 4.99501419 -0.75430387 255 29 0 0.727183
27.81941986 4.99437428 -0.63591689 255 68 0 0.688335
27.76067352 7.49374533 -0.51217717 255 125 0 0.631150
27.68372345 4.99325562 -0.42705673 255 203 0 0.556192
27.48712921 4.99245167 -0.27414232 115 255 0 0.362213
27.37258148 4.99219704 -0.22423191 1 255 0 0.248526
27.87882233 2.49572110 -0.89132810 255 8 0 0.749061
27.85903168 2.49505115 -0.76794225 255 29 0 0.727148
27.87920380 4.99568415 -0.87768972 255 8 0 0.749096
27.81903839 2.49441147 -0.64955527 255 68 0 0.688263
27.76029205 4.99378252 -0.52581567 255 128 0 0.631078
27.68334198 2.49329281 -0.44069511 255 203 0 0.556120
27.59143829 2.49284482 -0.35602039 216 255 0 0.465662
27.59181976 4.99280787 -0.34238201 216 255 0 0.465734
26.21334076 19.95426178 6.80267906 0 133 121 0.128222
26.21257782 14.95433807 6.77540207 0 133 121 0.127501
26.31920624 12.45400620 6.82629967 1 255 0 0.248139
26.21219635 12.45437527 6.76176357 0 133 121 0.127140
26.31880951 9.95404339 6.81266117 0 253 1 0.247764
26.41362762 9.95358467 6.89406919 115 255 0 0.361907
26.55574799 4.95252419 7.07077742 255 200 0 0.556450
26.59949493 2.45191693 7.17405510 255 125 0 0.631818
26.62319183 -0.04871853 7.28303385 255 68 0 0.689619
26.62660980 -0.04940053 7.40795135 255 29 0 0.728627
26.43994904 -0.05185062 7.86230421 255 68 0 0.689289
26.34970856 -0.05230839 7.94875193 255 125 0 0.631295
26.35009003 2.44765449 7.96239042 255 125 0 0.631673
26.24674225 2.44728684 8.03265572 255 203 0 0.556098
26.24636078 -0.05267587 8.01901722 255 203 0 0.555722
26.13278961 -0.05294285 8.07114792 216 255 0 0.464682
26.13317108 2.44701982 8.08478642 216 255 0 0.465054
26.01213837 -0.05310193 8.10369873 112 255 0 0.360696
25.88776398 -0.05314867 8.11576366 0 253 1 0.246661
25.76309967 -0.05308180 8.10701084 0 133 121 0.125748
25.76348114 2.44688082 8.12064934 0 133 121 0.126054
25.76424408 7.44680691 8.14792633 0 133 121 0.126845
26.01366425 9.94674873 8.15825176 115 255 0 0.362246
26.01406097 12.44671154 8.17189026 115 255 0 0.362656
26.13509369 14.94683361 8.15297890 219 255 0 0.467045
26.24866486 14.94710159 8.10084820 255 200 0 0.558089
26.35239410 17.44742966 8.04422092 255 125 0 0.634060
26.24904633 17.44706345 8.11448669 255 200 0 0.558484
26.51763153 19.94838715 7.87118101 255 26 0 0.731244
26.44263458 17.44788742 7.95777321 255 65 0 0.692055
26.57421112 17.44902229 7.74631214 255 8 0 0.749403
26.61226654 19.94962883 7.64080620 255 8 0 0.750229
26.62967682 19.95030022 7.51705885 255 26 0 0.731513
26.62625885 19.95098305 7.39214182 255 65 0 0.692505
26.60218048 19.95165634 7.26952410 255 122 0 0.634357
26.55805206 19.95230103 7.15260839 255 200 0 0.558628
26.55767059 17.45233727 7.13896990 255 200 0 0.558268
26.49512482 19.95289993 7.04464245 219 255 0 0.467446
26.49474335 17.45293617 7.03100395 219 255 0 0.467086
26.41516876 19.95343590 6.94862318 115 255 0 0.363365
26.41478729 17.45347214 6.93498468 115 255 0 0.363004
26.32035065 19.95389366 6.86721468 1 255 0 0.249221
26.13547516 17.44679451 8.16661644 219 255 0 0.467440
26.01444244 14.94667435 8.18552876 115 255 0 0.363051
25.88928986 9.94670200 8.17031670 1 255 0 0.248196
25.76462555 9.94676971 8.16156387 0 133 121 0.127240
25.89006805 14.94662762 8.19759369 1 255 0 0.249002
25.88968658 12.44666481 8.18395519 1 255 0 0.248606
25.64162445 -0.05290316 8.07767868 0 11 243 0.004857
26.01482391 17.44663620 8.19916725 115 255 0 0.363446
25.76502228 12.44673252 8.17520237 0 133 121 0.127649
25.89044952 17.44659042 8.21123219 1 255 0 0.249397
25.76540375 14.94669533 8.18884087 0 133 121 0.128045
25.76578522 17.44665718 8.20247936 0 136 118 0.128440
26.59911346 -0.04804590 7.16041660 255 125 0 0.631472
26.55498505 -0.04740130 7.04350042 255 203 0 0.555745
26.55536652 2.45256162 7.05713892 255 203 0 0.556089
26.49282074 4.95312309 6.96281195 216 255 0 0.465268
26.41286469 4.95365906 6.86679220 112 255 0 0.361186
26.41324615 7.45362186 6.88043070 112 255 0 0.361547
26.31842804 7.45408058 6.79902267 0 253 1 0.247403
26.49243927 2.45316029 6.94917345 216 255 0 0.464907
26.41248322 2.45369625 6.85315371 112 255 0 0.360825
26.21141815 7.45444918 6.73448658 0 133 121 0.126404
26.21179962 9.95441246 6.74812508 0 133 121 0.126765
26.31804657 4.95411777 6.78538418 0 253 1 0.247043
26.31766510 2.45415473 6.77174568 0 253 1 0.246682
26.31728363 -0.04580790 6.75810719 0 253 1 0.246356
26.21103668 4.95448637 6.72084808 0 133 121 0.126043
26.21065521 2.45452332 6.70721006 0 133 121 0.125683
26.21027374 -0.04543941 6.69357157 0 130 124 0.125390
26.09401703 -0.04517134 6.64769983 0 11 243 0.004183
26.21295929 17.45429802 6.78904057 0 133 121 0.127861
26.31996918 17.45392990 6.85357618 1 255 0 0.248860
26.31958771 14.95396900 6.83993769 1 255 0 0.248500
26.49436188 14.95297432 7.01736546 219 255 0 0.466725
26.55728912 14.95237541 7.12533140 255 200 0 0.557907
26.60179901 17.45169258 7.25588560 255 125 0 0.633997
26.60141754 14.95173073 7.24224710 255 125 0 0.633636
26.62891388 14.95037651 7.48978186 255 26 0 0.730792
26.62587738 17.45101929 7.37850332 255 65 0 0.692144
26.62929535 17.45033646 7.50342035 255 26 0 0.731153
26.61150360 14.94970417 7.61352921 255 8 0 0.749508
26.61188507 17.44966507 7.62716770 255 8 0 0.749869
26.51725006 17.44842339 7.85754251 255 26 0 0.730849
26.51686859 14.94846153 7.84390402 255 26 0 0.730453
26.44225311 14.94792652 7.94413519 255 65 0 0.691660
26.35201263 14.94746780 8.03058243 255 125 0 0.633664
26.49320221 7.45308590 6.97645044 216 255 0 0.465629
26.55612946 7.45248699 7.08441591 255 200 0 0.556810
26.41402435 12.45354748 6.90770769 115 255 0 0.362283
26.49398041 12.45301151 7.00372696 216 255 0 0.466364
26.41440582 14.95351028 6.92134619 115 255 0 0.362643
26.62511444 12.45109558 7.35122633 255 65 0 0.691423
26.62549591 14.95105839 7.36486483 255 65 0 0.691784
26.62853241 12.45041370 7.47614336 255 26 0 0.730431
26.61112213 12.44974136 7.59989071 255 8 0 0.749147
26.57344818 12.44909668 7.71903515 255 8 0 0.748613
26.57382965 14.94905949 7.73267365 255 8 0 0.749008
26.51648712 12.44849873 7.83026552 255 26 0 0.730058
26.24828339 12.44713879 8.08720970 255 200 0 0.557693
26.13471222 12.44687080 8.13934040 219 255 0 0.466649
26.49358368 9.95304871 6.99008846 216 255 0 0.465989
26.60025787 7.45184278 7.20133209 255 125 0 0.632540
26.59987640 4.95187998 7.18769360 255 125 0 0.632179
26.62357330 2.45124435 7.29667234 255 68 0 0.689966
26.62699127 2.45056224 7.42158985 255 29 0 0.728974
26.55690765 12.45241261 7.11169291 255 200 0 0.557546
26.60103607 12.45176792 7.22860909 255 125 0 0.633276
26.62813568 9.95045090 7.46250486 255 26 0 0.730056
26.61072540 9.94977856 7.58625221 255 8 0 0.748772
26.51609039 9.94853592 7.81662703 255 29 0 0.729648
26.44187164 12.44796371 7.93049669 255 65 0 0.691265
26.35123444 9.94754219 8.00330544 255 125 0 0.632859
26.35163116 12.44750500 8.01694393 255 125 0 0.633269
26.24788666 9.94717598 8.07357121 255 200 0 0.557284
26.13431549 9.94690800 8.12570190 216 255 0 0.466240
26.55651093 9.95244980 7.09805441 255 200 0 0.557171
26.62395477 4.95120716 7.31031084 255 68 0 0.690326
26.62737274 4.95052528 7.43522787 255 29 0 0.729335
26.60958099 2.44988966 7.54533720 255 11 0 0.747690
26.60063934 9.95180511 7.21497059 255 125 0 0.632900
26.62471771 9.95113277 7.33758783 255 65 0 0.691048
26.62775421 7.45048809 7.44886637 255 29 0 0.729695
26.61034393 7.44981575 7.57261372 255 8 0 0.748411
26.51570892 7.44857311 7.80298853 255 29 0 0.729253
26.57305145 9.94913387 7.70539665 255 8 0 0.748203
26.44147491 9.94800091 7.91685820 255 68 0 0.690855
26.44109344 7.44803810 7.90321970 255 68 0 0.690460
25.88890839 7.44674015 8.15667915 0 253 1 0.247801
26.62433624 7.45116997 7.32394934 255 68 0 0.690687
26.60996246 4.94985294 7.55897522 255 8 0 0.748051
26.57190704 2.44924545 7.66448164 255 11 0 0.747017
26.57228851 4.94920874 7.67812014 255 11 0 0.747413
26.57266998 7.44917154 7.69175863 255 11 0 0.747808
26.35085297 7.44758034 7.98966742 255 125 0 0.632464
26.24712372 4.94724989 8.04629421 255 200 0 0.556493
26.13355255 4.94698334 8.09842491 216 255 0 0.465449
26.24750519 7.44721270 8.05993271 255 200 0 0.556888
26.13393402 7.44694614 8.11206341 216 255 0 0.465844
26.01290131 4.94682407 8.13097572 112 255 0 0.361456
26.01328278 7.44678688 8.14461327 115 255 0 0.361851
25.88852692 4.94677734 8.14303970 0 253 1 0.247406
25.76386261 4.94684410 8.13428688 0 133 121 0.126449
26.51494598 2.44864750 7.77571201 255 29 0 0.728463
26.51532745 4.94861031 7.78935003 255 29 0 0.728858
26.44033051 2.44811201 7.87594271 255 68 0 0.689669
26.44071198 4.94807529 7.88958120 255 68 0 0.690064
26.35047150 4.94761753 7.97602892 255 125 0 0.632069
26.01251984 2.44686079 8.11733723 112 255 0 0.361060
25.88814545 2.44681406 8.12940216 0 253 1 0.247011
22.63918304 14.91304970 14.44382954 0 136 118 0.129927
22.72023773 9.91259670 14.51099682 1 255 0 0.249395
22.83089447 4.91143942 14.70647526 216 255 0 0.465517
22.85698700 2.41080618 14.81496239 255 203 0 0.555452
22.86281586 2.41012406 14.93978882 255 128 0 0.630490
22.81208038 -0.09116153 15.17006779 255 32 0 0.725457
22.75731659 -0.09176588 15.28238678 255 11 0 0.746875
22.68463898 -0.09230936 15.38405037 255 8 0 0.748242
22.49414825 -0.09315548 15.54450035 255 68 0 0.689237
22.49452972 2.40680718 15.55813885 255 68 0 0.689874
22.38161469 -0.09343462 15.59883308 255 128 0 0.630496
22.13750458 -0.09366657 15.64820957 213 255 0 0.462647
22.01268768 -0.09361292 15.64188385 109 255 0 0.358193
22.13788605 2.40629625 15.66184807 213 255 0 0.463261
22.01306915 2.40634990 15.65552330 109 255 0 0.358788
21.89067841 -0.09344713 15.61492538 0 250 4 0.243843
21.89105988 2.40651560 15.62856388 0 250 4 0.244397
21.77481842 -0.09317380 15.56807899 0 130 124 0.122798
21.77519989 2.40678906 15.58171654 0 130 124 0.123227
21.66835785 -0.09280051 15.50264740 0 14 240 0.007837
21.77596283 7.40671492 15.60899353 0 130 124 0.124590
21.89182281 7.40644169 15.65584087 0 253 1 0.245760
21.89220428 9.90640354 15.66947937 0 253 1 0.246442
22.01461029 12.40620041 15.71007633 112 255 0 0.361526
22.13942719 12.40614796 15.71640205 216 255 0 0.466000
22.13980865 14.90611076 15.73004055 219 255 0 0.466682
22.26432037 17.40613174 15.72919559 255 200 0 0.558997
22.38468170 19.90626717 15.70794010 255 122 0 0.635912
22.38430023 17.40630341 15.69430161 255 122 0 0.635230
22.49721527 19.90654755 15.65360832 255 62 0 0.694658
22.49683380 17.40658379 15.63996983 255 65 0 0.693976
22.59879303 17.40696144 15.56770802 255 23 0 0.733601
22.68770599 19.90739250 15.49315834 255 5 0 0.753667
22.76000214 17.40797234 15.37785625 255 5 0 0.751618
22.81514740 19.90854073 15.27917576 255 26 0 0.730650
22.85967255 19.91054535 14.91043186 255 197 0 0.560033
22.85929108 17.41058159 14.89679337 255 197 0 0.559380
22.83319855 19.91121674 14.78830528 219 255 0 0.469444
22.83281708 17.41125298 14.77466679 219 255 0 0.468792
22.63994598 19.91297722 14.47110653 0 136 118 0.131233
22.26470184 19.90609550 15.74283409 255 197 0 0.559679
22.14019012 17.40607071 15.74367905 219 255 0 0.467364
22.01499176 14.90616322 15.72371483 115 255 0 0.362208
21.89298248 14.90632915 15.69675636 0 253 1 0.247818
21.77674103 12.40664005 15.63627052 0 133 121 0.125966
21.89260101 12.40636635 15.68311787 0 253 1 0.247136
21.77634430 9.90667725 15.62263203 0 130 124 0.125272
22.01575470 19.90608978 15.75099182 115 255 0 0.363571
21.89336395 17.40629196 15.71039391 1 255 0 0.248499
22.01537323 17.40612602 15.73735332 115 255 0 0.362889
21.77712250 14.90660286 15.64990902 0 133 121 0.126647
21.77750397 17.40656471 15.66354752 0 133 121 0.127329
22.86243439 -0.08983856 14.92615032 255 128 0 0.629883
22.78485870 7.41204262 14.60407925 115 255 0 0.362520
22.71985626 7.41263485 14.49735832 1 255 0 0.248743
22.63880157 12.41308689 14.43019104 0 136 118 0.129275
22.54357147 19.91342354 14.39155865 0 14 240 0.006804
22.85660553 -0.08915669 14.80132389 255 203 0 0.554851
22.83051300 2.41147661 14.69283676 216 255 0 0.464864
22.83013153 -0.08848637 14.67919827 216 255 0 0.464272
22.78409576 2.41211653 14.57680225 112 255 0 0.361214
22.78447723 4.91207981 14.59044075 115 255 0 0.361867
22.63840485 9.91312408 14.41655254 0 136 118 0.128610
22.71909332 2.41270876 14.47008133 0 253 1 0.247438
22.63764191 4.91319990 14.38927555 0 133 121 0.127304
22.71947479 4.91267204 14.48371983 0 253 1 0.248090
22.63802338 7.41316271 14.40291405 0 133 121 0.127957
22.63687897 -0.08672626 14.36199856 0 133 121 0.126214
22.63726044 2.41323638 14.37563705 0 133 121 0.126652
22.63956451 17.41301346 14.45746803 0 136 118 0.130580
22.72101593 14.91252232 14.53827381 1 255 0 0.250713
22.72139740 17.41248512 14.55191231 4 255 0 0.251366
22.78639984 17.41189194 14.65863323 118 255 0 0.365142
22.83243561 14.91129017 14.76102829 219 255 0 0.468139
22.86511993 17.40990067 15.02161980 255 122 0 0.634418
22.85013580 17.40922546 15.14568233 255 65 0 0.691818
22.81476593 17.40857697 15.26553726 255 26 0 0.729997
22.81438446 14.90861511 15.25189877 255 29 0 0.729344
22.75962067 14.90801048 15.36421776 255 5 0 0.750937
22.68732452 17.40742874 15.47951984 255 5 0 0.752986
22.59841156 14.90699959 15.55406952 255 23 0 0.732920
22.49645233 14.90662098 15.62633133 255 65 0 0.693294
22.38391876 14.90634155 15.68066311 255 122 0 0.634548
22.72063446 12.41255951 14.52463531 1 255 0 0.250061
22.78524017 9.91200447 14.61771774 115 255 0 0.363172
22.83127594 7.41140223 14.72011375 216 255 0 0.466169
22.85736847 4.91076899 14.82860088 255 203 0 0.556104
22.86319733 4.91008711 14.95342731 255 128 0 0.631142
22.84783173 2.40944982 15.06385136 255 71 0 0.687890
22.78563690 12.41196728 14.63135624 115 255 0 0.363837
22.83205414 12.41132736 14.74738979 219 255 0 0.467487
22.78601837 14.91193008 14.64499474 115 255 0 0.364490
22.86435699 12.40997601 14.99434280 255 125 0 0.633113
22.85890961 14.91061974 14.88315487 255 200 0 0.558727
22.86473846 14.90993881 15.00798130 255 125 0 0.633765
22.84937286 12.40929985 15.11840534 255 68 0 0.690513
22.84975433 14.90926266 15.13204384 255 65 0 0.691166
22.81400299 12.40865231 15.23826027 255 29 0 0.728692
22.75923920 12.40804768 15.35057926 255 8 0 0.750255
22.68656158 12.40750504 15.45224285 255 5 0 0.751622
22.59803009 12.40703678 15.54043102 255 26 0 0.732238
22.68694305 14.90746784 15.46588135 255 5 0 0.752304
22.49607086 12.40665817 15.61269283 255 65 0 0.692613
22.38353729 12.40637875 15.66702461 255 125 0 0.633866
22.26355743 12.40620708 15.70191860 255 200 0 0.557634
22.26393890 14.90616989 15.71555710 255 200 0 0.558315
22.83165741 9.91136456 14.73375130 219 255 0 0.466821
22.85813141 9.91069412 14.85587788 255 200 0 0.557410
22.86357880 7.41004992 14.96706581 255 125 0 0.631795
22.85774994 7.41073179 14.84223938 255 200 0 0.556757
22.84821320 4.90941286 15.07748985 255 68 0 0.688543
22.85852814 12.41065693 14.86951637 255 200 0 0.558075
22.86396027 9.91001320 14.98070431 255 125 0 0.632447
22.84897614 9.90933704 15.10476685 255 68 0 0.689848
22.75884247 9.90808487 15.33694077 255 8 0 0.749561
22.49567413 9.90669537 15.59905434 255 65 0 0.691919
22.38314056 9.90641594 15.65338612 255 125 0 0.633172
22.26316071 9.90624428 15.68828011 255 200 0 0.556940
22.13903046 9.90618515 15.70276356 216 255 0 0.465306
22.01421356 9.90623760 15.69643784 112 255 0 0.360832
22.84859467 7.40937567 15.09112835 255 68 0 0.689195
22.81246185 2.40880132 15.18370628 255 32 0 0.726069
22.81360626 9.90868950 15.22462177 255 29 0 0.728027
22.75846100 7.40812254 15.32330227 255 8 0 0.748879
22.59725189 7.40711164 15.51315403 255 26 0 0.730862
22.68616486 9.90754223 15.43860435 255 5 0 0.750928
22.49529266 7.40673304 15.58541584 255 65 0 0.691237
22.59763336 9.90707397 15.52679253 255 26 0 0.731544
22.26277924 7.40628195 15.67464161 255 203 0 0.556258
22.13864899 7.40622187 15.68912506 216 255 0 0.464624
22.01383209 7.40627575 15.68279934 112 255 0 0.360150
22.81322479 7.40872669 15.21098328 255 29 0 0.727374
22.81284332 4.90876389 15.19734478 255 32 0 0.726721
22.75807953 4.90815973 15.30966377 255 8 0 0.748198
22.75769806 2.40819693 15.29602528 255 11 0 0.747516
22.68540192 4.90761614 15.41132736 255 8 0 0.749565
22.68578339 7.40757895 15.42496586 255 8 0 0.750247
22.38237762 4.90649080 15.62610912 255 125 0 0.631809
22.38275909 7.40645361 15.63974762 255 125 0 0.632491
22.13826752 4.90625906 15.67548656 216 255 0 0.463943
22.01345062 4.90631294 15.66916084 112 255 0 0.359469
21.77558136 4.90675211 15.59535503 0 130 124 0.123908
22.68502045 2.40765357 15.39768887 255 8 0 0.748883
22.59648895 2.40718579 15.48587704 255 29 0 0.729499
22.59687042 4.90714884 15.49951553 255 26 0 0.730181
22.49491119 4.90677023 15.57177734 255 68 0 0.690555
22.38199615 2.40652823 15.61247063 255 128 0 0.631127
22.26201630 2.40635633 15.64736462 255 203 0 0.554895
22.26239777 4.90631914 15.66100311 255 203 0 0.555576
21.89144135 4.90647888 15.64220238 0 250 4 0.245078
16.87059784 12.38020897 20.61907768 0 136 118 0.130041
16.91924286 12.37957382 20.73418999 1 255 0 0.250609
16.91886139 9.87961102 20.72055054 1 255 0 0.249725
16.94733429 7.37898064 20.82849884 115 255 0 0.362273
16.95559692 7.37829876 20.95318985 216 255 0 0.465421
16.95520782 4.87833595 20.93955040 216 255 0 0.464533
16.94264984 4.87765980 21.06388092 255 203 0 0.554533
16.90923309 2.37704444 21.17076302 255 131 0 0.628002
16.78560638 -0.12408025 21.37354851 255 29 0 0.726986
16.59827423 -0.12494691 21.53767586 255 8 0 0.748772
16.59865570 2.37501597 21.55131531 255 8 0 0.749606
16.48720551 2.37472463 21.60782814 255 29 0 0.729377
16.24371338 -0.12549609 21.64830780 255 128 0 0.628630
16.11880493 -0.12545568 21.64441299 255 206 0 0.551720
16.11918640 2.37450695 21.65805244 255 206 0 0.552527
15.99666595 2.37466002 21.63347244 213 255 0 0.460757
15.87953186 -0.12504168 21.57525063 109 255 0 0.357423
15.87991333 2.37492108 21.58888817 109 255 0 0.358197
15.77297211 7.37520933 21.55282021 0 253 1 0.247070
15.88106537 9.87480927 21.62980461 112 255 0 0.360974
15.77335358 9.87517166 21.56645775 0 253 1 0.247993
15.99819946 12.37451077 21.68802643 216 255 0 0.464458
15.99858093 14.87447357 21.70166397 216 255 0 0.465381
16.24678040 19.87420654 21.75741577 255 122 0 0.635787
16.48950958 17.37450027 21.68965912 255 23 0 0.734811
16.60095978 17.37479019 21.63314438 255 2 0 0.755038
16.70148468 17.37517929 21.55891228 255 2 0 0.754515
16.91153717 17.37681961 21.25259399 255 125 0 0.633312
16.94457245 17.37747192 21.13207436 255 200 0 0.558960
16.95713043 17.37814903 21.00774384 219 255 0 0.468959
16.94924927 19.87879372 20.89669228 118 255 0 0.366695
16.94886780 17.37882996 20.88305283 118 255 0 0.365811
16.92001343 17.37949753 20.76146698 4 255 0 0.252381
16.87174988 19.88009644 20.65999413 0 139 115 0.132697
16.12149048 17.37428284 21.73988342 255 200 0 0.557961
15.88144684 12.37477207 21.64344215 115 255 0 0.361898
15.77373505 12.37513447 21.58009529 1 255 0 0.248916
15.67726898 7.37566233 21.47246552 0 133 121 0.126787
15.99897003 17.37443542 21.71530342 216 255 0 0.466310
15.88182831 14.87473488 21.65708160 115 255 0 0.362822
15.77411652 14.87509727 21.59373474 1 255 0 0.249841
15.67803192 12.37558746 21.49974251 0 136 118 0.128635
15.67765045 9.87562466 21.48610497 0 133 121 0.127712
15.99935150 19.87439919 21.72894096 219 255 0 0.467233
15.88221741 17.37469673 21.67071915 115 255 0 0.363750
15.77450562 17.37505722 21.60737228 1 255 0 0.250768
15.67841339 14.87555027 21.51338196 0 136 118 0.129560
15.59814453 19.87600708 21.44552994 0 14 240 0.007170
15.67880249 17.37551117 21.52701950 0 136 118 0.130488
15.77488708 19.87502098 21.62101173 4 255 0 0.251693
16.94226837 2.37769675 21.05024338 255 203 0 0.553651
16.94188690 -0.12226603 21.03660393 255 206 0 0.552859
16.95482635 2.37837315 20.92591286 216 255 0 0.463650
16.94694519 4.87901783 20.81486130 112 255 0 0.361386
16.87021637 9.88024521 20.60544014 0 136 118 0.129159
16.80467224 19.88068199 20.55455971 0 14 240 0.008349
16.91809082 4.87968588 20.69327354 0 253 1 0.247954
16.91847992 7.37964869 20.70691299 1 255 0 0.248843
16.86983490 7.38028383 20.59180069 0 133 121 0.128275
16.95444489 -0.12158967 20.91227341 213 255 0 0.462876
16.94656372 2.37905455 20.80122185 112 255 0 0.360501
16.94618225 -0.12090816 20.78758430 112 255 0 0.359758
16.86944580 4.88032103 20.57816315 0 133 121 0.127387
16.91770935 2.37972236 20.67963600 0 253 1 0.247071
16.86906433 2.38035774 20.56452370 0 133 121 0.126503
16.86868286 -0.11960498 20.55088615 0 133 121 0.126011
16.87097931 14.88017082 20.63271713 0 136 118 0.130925
16.91962433 14.87953663 20.74782753 4 255 0 0.251492
16.87136841 17.38013268 20.64635468 0 139 115 0.131813
16.94418335 14.87751007 21.11843491 255 200 0 0.558071
16.91114807 14.87685776 21.23895454 255 125 0 0.632423
16.85895538 17.37620926 21.36595535 255 65 0 0.691826
16.78790283 14.87569618 21.45537949 255 26 0 0.732343
16.78829193 17.37565804 21.46901703 255 23 0 0.733251
16.48912048 14.87453842 21.67601967 255 23 0 0.733902
16.37020111 17.37431526 21.72687912 255 62 0 0.694373
16.24639893 17.37424278 21.74377823 255 122 0 0.634884
16.94771576 9.87894344 20.84213829 115 255 0 0.363157
16.95597839 9.87826157 20.96682739 216 255 0 0.466304
16.94809723 12.37890625 20.85577583 115 255 0 0.364039
16.94847870 14.87886906 20.86941528 118 255 0 0.364923
16.95674133 14.87818718 20.99410439 219 255 0 0.468071
16.85818481 12.37628460 21.33867836 255 68 0 0.690013
16.85856628 14.87624741 21.35231781 255 68 0 0.690918
16.78752136 12.37573338 21.44174004 255 26 0 0.731438
16.70109558 14.87521935 21.54527473 255 5 0 0.753607
16.60057068 14.87483025 21.61950684 255 2 0 0.754130
16.60018921 12.37486744 21.60586929 255 5 0 0.753227
16.48873901 12.37457561 21.66238213 255 23 0 0.732998
16.36943054 12.37439156 21.69960213 255 65 0 0.692560
16.36981201 14.87435436 21.71324158 255 65 0 0.693466
16.12071991 12.37435818 21.71260643 255 203 0 0.556149
16.24600983 14.87427998 21.73013878 255 125 0 0.633974
16.12110138 14.87432098 21.72624397 255 200 0 0.557052
16.94303894 7.37762260 21.07752037 255 203 0 0.555422
16.91000366 7.37696981 21.19804001 255 128 0 0.629774
16.90961456 4.87700701 21.18440056 255 128 0 0.628885
16.85703278 4.87639713 21.29776382 255 71 0 0.687297
16.85665131 2.37643409 21.28412437 255 71 0 0.686392
16.95635986 12.37822437 20.98046684 219 255 0 0.467188
16.94380188 12.37754726 21.10479736 255 200 0 0.557189
16.91076660 12.37689495 21.22531700 255 125 0 0.631540
16.70071411 12.37525654 21.53163528 255 5 0 0.752702
16.70033264 9.87529373 21.51799774 255 5 0 0.751799
16.36904907 9.87442875 21.68596458 255 65 0 0.691657
16.24562836 12.37431717 21.71650124 255 125 0 0.633071
16.12033844 9.87439537 21.69896698 255 203 0 0.555244
16.94342041 9.87758446 21.09115791 255 203 0 0.556305
16.78636932 4.87584543 21.40082550 255 29 0 0.728722
16.78598785 2.37588263 21.38718605 255 29 0 0.727817
16.69918060 2.37540555 21.47708130 255 8 0 0.749081
16.91038513 9.87693214 21.21167755 255 128 0 0.630656
16.85780334 9.87632179 21.32504082 255 68 0 0.689110
16.85742188 7.37635994 21.31140137 255 68 0 0.688205
16.78675842 7.37580824 21.41446304 255 29 0 0.729630
16.78713989 9.87577057 21.42810249 255 26 0 0.730534
16.59980774 9.87490463 21.59222984 255 5 0 0.752322
16.48797607 7.37465048 21.63510513 255 26 0 0.731190
16.48835754 9.87461281 21.64874268 255 26 0 0.732093
16.36866760 7.37446547 21.67232513 255 68 0 0.690752
16.24524689 9.87435436 21.70286179 255 125 0 0.632166
15.99743652 7.37458611 21.66074944 213 255 0 0.462610
15.99781799 9.87454796 21.67438698 213 255 0 0.463533
15.88068390 7.37484694 21.61616516 112 255 0 0.360050
16.69956207 4.87536860 21.49072075 255 8 0 0.749986
16.59903717 4.87497854 21.56495285 255 8 0 0.750509
16.69995117 7.37533140 21.50435829 255 5 0 0.750894
16.59942627 7.37494135 21.57859230 255 5 0 0.751419
16.48758698 4.87468767 21.62146568 255 26 0 0.730281
16.36827850 4.87450266 21.65868759 255 68 0 0.689844
16.24447632 4.87442970 21.67558479 255 128 0 0.630353
16.11956787 4.87447023 21.67168999 255 203 0 0.553431
16.24486542 7.37439251 21.68922424 255 125 0 0.631262
16.11995697 7.37443304 21.68532944 255 203 0 0.554340
15.99704742 4.87462330 21.64710999 213 255 0 0.461680
15.88029480 4.87488413 21.60252762 112 255 0 0.359122
15.77258301 4.87524652 21.53918076 0 253 1 0.246140
15.67687988 4.87569952 21.45882797 0 133 121 0.125860
16.36789703 2.37453985 21.64504814 255 68 0 0.688939
16.24409485 2.37446666 21.66194725 255 128 0 0.629449
15.77220154 2.37528300 21.52554321 0 253 1 0.245217
15.67649841 2.37573624 21.44518852 0 130 124 0.124935
9.47261047 14.85891914 24.73625755 0 136 118 0.130416
9.44216919 19.85950851 24.64253426 0 14 240 0.008223
9.48291779 12.35827541 24.84712601 1 255 0 0.249721
9.47222900 12.35895634 24.72262001 0 136 118 0.129386
9.48253632 9.85831261 24.83348846 1 255 0 0.248691
9.47201538 7.35767269 24.94440079 112 255 0 0.360725
9.47239685 9.85763454 24.95803833 112 255 0 0.361755
9.44133759 7.35701656 25.06554031 213 255 0 0.463386
9.39020538 2.35647440 25.15262985 255 206 0 0.551743
9.39058685 4.85643768 25.16626740 255 206 0 0.552784
9.32155609 2.35591531 25.25704575 255 128 0 0.628817
8.90857697 2.35452771 25.52299881 255 8 0 0.749195
8.78511047 2.35444140 25.54230309 255 29 0 0.728120
8.66014862 2.35446858 25.54084015 255 71 0 0.686885
8.65976715 -0.14549427 25.52720070 255 71 0 0.685945
8.53678894 -0.14535436 25.50501251 255 131 0 0.626234
8.41920471 -0.14510554 25.46271133 255 206 0 0.552048
8.53717041 2.35460830 25.51865005 255 131 0 0.627172
8.21302795 -0.14431174 25.32299614 112 255 0 0.359210
8.21340942 2.35565090 25.33663559 112 255 0 0.360069
8.06433868 2.35676241 25.13710785 0 133 121 0.126208
8.06510925 7.35668802 25.16438484 0 133 121 0.128312
8.21456146 9.85553932 25.37755013 115 255 0 0.363224
8.31256866 14.85502243 25.48330116 219 255 0 0.468362
8.31218719 12.35505962 25.46966362 219 255 0 0.467311
8.42189026 17.35463333 25.55817986 255 200 0 0.559284
8.78779602 19.85418129 25.63777351 255 23 0 0.735420
8.78741455 17.35421753 25.62413406 255 23 0 0.734377
9.14014435 19.85476685 25.52025795 255 20 0 0.736397
9.13976288 17.35480309 25.50662041 255 23 0 0.735356
9.23881531 17.35520363 25.43044281 255 62 0 0.694741
9.32386017 17.35569191 25.33887672 255 122 0 0.635074
9.39289093 19.85621262 25.24809837 255 200 0 0.559040
9.44287109 17.35686493 25.12009430 219 255 0 0.467514
9.47393036 19.85748672 25.01259232 118 255 0 0.365883
9.48368835 17.35820007 24.87440300 4 255 0 0.251787
9.47299957 17.35888290 24.74989700 0 139 115 0.131451
8.42227173 19.85459709 25.57181931 255 197 0 0.560337
8.31295776 17.35498238 25.49694061 219 255 0 0.469416
8.21494293 12.35550213 25.39118958 115 255 0 0.364277
8.13206482 12.35602570 25.29765701 1 255 0 0.250927
8.13168335 9.85606289 25.28401947 1 255 0 0.249877
8.06549072 9.85665035 25.17802429 0 136 118 0.129365
8.01628876 -0.14256287 25.00795746 0 17 237 0.011673
8.21571350 17.35542679 25.41846657 118 255 0 0.366381
8.13244629 14.85598850 25.31129646 4 255 0 0.251980
8.21532440 14.85546494 25.40482712 118 255 0 0.365327
8.06587219 12.35661316 25.19166183 0 136 118 0.130415
8.13321686 19.85591316 25.33857346 4 255 0 0.254085
8.13283539 17.35594940 25.32493401 4 255 0 0.253032
8.06625366 14.85657597 25.20530128 0 139 115 0.131467
8.06664276 17.35653877 25.21893883 0 139 115 0.132520
9.32117462 -0.14404747 25.24340820 255 131 0 0.627887
9.38982391 -0.14348835 25.13899040 255 206 0 0.550825
9.44094849 4.85705376 25.05190277 213 255 0 0.462353
9.47162628 4.85770988 24.93076134 112 255 0 0.359690
9.48215485 7.35835075 24.81984901 0 253 1 0.247659
9.44018555 -0.14287215 25.02462578 210 255 0 0.460439
9.44056702 2.35709071 25.03826332 213 255 0 0.461321
9.47146606 7.35903120 24.69534302 0 133 121 0.127323
9.47184753 9.85899353 24.70898056 0 133 121 0.128353
9.47124481 2.35774684 24.91712379 109 255 0 0.358660
9.48176575 4.85838795 24.80621147 0 253 1 0.246626
9.48138428 2.35842466 24.79257202 0 253 1 0.245593
9.47107697 4.85906839 24.68170547 0 133 121 0.126290
9.48100281 -0.14153805 24.77893448 0 250 4 0.244837
9.47069550 2.35910583 24.66806602 0 130 124 0.125258
9.47031403 -0.14085717 24.65442848 0 130 124 0.124761
9.48329926 14.85823822 24.86076546 1 255 0 0.250753
9.47354889 17.35752296 24.99895287 118 255 0 0.364851
9.44248199 14.85690403 25.10645676 216 255 0 0.466481
9.39212036 14.85628796 25.22082138 255 200 0 0.556954
9.39250946 17.35624886 25.23446083 255 200 0 0.557999
9.23842621 14.85524273 25.41680527 255 65 0 0.693698
9.13937378 14.85484219 25.49298096 255 23 0 0.734311
8.91049194 14.85434151 25.59119225 255 2 0 0.754408
9.02941895 17.35450172 25.56529427 255 2 0 0.755780
8.91088104 17.35430336 25.60482979 255 2 0 0.755452
8.66206360 14.85428238 25.60903168 255 65 0 0.692096
8.66245270 17.35424423 25.62266922 255 65 0 0.693139
8.53908539 14.85442257 25.58684349 255 125 0 0.632432
8.53947449 17.35438347 25.60048103 255 125 0 0.633484
9.47277832 12.35759735 24.97167778 115 255 0 0.362788
9.44210052 12.35694122 25.09281731 216 255 0 0.465449
9.47315979 14.85756016 24.98531532 115 255 0 0.363818
9.32347107 14.85572910 25.32523918 255 125 0 0.634031
9.02902985 14.85453892 25.55165482 255 2 0 0.754735
8.66168213 12.35431957 25.59539413 255 65 0 0.691055
8.78702545 14.85425568 25.61049652 255 23 0 0.733333
8.53870392 12.35445976 25.57320404 255 125 0 0.631380
8.42111969 12.35470772 25.53090286 255 200 0 0.557179
8.42150116 14.85467052 25.54454231 255 200 0 0.558232
9.44171906 9.85697842 25.07917976 216 255 0 0.464418
9.39135742 9.85636234 25.19354439 255 203 0 0.554870
9.39097595 7.35640049 25.17990685 255 203 0 0.553829
9.32193756 4.85587835 25.27068520 255 128 0 0.629860
9.23651123 2.35542893 25.34861183 255 68 0 0.688485
9.23689270 4.85539198 25.36225128 255 68 0 0.689528
9.13745880 2.35502839 25.42478943 255 29 0 0.729100
9.39173889 12.35632515 25.20718384 255 203 0 0.555913
9.32308960 12.35576630 25.31159973 255 125 0 0.632988
9.23804474 12.35527992 25.40316582 255 65 0 0.692655
9.13899231 12.35487938 25.47934341 255 23 0 0.733270
9.02864838 12.35457611 25.53801727 255 5 0 0.753694
8.91011047 12.35437870 25.57755280 255 5 0 0.753366
8.78664398 12.35429287 25.59685707 255 26 0 0.732290
8.78626251 9.85433006 25.58321953 255 26 0 0.731249
8.53832245 9.85449696 25.55956650 255 128 0 0.630329
9.32270813 9.85580349 25.29796219 255 125 0 0.631947
9.32232666 7.35584116 25.28432274 255 128 0 0.630904
9.23728180 7.35535479 25.37588882 255 68 0 0.690571
9.23766327 9.85531712 25.38952827 255 65 0 0.691614
9.13822937 7.35495424 25.45206642 255 26 0 0.731186
9.13861084 9.85491657 25.46570396 255 26 0 0.732227
9.02826691 9.85461330 25.52437782 255 5 0 0.752651
8.90934753 7.35445356 25.55027580 255 5 0 0.751282
8.90972900 9.85441589 25.56391525 255 5 0 0.752325
8.78588104 7.35436678 25.56958008 255 26 0 0.730206
8.66130066 9.85435677 25.58175468 255 68 0 0.690012
8.66091919 7.35439444 25.56811714 255 68 0 0.688971
8.53794098 7.35453415 25.54592705 255 128 0 0.629277
8.42073822 9.85474491 25.51726532 255 203 0 0.556129
8.31180573 9.85509682 25.45602417 216 255 0 0.466259
8.31142426 7.35513401 25.44238663 216 255 0 0.465209
8.21417999 7.35557699 25.36391258 115 255 0 0.362174
8.13130188 7.35609961 25.27038002 1 255 0 0.248825
9.13784027 4.85499144 25.43842697 255 26 0 0.730141
9.02749634 4.85468817 25.49710083 255 8 0 0.750565
9.02711487 2.35472536 25.48346329 255 8 0 0.749524
9.02788544 7.35465097 25.51074028 255 5 0 0.751610
8.90895844 4.85449076 25.53663826 255 8 0 0.750238
8.78549194 4.85440397 25.55594254 255 29 0 0.729163
8.42035675 7.35478306 25.50362587 255 203 0 0.555077
8.21379089 4.85561419 25.35027313 112 255 0 0.361119
8.13091278 4.85613680 25.25674248 0 253 1 0.247772
8.06472015 4.85672522 25.15074730 0 133 121 0.127260
8.66053009 4.85443163 25.55447769 255 71 0 0.687926
8.53755188 4.85457134 25.53228951 255 128 0 0.628224
8.41958618 2.35485721 25.47634888 255 206 0 0.552972
8.41996765 4.85482025 25.48998833 255 203 0 0.554024
8.31065369 2.35520792 25.41510963 213 255 0 0.463104
8.31103516 4.85517120 25.42874718 216 255 0 0.464154
8.13053131 2.35617423 25.24310303 0 253 1 0.246720
1.16825104 14.85137367 26.35276794 0 133 121 0.128331
1.16786957 12.35141087 26.33913040 0 133 121 0.127250
1.13954926 12.35075188 26.46084404 0 253 1 0.247662
1.09104919 9.85016632 26.56253242 112 255 0 0.361063
0.84210968 -0.15115736 26.78500557 255 128 0 0.629582
0.84249115 2.34880543 26.79864502 255 128 0 0.630545
0.73331451 2.34849048 26.85945320 255 68 0 0.689465
0.61556244 2.34828019 26.90128899 255 29 0 0.729266
0.49211884 -0.15178208 26.90935516 255 8 0 0.747867
0.36715698 -0.15176821 26.91032600 255 11 0 0.746685
0.24375916 -0.15164131 26.89053345 255 32 0 0.724773
0.24414063 2.34832144 26.90417290 255 32 0 0.725751
-0.08348846 -0.15063271 26.71485519 255 203 0 0.553863
-0.16815948 -0.15011837 26.62295341 213 255 0 0.463431
-0.16777802 2.34984446 26.63659096 216 255 0 0.464350
-0.23602295 2.35042596 26.53190804 112 255 0 0.360836
-0.28631592 -0.14890413 26.40370369 0 253 1 0.246344
-0.28593445 2.35105872 26.41734123 0 253 1 0.247128
-0.31650543 -0.14823797 26.28244400 0 133 121 0.125890
-0.31612396 2.35172486 26.29608154 0 133 121 0.126395
-0.31535339 7.35165024 26.32335854 0 136 118 0.128555
-0.28478241 9.85094643 26.45825577 1 255 0 0.250367
-0.23448944 12.35027695 26.58646011 118 255 0 0.365154
-0.23487091 9.85031414 26.57282257 115 255 0 0.364075
-0.16624451 12.34969521 26.69114494 219 255 0 0.468671
0.12844086 19.84829712 26.95963669 255 62 0 0.694492
0.24682617 19.84806252 26.99964142 255 23 0 0.733325
0.37022400 19.84793282 27.01943398 255 2 0 0.755240
0.49480438 17.34795570 27.00482368 255 2 0 0.755340
0.73561859 17.34826660 26.94128418 255 62 0 0.695957
0.84517670 19.84854507 26.89411354 255 119 0 0.638119
0.94273376 19.84895515 26.81602287 255 197 0 0.561719
1.02597046 19.84945107 26.72281647 222 255 0 0.469959
-0.08042145 19.84906769 26.82396317 255 194 0 0.562369
-0.08080292 17.34910393 26.81032372 255 197 0 0.561288
-0.16586304 14.84965801 26.70478439 222 255 0 0.469752
-0.23410797 14.85023975 26.60009956 118 255 0 0.366235
-0.31497192 9.85161304 26.33699608 0 136 118 0.129634
-0.16509247 19.84958267 26.73206139 222 255 0 0.471912
-0.16547394 17.34961891 26.71842194 222 255 0 0.470831
-0.23371887 17.35020065 26.61373711 118 255 0 0.367314
-0.28440094 12.35090923 26.47189522 4 255 0 0.251448
-0.28401947 14.85087204 26.48553276 4 255 0 0.252527
-0.23333740 19.85016441 26.62737656 121 255 0 0.368395
-0.31420898 14.85153866 26.36427307 0 139 115 0.131794
-0.31459045 12.35157585 26.35063553 0 136 118 0.130715
-0.28363037 17.35083389 26.49917221 4 255 0 0.253608
-0.31381989 17.35150146 26.37791252 0 139 115 0.132875
0.93966675 -0.15074629 26.70691490 255 206 0 0.553198
0.94004822 2.34921646 26.72055244 255 203 0 0.554144
1.02366638 4.84967518 26.64098549 213 255 0 0.463467
1.09027863 4.85024166 26.53525543 112 255 0 0.358898
1.09066772 7.35020447 26.54889297 112 255 0 0.359980
1.13878632 7.35082626 26.43356705 0 253 1 0.245498
1.13916779 9.85078907 26.44720459 0 253 1 0.246579
1.02328491 2.34971213 26.62734795 213 255 0 0.462386
1.02290344 -0.15025058 26.61370850 213 255 0 0.461464
1.08989716 2.35027885 26.52161598 109 255 0 0.357816
1.16748810 9.85144806 26.32549095 0 133 121 0.126166
1.16710663 7.35148573 26.31185341 0 130 124 0.125084
1.13839722 4.85086346 26.41992760 0 250 4 0.244415
1.08951569 -0.14968398 26.50797844 109 255 0 0.356941
1.13801575 2.35090041 26.40629005 0 250 4 0.243334
1.16633606 2.35156035 26.28457642 0 130 124 0.122919
1.16671753 4.85152292 26.29821396 0 130 124 0.124000
1.16595459 -0.14840254 26.27093697 0 127 127 0.122429
1.17366028 -0.14772330 26.14621353 0 20 234 0.011984
1.16864014 17.35133743 26.36640739 0 136 118 0.129415
1.14031982 17.35067558 26.48812103 1 255 0 0.249826
1.02519989 14.84952545 26.69553947 219 255 0 0.467795
1.09220123 17.35005379 26.60344696 115 255 0 0.364308
1.02558899 17.34948730 26.70917702 219 255 0 0.468876
0.94235229 17.34899139 26.80238342 255 197 0 0.560636
0.84479523 17.34858131 26.88047409 255 122 0 0.637036
0.73522949 14.84830379 26.92764473 255 62 0 0.694874
0.61747742 14.84809399 26.96948242 255 23 0 0.734678
0.61786652 17.34805679 26.98311996 255 23 0 0.735759
0.36945343 14.84800911 26.99215698 255 5 0 0.753076
0.36984253 17.34796906 27.00579453 255 2 0 0.754158
0.24605560 14.84813499 26.97236443 255 26 0 0.731161
0.12767029 14.84837151 26.93235970 255 65 0 0.692332
0.24644470 17.34809875 26.98600197 255 26 0 0.732242
0.12805939 17.34833336 26.94599915 255 65 0 0.693413
0.01757050 14.84871101 26.87325478 255 122 0 0.635097
0.01795959 17.34867287 26.88689232 255 122 0 0.636176
1.13993073 14.85071468 26.47448158 1 255 0 0.248743
1.02443695 9.84959984 26.66826248 216 255 0 0.465631
1.02405548 7.34963799 26.65462494 216 255 0 0.464550
0.94042969 4.84917974 26.73419189 255 203 0 0.555227
0.84287262 4.84876871 26.81228256 255 125 0 0.631626
1.09181213 14.85009193 26.58980942 115 255 0 0.363227
1.09143066 12.35012913 26.57616997 115 255 0 0.362144
1.02481842 12.34956264 26.68190193 219 255 0 0.466714
0.94196320 14.84903049 26.78874588 255 197 0 0.559555
0.84440613 14.84861851 26.86683655 255 122 0 0.635955
0.73484802 12.34834099 26.91400719 255 65 0 0.693793
0.49441528 14.84799480 26.99118614 255 2 0 0.754258
0.12728882 12.34840870 26.91872215 255 65 0 0.691252
0.01718903 12.34874821 26.85961533 255 125 0 0.634016
-0.08157349 12.34918118 26.78304672 255 200 0 0.559128
-0.08119202 14.84914398 26.79668617 255 197 0 0.560209
0.94120026 9.84910488 26.76146889 255 200 0 0.557391
0.94081879 7.34914255 26.74782944 255 203 0 0.556308
0.94158173 12.34906769 26.77510643 255 200 0 0.558472
0.84402466 12.34865570 26.85319901 255 122 0 0.634874
0.49365234 9.84806919 26.96390915 255 5 0 0.752094
0.61709595 12.34813118 26.95584297 255 23 0 0.733595
0.49403381 12.34803200 26.97754860 255 5 0 0.753177
0.36907196 12.34804630 26.97851753 255 5 0 0.751993
0.24529266 9.84820938 26.94508743 255 29 0 0.728997
0.24567413 12.34817219 26.95872498 255 26 0 0.730078
0.01680756 9.84878540 26.84597778 255 125 0 0.632937
-0.08195496 9.84921837 26.76940918 255 200 0 0.558049
0.84326172 7.34873152 26.82592201 255 125 0 0.632710
0.73408508 7.34841633 26.88673019 255 65 0 0.691629
0.73369598 4.84845352 26.87309074 255 68 0 0.690546
0.84364319 9.84869289 26.83955956 255 125 0 0.633791
0.73446655 9.84837818 26.90036774 255 65 0 0.692710
0.61671448 9.84816837 26.94220543 255 26 0 0.732514
0.49327087 7.34810638 26.95027161 255 5 0 0.751013
0.36830902 7.34812021 26.95124054 255 8 0 0.749829
0.36869049 9.84808350 26.96487999 255 5 0 0.750912
0.12690735 9.84844589 26.90508270 255 68 0 0.690171
-0.16662598 9.84973240 26.67750740 219 255 0 0.467592
-0.28516388 7.35098457 26.44461823 1 255 0 0.249288
0.61594391 4.84824324 26.91492844 255 26 0 0.730349
0.61633301 7.34820604 26.92856598 255 26 0 0.731431
0.49288177 4.84814358 26.93663216 255 8 0 0.749930
0.49250031 2.34818077 26.92299461 255 8 0 0.748849
0.36753845 2.34819460 26.92396355 255 11 0 0.747665
0.12613678 4.84852123 26.87780571 255 68 0 0.688011
0.24491119 7.34824705 26.93144798 255 29 0 0.727914
0.12652588 7.34848404 26.89144516 255 68 0 0.689092
0.01642609 7.34882307 26.83233833 255 125 0 0.631856
-0.08233643 7.34925604 26.75576973 255 200 0 0.556968
-0.16700745 7.34977007 26.66386795 216 255 0 0.466511
-0.16739655 4.84980726 26.65023041 216 255 0 0.465432
-0.23564148 4.85038900 26.54554558 115 255 0 0.361915
-0.23525238 7.35035181 26.55918312 115 255 0 0.362994
-0.28555298 4.85102177 26.43097878 1 255 0 0.248207
0.36791992 4.84815741 26.93760300 255 8 0 0.748748
0.24452209 4.84828424 26.91781044 255 32 0 0.726833
0.01565552 2.34889722 26.80506134 255 128 0 0.629696
0.12575531 2.34855795 26.86416817 255 71 0 0.686932
-0.08310699 2.34933019 26.72849464 255 203 0 0.554810
0.01603699 4.84886026 26.81870079 255 128 0 0.630777
-0.08272552 4.84929323 26.74213219 255 203 0 0.555889
-0.31574249 4.85168743 26.30972099 0 133 121 0.127476
-7.22920227 14.85827446 25.32401276 0 136 118 0.130126
-7.22958374 12.35831165 25.31037521 0 136 118 0.129106
-7.29412079 12.35773754 25.41738319 1 255 0 0.250105
-7.29450226 9.85777473 25.40374565 1 255 0 0.249086
-7.47270203 4.85692310 25.55125046 216 255 0 0.465281
-7.69796753 2.35641050 25.64465523 255 125 0 0.631160
-7.58104706 2.35663342 25.60053444 255 203 0 0.555437
-7.82096863 -0.14366481 25.65511322 255 68 0 0.688402
-7.82058716 2.35629797 25.66875076 255 68 0 0.689325
-7.94588470 -0.14366421 25.65851593 255 29 0 0.727390
-8.18840027 2.35663629 25.61707687 255 11 0 0.746455
-8.30001068 -0.14299874 25.54648399 255 29 0 0.726989
-8.29962921 2.35696411 25.56012344 255 29 0 0.727906
-8.39986420 2.35738635 25.48549271 255 68 0 0.689098
-8.48631287 2.35789204 25.39525795 255 128 0 0.631106
-8.55657959 2.35846663 25.29191971 255 203 0 0.555538
-8.64126587 2.35975742 25.05769920 112 255 0 0.360501
-8.65332794 2.36043763 24.93332100 0 253 1 0.246445
-8.64495087 -0.13884628 24.79502487 0 130 124 0.124984
-8.64379883 7.36104202 24.83594131 0 133 121 0.127505
-8.65217590 9.86032581 24.97423744 1 255 0 0.249466
-8.63973236 12.35960865 25.11225319 115 255 0 0.364529
-8.60717773 12.35894489 25.23290253 219 255 0 0.468521
-8.60679626 14.85890770 25.24654198 219 255 0 0.469529
-8.55466461 14.85828018 25.36011124 255 197 0 0.560573
-8.48400879 17.35766792 25.47708893 255 119 0 0.637147
-8.39717865 19.85712624 25.58096313 255 62 0 0.696148
-8.29732513 17.35673904 25.64195442 255 23 0 0.733948
-8.18571472 19.85637665 25.71254539 255 5 0 0.753504
-8.18609619 17.35641289 25.69890785 255 5 0 0.752497
-8.06694794 17.35618782 25.73659897 255 5 0 0.753176
-7.81790161 19.85603714 25.76421928 255 62 0 0.696464
-7.81828308 17.35607338 25.75058174 255 62 0 0.695444
-7.69566345 17.35618591 25.72648621 255 119 0 0.637280
-7.57874298 17.35640907 25.68236542 255 197 0 0.561557
-7.37475586 17.35715675 25.53946877 118 255 0 0.366279
-7.29296875 19.85762596 25.45829964 4 255 0 0.253166
-7.29335022 17.35766220 25.44466019 4 255 0 0.252145
-7.22843170 19.85820007 25.35128975 0 139 115 0.132165
-8.55427551 17.35824203 25.37375069 255 197 0 0.561579
-8.60640717 17.35886955 25.26017952 222 255 0 0.470534
-8.63935089 14.85957146 25.12589073 118 255 0 0.365535
-8.65179443 12.36028862 24.98787498 1 255 0 0.250473
-8.64341736 9.86100483 24.84957886 0 136 118 0.128511
-8.61561584 -0.13818808 24.67355347 0 17 237 0.011129
-8.60602570 19.85883331 25.27381897 222 255 0 0.471542
-8.63896179 17.35953331 25.13953018 118 255 0 0.366541
-8.65141296 14.86025143 25.00151443 4 255 0 0.251481
-8.64303589 12.36096764 24.86321831 0 136 118 0.129520
-8.64265442 14.86093044 24.87685585 0 136 118 0.130526
-8.63858032 19.85949707 25.15316772 118 255 0 0.367548
-8.65102386 17.36021233 25.01515198 4 255 0 0.252486
-8.64226532 17.36089325 24.89049530 0 139 115 0.131532
-8.65064240 19.86017609 25.02879143 4 255 0 0.253494
-7.47308350 2.35696006 25.53761101 216 255 0 0.464259
-7.37667847 4.85734510 25.47127533 112 255 0 0.361179
-7.37628937 7.35730791 25.48491478 115 255 0 0.362198
-7.29527283 4.85784912 25.37646866 0 253 1 0.247046
-7.29488373 7.35781193 25.39010811 0 253 1 0.248066
-7.22996521 9.85834885 25.29673576 0 133 121 0.128085
-7.23034668 7.35838604 25.28309822 0 133 121 0.127065
-7.37705994 2.35738158 25.45763779 112 255 0 0.360159
-7.23073578 4.85842323 25.26945877 0 133 121 0.126046
-7.29603577 -0.14207636 25.34919167 0 253 1 0.245272
-7.29565430 2.35788655 25.36283112 0 253 1 0.246027
-7.23111725 2.35846019 25.25582123 0 130 124 0.125026
-7.22881317 17.35823631 25.33765030 0 136 118 0.131144
-7.57913208 14.85644722 25.66872787 255 197 0 0.560540
-7.47077942 17.35673523 25.61944199 222 255 0 0.470379
-7.69605255 14.85622406 25.71284866 255 122 0 0.636262
-7.81867218 14.85611248 25.73694420 255 62 0 0.694427
-7.94358826 14.85611248 25.74034691 255 23 0 0.733420
-7.94319916 17.35607529 25.75398445 255 23 0 0.734437
-8.39794922 14.85720062 25.55368614 255 62 0 0.694135
-8.48439789 14.85770607 25.46345139 255 122 0 0.636143
-8.39756012 17.35716248 25.56732368 255 62 0 0.695139
-7.37590790 9.85727024 25.49855232 115 255 0 0.363218
-7.47193146 9.85684872 25.57852554 219 255 0 0.467318
-7.58027649 7.35655928 25.62781143 255 200 0 0.557477
-7.47231293 7.35688591 25.56488800 216 255 0 0.466299
-7.58066559 4.85659647 25.61417389 255 200 0 0.556459
-7.69758606 4.85637379 25.65829468 255 125 0 0.632182
-7.37552643 12.35723305 25.51219177 115 255 0 0.364240
-7.29373932 14.85770035 25.43102264 4 255 0 0.251127
-7.37514496 14.85719585 25.52582932 118 255 0 0.365260
-7.47116852 14.85677433 25.60580254 219 255 0 0.469360
-7.57951355 12.35648441 25.65508842 255 197 0 0.559518
-7.69643402 12.35626125 25.69920921 255 122 0 0.635241
-7.81905365 12.35614967 25.72330475 255 65 0 0.693405
-7.94396973 12.35614967 25.72670746 255 26 0 0.732398
-8.06771851 12.35626411 25.70932198 255 5 0 0.751137
-8.06733704 14.85622692 25.72296143 255 5 0 0.752159
-8.29809570 12.35681438 25.61467743 255 26 0 0.731935
-8.18648529 14.85645008 25.68527031 255 5 0 0.751493
-8.29771423 14.85677719 25.62831497 255 23 0 0.732942
-8.48477936 12.35774326 25.44981194 255 122 0 0.635135
-7.47154999 12.35681152 25.59216499 219 255 0 0.468340
-7.69719696 7.35633659 25.67193222 255 125 0 0.633200
-7.94550323 2.35629845 25.67215538 255 29 0 0.728319
-7.57989502 9.85652161 25.64145088 255 200 0 0.558498
-7.69681549 9.85629845 25.68557167 255 122 0 0.634221
-8.06809998 9.85630131 25.69568443 255 8 0 0.750117
-8.18686676 12.35648727 25.67163086 255 8 0 0.750484
-8.39833069 12.35723782 25.54004669 255 65 0 0.693126
-8.55542755 9.85835457 25.33283424 255 200 0 0.558558
-8.55504608 12.35831738 25.34647369 255 197 0 0.559567
-8.64011383 9.85964584 25.09861565 115 255 0 0.363522
-7.81981659 7.35622358 25.69602776 255 65 0 0.691364
-7.94512177 4.85626173 25.68579292 255 29 0 0.729339
-7.82020569 4.85626078 25.68239021 255 68 0 0.690346
-8.06925201 2.35641241 25.65476799 255 11 0 0.747057
-7.81943512 9.85618687 25.70966721 255 65 0 0.692385
-7.94435120 9.85618687 25.71306992 255 26 0 0.731378
-8.18762970 7.35656214 25.64435387 255 8 0 0.748468
-8.29885864 7.35688972 25.58740044 255 26 0 0.729919
-8.18724823 9.85652447 25.65799332 255 8 0 0.749477
-8.29847717 9.85685158 25.60103798 255 26 0 0.730926
-8.39871216 9.85727501 25.52640915 255 65 0 0.692120
-8.48516083 9.85778046 25.43617439 255 125 0 0.634128
-8.60794067 7.35902023 25.20562553 216 255 0 0.466506
-8.60755920 9.85898209 25.21926498 219 255 0 0.467514
-8.06887054 4.85637522 25.66840744 255 8 0 0.748078
-7.94473267 7.35622454 25.69943047 255 26 0 0.730357
-8.18801880 4.85659933 25.63071632 255 11 0 0.747464
-8.06848145 7.35633802 25.68204498 255 8 0 0.749096
-8.29924774 4.85692692 25.57376099 255 29 0 0.728913
-8.48593140 4.85785532 25.40889740 255 125 0 0.632115
-8.39909363 7.35731268 25.51276970 255 65 0 0.691111
-8.48554230 7.35781813 25.42253494 255 125 0 0.633119
-8.55580902 7.35839272 25.31919670 255 200 0 0.557551
-8.60832977 4.85905743 25.19198799 216 255 0 0.465501
-8.64049530 7.35968304 25.08497620 115 255 0 0.362514
-8.65294647 4.86040115 24.94696045 0 253 1 0.247454
-8.65255737 7.36036396 24.96059799 1 255 0 0.248458
-8.64418793 4.86107922 24.82230186 0 133 121 0.126499
-8.39948273 4.85734987 25.49913216 255 68 0 0.690107
-8.55619812 4.85842991 25.30555725 255 200 0 0.556545
-8.60871124 2.35909414 25.17834854 216 255 0 0.464493
-8.64088440 4.85972023 25.07133865 112 255 0 0.361509
-8.64456940 2.36111665 24.80866432 0 133 121 0.125492
-14.89695740 19.87886810 21.77796936 0 139 115 0.132844
-14.89733887 17.37890434 21.76432991 0 139 115 0.131979
-14.89810944 12.37898159 21.73705292 0 136 118 0.130256
-14.99295044 9.87858677 21.80524445 1 255 0 0.250185
-15.21607971 7.37805080 21.90300560 219 255 0 0.466726
-15.46418762 -0.12197632 21.89440155 255 128 0 0.629848
-15.58826447 -0.12187561 21.87942886 255 71 0 0.687259
-15.58788300 2.37808728 21.89306641 255 68 0 0.688052
-15.70810699 -0.12166431 21.84406281 255 32 0 0.725428
-15.82043457 -0.12134825 21.78928757 255 11 0 0.746980
-15.92210388 -0.12093624 21.71662331 255 8 0 0.748359
-15.92172241 2.37902665 21.73026085 255 8 0 0.749136
-16.00991058 2.37952304 21.64172554 255 29 0 0.729747
-16.13651276 2.38071275 21.42724037 255 125 0 0.631383
-16.13689423 -0.11925019 21.41360092 255 128 0 0.630613
-16.17177582 -0.11859021 21.29360962 255 203 0 0.554371
-16.18625641 -0.11791085 21.16948891 213 255 0 0.462757
-16.17139435 2.38137245 21.30724716 255 203 0 0.555130
-16.18587494 2.38205194 21.18312645 213 255 0 0.463501
-16.17993164 -0.11723097 21.04468536 109 255 0 0.358320
-16.15259552 2.38339329 20.93630409 0 250 4 0.244640
-16.04069519 -0.11537381 20.70034981 0 17 237 0.009246
-16.15144348 9.88328171 20.97721863 0 253 1 0.247158
-16.17839813 9.88261986 21.09923935 112 255 0 0.361556
-16.17801666 12.38258266 21.11287689 115 255 0 0.362396
-16.18434143 12.38190269 21.23768044 219 255 0 0.466860
-16.16909027 17.38114738 21.38907814 255 197 0 0.560167
-16.13420868 17.38048744 21.50907135 255 122 0 0.636419
-15.91903687 19.87876511 21.82573128 255 2 0 0.755015
-15.81774902 17.37838936 21.88475609 255 5 0 0.752793
-15.46150208 17.37776184 21.98987198 255 122 0 0.635811
-15.33667755 17.37777519 21.98403931 255 197 0 0.560772
-15.21454620 17.37790108 21.95755959 222 255 0 0.470177
-15.09814453 19.87809944 21.92480850 118 255 0 0.367422
-16.16870880 19.88111115 21.40271568 255 197 0 0.561007
-16.18395996 14.88186550 21.25131798 219 255 0 0.467701
-16.18357086 17.38182831 21.26495743 219 255 0 0.468538
-16.17763519 14.88254547 21.12651634 115 255 0 0.363238
-16.10498810 7.38394403 20.84772873 0 130 124 0.125159
-16.15106201 12.38324451 20.99085808 0 253 1 0.247999
-16.03762817 19.88432693 20.80945778 0 11 243 0.004792
-16.10460663 9.88390732 20.86136627 0 133 121 0.125999
-16.17724609 17.38250732 21.14015388 115 255 0 0.364074
-16.15068054 14.88320732 21.00449562 1 255 0 0.248840
-16.10384369 14.88383293 20.88864326 0 133 121 0.127681
-16.10422516 12.38386917 20.87500572 0 133 121 0.126841
-16.17686462 19.88247108 21.15379333 118 255 0 0.364915
-16.15029144 17.38316917 21.01813507 1 255 0 0.249677
-16.10345459 17.38379288 20.90228081 0 136 118 0.128517
-15.33898163 2.37799907 21.90220833 255 203 0 0.555598
-15.21646881 4.87808800 21.88936806 216 255 0 0.465867
-15.10005951 7.37828588 21.85661507 115 255 0 0.363107
-14.89849091 9.87901878 21.72341537 0 136 118 0.129393
-14.81742096 19.87938309 21.68159294 0 14 240 0.008419
-15.33936310 -0.12196364 21.88856888 255 203 0 0.554820
-15.10083008 2.37836027 21.82933807 112 255 0 0.361384
-15.21685028 2.37812495 21.87572861 216 255 0 0.465003
-15.10044861 4.87832308 21.84297752 115 255 0 0.362248
-14.99333191 7.37862444 21.79160500 1 255 0 0.249320
-14.89887238 7.37905645 21.70977592 0 136 118 0.128529
-14.99410248 2.37869835 21.76432800 0 253 1 0.247597
-14.99372101 4.87866163 21.77796745 1 255 0 0.248461
-14.89926147 4.87909365 21.69613838 0 133 121 0.127670
-15.10121155 -0.12160265 21.81570053 112 255 0 0.360652
-14.99448395 -0.12126433 21.75069046 0 253 1 0.246926
-14.82048798 -0.12031884 21.57248497 0 17 237 0.009769
-14.90002441 -0.12083241 21.66886139 0 133 121 0.126315
-14.89964294 2.37913036 21.68249893 0 133 121 0.126806
-14.89772797 14.87894440 21.75069237 0 136 118 0.131121
-14.99218750 14.87851238 21.83252144 4 255 0 0.251912
-14.99179840 17.37847328 21.84615898 4 255 0 0.252771
-15.09891510 14.87817383 21.89753151 118 255 0 0.365699
-15.09852600 17.37813568 21.91116905 118 255 0 0.366557
-15.33706665 14.87781239 21.97039986 255 197 0 0.559911
-15.58557892 17.37786293 21.97489738 255 65 0 0.693226
-15.70542145 17.37807465 21.93953323 255 26 0 0.731401
-15.70581055 14.87811184 21.92589378 255 26 0 0.730541
-15.91941833 17.37880135 21.81209183 255 2 0 0.754173
-16.08026123 14.87990379 21.60796547 255 62 0 0.694327
-16.00760651 17.37929916 21.72355461 255 23 0 0.734782
-16.07987213 17.37986565 21.62160301 255 62 0 0.695163
-16.13459778 14.88052654 21.49543190 255 122 0 0.635582
-14.99256897 12.37854958 21.81888199 1 255 0 0.251048
-15.09967804 9.87824821 21.87025452 115 255 0 0.363971
-15.33860016 4.87796259 21.91584587 255 200 0 0.556461
-15.46380615 2.37798643 21.90804100 255 128 0 0.630637
-15.09929657 12.37821102 21.88389206 118 255 0 0.364834
-15.21531677 12.37797546 21.93028259 219 255 0 0.468454
-15.21493530 14.87793827 21.94392014 219 255 0 0.469316
-15.46227264 12.37783718 21.96259499 255 125 0 0.634088
-15.46189117 14.87779999 21.97623253 255 122 0 0.634950
-15.58596802 14.87790108 21.96125984 255 65 0 0.692367
-15.81813812 14.87842846 21.87111855 255 5 0 0.751957
-15.91980743 14.87884045 21.79845428 255 5 0 0.753337
-16.00799561 14.87933636 21.70991707 255 23 0 0.733946
-16.16947937 14.88118649 21.37543869 255 200 0 0.559330
-16.16986084 12.38122368 21.36180115 255 200 0 0.558489
-15.21569824 9.87801266 21.91664314 219 255 0 0.467589
-15.33782959 9.87788677 21.94312286 255 200 0 0.558184
-15.33821106 7.37792540 21.92948532 255 200 0 0.557321
-15.46342468 4.87794971 21.92167854 255 125 0 0.631500
-15.46303558 7.37791252 21.93531799 255 125 0 0.632360
-15.70772552 2.37829852 21.85770226 255 32 0 0.726227
-15.33744812 12.37784958 21.95676231 255 200 0 0.559048
-15.46265411 9.87787437 21.94895554 255 125 0 0.633223
-15.58634949 12.37793827 21.94762039 255 65 0 0.691503
-15.58673096 9.87797546 21.93398285 255 68 0 0.690640
-15.70619202 12.37814903 21.91225624 255 29 0 0.729678
-15.81851959 12.37846565 21.85747910 255 5 0 0.751116
-15.92057037 9.87891483 21.77117729 255 5 0 0.751655
-15.92018890 12.37887764 21.78481483 255 5 0 0.752495
-16.00837708 12.37937355 21.69627762 255 23 0 0.733104
-16.08064270 12.37994099 21.59432602 255 65 0 0.693486
-16.13497925 12.38056374 21.48179436 255 122 0 0.634742
-15.58711243 7.37801266 21.92034340 255 68 0 0.689775
-15.58750153 4.87804985 21.90670586 255 68 0 0.688917
-15.70734406 4.87826157 21.87133980 255 29 0 0.727090
-15.82005310 2.37861466 21.80292511 255 11 0 0.747756
-15.70657349 9.87818623 21.89861679 255 29 0 0.728813
-15.81890106 9.87850285 21.84384155 255 8 0 0.750275
-15.92095184 7.37895250 21.75753784 255 8 0 0.750814
-16.00875854 9.87941074 21.68264008 255 26 0 0.732264
-16.08102417 9.87997818 21.58068848 255 65 0 0.692645
-16.13574219 7.38063812 21.45451736 255 125 0 0.633060
-16.17062378 7.38129854 21.33452415 255 200 0 0.556807
-16.13536072 9.88060093 21.46815491 255 125 0 0.633900
-16.17024231 9.88126087 21.34816170 255 200 0 0.557648
-16.18510437 7.38197756 21.21040344 216 255 0 0.465178
-16.18472290 9.88193989 21.22404099 216 255 0 0.466019
-16.15182495 7.38331938 20.96358109 0 253 1 0.246317
-15.70695496 7.37822437 21.88497925 255 29 0 0.727951
-15.81967163 4.87857723 21.81656456 255 8 0 0.748598
-15.81928253 7.37854004 21.83020210 255 8 0 0.749434
-15.92134094 4.87898970 21.74390030 255 8 0 0.749978
-16.00914001 7.37944889 21.66900063 255 26 0 0.731423
-16.08179474 4.88005352 21.55341148 255 68 0 0.690968
-16.08140564 7.38001633 21.56704903 255 65 0 0.691804
-16.18549347 4.88201475 21.19676590 216 255 0 0.464343
-16.17916870 4.88269520 21.07196236 112 255 0 0.359879
-16.17877960 7.38265800 21.08559990 112 255 0 0.360714
-16.10537720 4.88398123 20.83408928 0 130 124 0.124321
-16.08217621 2.38009048 21.53977203 255 68 0 0.690126
-16.00952911 4.87948608 21.65536308 255 26 0 0.730587
-16.13613129 4.88067532 21.44087791 255 125 0 0.632223
-16.17101288 4.88133574 21.32088661 255 203 0 0.555972
-16.17955017 2.38273168 21.05832291 112 255 0 0.359037
-16.10575867 2.38401818 20.82045174 0 130 124 0.123481
-16.15221405 4.88335657 20.94994164 0 253 1 0.245480
-21.08593750 19.91128731 16.00986481 0 139 115 0.131821
-21.08631897 17.41132355 15.99622631 0 136 118 0.131195
-21.44925690 7.41106033 16.02742195 216 255 0 0.465845
-21.44964600 4.91109753 16.01378441 216 255 0 0.465226
-21.57435608 2.41122246 15.98759079 255 203 0 0.554599
-21.80861664 -0.08823761 15.88834667 255 71 0 0.686867
-21.91168213 -0.08783627 15.81767654 255 29 0 0.728286
-22.00157928 -0.08734893 15.73087311 255 8 0 0.749551
-22.13232422 -0.08617244 15.51889420 255 29 0 0.729839
-22.13194275 2.41379046 15.53253269 255 26 0 0.730402
-22.16916656 2.41444683 15.41324043 255 68 0 0.689976
-22.18644714 -0.08483788 15.27578735 255 128 0 0.629918
-22.18606567 2.41512489 15.28942585 255 128 0 0.630477
-22.15797424 -0.08349243 15.02836323 213 255 0 0.461354
-22.18216705 2.41580582 15.16452408 255 203 0 0.553555
-22.11338806 -0.08286239 14.91162300 109 255 0 0.358812
-22.11300659 2.41710043 14.92526150 112 255 0 0.359315
-22.05003357 -0.08228447 14.80390549 0 253 1 0.245847
-21.96930695 2.41818810 14.72184086 0 133 121 0.126050
-21.96892548 4.91815138 14.73547935 0 133 121 0.126614
-21.96853638 7.41811419 14.74911785 0 133 121 0.127172
-22.04888153 7.41760445 14.84482098 0 253 1 0.247446
-22.11185455 9.91698837 14.96617699 112 255 0 0.361001
-22.15605927 12.41632175 15.09655571 216 255 0 0.464120
-22.17986298 17.41558075 15.24635410 255 200 0 0.557113
-22.16648102 19.91418648 15.50870991 255 62 0 0.694130
-22.16686249 17.41422272 15.49507141 255 65 0 0.693535
-22.12925720 19.91353035 15.62800217 255 23 0 0.734557
-21.90861511 19.91186714 15.92678356 255 23 0 0.733002
-21.90899658 17.41190147 15.91314507 255 26 0 0.732407
-21.69257355 17.41119576 16.03639412 255 125 0 0.632698
-21.57205200 17.41099739 16.06942177 255 200 0 0.558342
-21.44734192 19.91087341 16.09561539 219 255 0 0.468969
-21.44772339 17.41090965 16.08197594 219 255 0 0.468343
-21.32263947 19.91090012 16.08735275 118 255 0 0.365813
-21.32302094 17.41093636 16.07371521 118 255 0 0.365188
-21.20105743 19.91103935 16.05850410 4 255 0 0.252391
-22.15528870 17.41624641 15.12383270 216 255 0 0.465242
-22.15567780 14.91628456 15.11019421 216 255 0 0.464684
-22.11147308 12.41695118 14.97981548 112 255 0 0.361565
-22.04850006 9.91756630 14.85845947 0 253 1 0.248010
-22.04811859 12.41752911 14.87209797 1 255 0 0.248574
-21.96815491 9.91807556 14.76275635 0 133 121 0.127736
-22.11109161 14.91691399 14.99345398 115 255 0 0.362129
-21.96777344 12.41803837 14.77639484 0 133 121 0.128300
-22.11032104 19.91683960 15.02073002 115 255 0 0.363250
-22.11070251 17.41687584 15.00709152 115 255 0 0.362686
-22.04773712 14.91749191 14.88573647 1 255 0 0.249138
-22.04696655 19.91741753 14.91301346 1 255 0 0.250260
-22.04734802 17.41745377 14.89937496 1 255 0 0.249696
-21.96739197 14.91800117 14.79003334 0 136 118 0.128864
-21.96700287 17.41796494 14.80367184 0 136 118 0.129422
-21.69525909 -0.08854184 15.94092560 255 128 0 0.628370
-21.32494354 4.91112375 16.00552177 115 255 0 0.362070
-21.32455444 7.41108656 16.01916122 115 255 0 0.362690
-21.20297241 7.41122532 15.99031162 1 255 0 0.249267
-21.20259094 9.91118717 16.00395012 1 255 0 0.249893
-21.08708954 12.41139793 15.96894932 0 136 118 0.129949
-21.45002747 2.41113472 16.00014496 216 255 0 0.464599
-21.45040894 -0.08882805 15.98650742 216 255 0 0.464028
-21.20336151 4.91126251 15.97667313 1 255 0 0.248647
-21.08747101 9.91143513 15.95531082 0 136 118 0.129323
-21.32570648 -0.08880211 15.97824574 112 255 0 0.360888
-21.32532501 2.41116071 15.99188423 112 255 0 0.361444
-21.20374298 2.41129947 15.96303463 0 253 1 0.248021
-21.08785248 7.41147280 15.94167233 0 136 118 0.128698
-21.08862305 2.41154718 15.91439533 0 133 121 0.127452
-21.08824158 4.91150999 15.92803383 0 133 121 0.128078
-21.08670807 14.91136074 15.98258781 0 136 118 0.130575
-21.20143890 17.41107559 16.04486465 4 255 0 0.251764
-21.20182800 14.91111279 16.03122711 4 255 0 0.251145
-21.32341003 14.91097450 16.06007576 115 255 0 0.364567
-21.57244110 14.91103649 16.05578232 255 200 0 0.557722
-21.69296265 14.91123486 16.02275658 255 125 0 0.632079
-21.80593109 17.41150093 15.98381615 255 68 0 0.690986
-21.99889374 17.41238976 15.82634163 255 5 0 0.753673
-22.07312775 17.41294861 15.72581863 255 2 0 0.754197
-22.12963867 17.41356659 15.61436367 255 23 0 0.733962
-22.18376160 17.41490173 15.37125683 255 125 0 0.634037
-21.20220947 12.41114998 16.01758766 1 255 0 0.250518
-21.32417297 9.91104889 16.03279877 115 255 0 0.363315
-21.32379150 12.41101170 16.04643822 115 255 0 0.363942
-21.44887543 9.91102314 16.04106140 216 255 0 0.466471
-21.57358551 7.41114807 16.01486778 255 203 0 0.555845
-21.69449615 4.91138363 15.96820259 255 128 0 0.629582
-21.57397461 4.91118526 16.00122833 255 203 0 0.555224
-21.69487762 2.41142106 15.95456409 255 128 0 0.628956
-21.44849396 12.41098595 16.05469894 219 255 0 0.467097
-21.44811249 14.91094875 16.06833839 219 255 0 0.467723
-21.69334412 12.41127205 16.00911713 255 125 0 0.631453
-21.80632019 14.91153908 15.97017765 255 68 0 0.690397
-21.90938568 14.91194057 15.89950657 255 26 0 0.731818
-21.99966431 12.41246510 15.79906464 255 5 0 0.752489
-21.99928284 14.91242790 15.81270313 255 5 0 0.753084
-22.07351685 14.91298771 15.71218014 255 5 0 0.753608
-22.13002777 14.91360378 15.60072517 255 23 0 0.733373
-22.16725159 14.91425991 15.48143291 255 65 0 0.692946
-22.18453217 12.41497612 15.34397984 255 125 0 0.632852
-22.18415070 14.91493893 15.35761833 255 125 0 0.633448
-22.18063354 12.41565704 15.21907806 255 203 0 0.555930
-22.18025208 14.91561985 15.23271561 255 200 0 0.556524
-21.57320404 9.91111088 16.02850533 255 200 0 0.556470
-21.69410706 7.41134644 15.98184109 255 128 0 0.630202
-21.80823517 2.41172504 15.90198517 255 71 0 0.687426
-21.57282257 12.41107368 16.04214478 255 200 0 0.557096
-21.80708313 9.91161346 15.94290066 255 68 0 0.689206
-21.80670166 12.41157627 15.95653915 255 68 0 0.689801
-21.91014862 9.91201496 15.87222958 255 26 0 0.730627
-22.00004578 9.91250229 15.78542614 255 5 0 0.751893
-21.90976715 12.41197777 15.88586807 255 26 0 0.731222
-22.07389832 12.41302490 15.69854164 255 5 0 0.753012
-22.13040924 12.41364098 15.58708668 255 26 0 0.732778
-22.16801453 9.91433430 15.45415592 255 65 0 0.691755
-22.16763306 12.41429710 15.46779442 255 65 0 0.692351
-22.18491364 9.91501331 15.33034134 255 125 0 0.632257
-22.18101501 9.91569424 15.20543861 255 203 0 0.555334
-21.91091919 4.91208935 15.84495258 255 29 0 0.729442
-21.80785370 4.91168833 15.91562366 255 68 0 0.688021
-21.91130066 2.41212654 15.83131409 255 29 0 0.728847
-22.00119781 2.41261363 15.74451065 255 8 0 0.750113
-21.69372559 9.91130924 15.99547958 255 128 0 0.630827
-21.91053009 7.41205215 15.85859108 255 26 0 0.730031
-22.07466125 7.41309929 15.67126465 255 5 0 0.751822
-22.07427979 9.91306210 15.68490314 255 5 0 0.752417
-22.13079071 9.91367817 15.57344818 255 26 0 0.732182
-22.16839600 7.41437292 15.44051743 255 65 0 0.691160
-22.18529510 7.41505051 15.31670284 255 125 0 0.631662
-22.18139648 7.41573143 15.19180107 255 203 0 0.554739
-22.15644073 9.91635895 15.08291721 213 255 0 0.463556
-21.80746460 7.41165113 15.92926216 255 68 0 0.688610
-22.07543182 2.41317368 15.64398766 255 8 0 0.750637
-22.00081635 4.91257668 15.75815010 255 8 0 0.750709
-22.00042725 7.41253948 15.77178764 255 5 0 0.751298
-22.07505035 4.91313648 15.65762615 255 5 0 0.751232
-22.13156128 4.91375303 15.54617119 255 26 0 0.730998
-22.13117218 7.41371584 15.55980968 255 26 0 0.731587
-22.15721130 4.91643333 15.05564022 213 255 0 0.462434
-22.15682220 7.41639614 15.06927872 213 255 0 0.462992
-22.11262512 4.91706371 14.93889999 112 255 0 0.359879
-22.04927063 4.91764164 14.83118248 0 253 1 0.246888
-22.11223602 7.41702652 14.95253849 112 255 0 0.360437
-22.16878510 4.91441011 15.42687988 255 68 0 0.690571
-22.18568420 4.91508770 15.30306435 255 128 0 0.631072
-22.18178558 4.91576862 15.17816257 255 203 0 0.554150
-22.15759277 2.41647053 15.04200172 213 255 0 0.461870
-22.04965210 2.41767836 14.81754398 0 253 1 0.246324
-25.18991852 17.45231247 8.59796143 0 136 118 0.128866
-25.06853485 19.95242691 8.58038616 0 11 243 0.004936
-25.19068909 12.45238876 8.57068443 0 133 121 0.128214
-25.44051361 7.45249844 8.54396152 112 255 0 0.360959
-25.56204987 4.95272160 8.49964905 213 255 0 0.463305
-25.78121185 2.45344138 8.36699677 255 128 0 0.630535
-25.87316132 -0.04604355 8.26832104 255 68 0 0.689920
-26.00801086 -0.04488053 8.05892754 255 5 0 0.750954
-26.04716492 2.45573497 7.95402098 255 5 0 0.750908
-26.06647491 2.45641160 7.83055830 255 29 0 0.729839
-26.04282379 2.45776057 7.58262682 255 128 0 0.628962
-26.00090027 -0.04156729 7.45140171 255 203 0 0.554509
-25.93927002 2.45898056 7.35611057 216 255 0 0.464881
-25.86080933 2.45949888 7.25886154 115 255 0 0.361859
-25.76726532 2.45993662 7.17599154 1 255 0 0.248502
-25.66165161 -0.03968133 7.09616423 0 133 121 0.127773
-25.66127014 2.46028137 7.10980225 0 133 121 0.127992
-25.66049957 7.46020746 7.13707924 0 136 118 0.128501
-25.93735504 14.95879459 7.42430305 216 255 0 0.466165
-26.04051971 17.45753670 7.66445780 255 128 0 0.630496
-26.06232452 19.95683289 7.80107260 255 68 0 0.690646
-26.04447937 19.95547485 8.04948997 255 5 0 0.752951
-26.06417084 17.45618629 7.91238928 255 26 0 0.731588
-26.00494385 19.95482254 8.16803551 255 5 0 0.753283
-25.94665527 17.45424652 8.26473045 255 26 0 0.732567
-25.94627380 19.95421028 8.27836895 255 26 0 0.732861
-25.87009430 19.95365906 8.37742901 255 65 0 0.692248
-25.77852631 19.95318031 8.46246529 255 125 0 0.632578
-25.67410278 19.95279121 8.53111839 255 203 0 0.555499
-25.55974579 19.95249748 8.58148003 216 255 0 0.465267
-25.67448425 17.45282745 8.51747990 255 203 0 0.555205
-25.43859863 19.95231247 8.61215401 115 255 0 0.362599
-25.56012726 17.45253372 8.56784058 216 255 0 0.464937
-25.31404877 19.95223808 8.62228680 1 255 0 0.249534
-25.31443024 17.45227432 8.60864830 1 255 0 0.249204
-25.99821472 17.45817184 7.54687071 255 203 0 0.556292
-25.93696594 17.45875549 7.43794155 216 255 0 0.466416
-25.85927582 12.45935059 7.31341505 115 255 0 0.362884
-25.76611328 9.95982552 7.21690702 1 255 0 0.249269
-25.76573181 12.45978832 7.23054552 1 255 0 0.249527
-25.66011810 9.96016979 7.15071774 0 136 118 0.128759
-25.85889435 14.95931339 7.32705355 115 255 0 0.363142
-25.76535034 14.95975113 7.24418402 1 255 0 0.249786
-25.85850525 17.45927429 7.34069204 115 255 0 0.363393
-25.65935516 14.96009541 7.17799473 0 136 118 0.129276
-25.65973663 12.46013260 7.16435623 0 136 118 0.129017
-25.76496124 17.45971107 7.25782204 1 255 0 0.250036
-25.65896606 17.46005630 7.19163322 0 136 118 0.129526
-25.65858459 19.96002007 7.20527172 0 136 118 0.129785
-25.67678833 2.45305061 8.43564892 255 203 0 0.553456
-25.31558228 9.95238590 8.56773281 1 255 0 0.248223
-25.31596375 7.45242405 8.55409431 0 253 1 0.247894
-25.19107056 9.95242596 8.55704594 0 133 121 0.127885
-25.56243134 2.45275831 8.48601055 213 255 0 0.462975
-25.44090271 4.95253563 8.53032303 112 255 0 0.360637
-25.19145203 7.45246315 8.54340744 0 133 121 0.127556
-25.56281281 -0.04720434 8.47237206 213 255 0 0.462661
-25.44166565 -0.04739025 8.50304604 112 255 0 0.359998
-25.44128418 2.45257258 8.51668453 112 255 0 0.360308
-25.31635284 4.95246124 8.54045582 0 253 1 0.247572
-25.19184113 4.95250034 8.52976894 0 133 121 0.127233
-25.31673431 2.45249820 8.52681732 0 253 1 0.247243
-25.19222260 2.45253730 8.51613045 0 133 121 0.126904
-25.19030762 14.95235157 8.58432293 0 136 118 0.128544
-25.31481934 14.95231152 8.59500980 1 255 0 0.248882
-25.43898010 17.45234871 8.59851551 115 255 0 0.362270
-25.56051636 14.95257187 8.55420303 216 255 0 0.464615
-25.67487335 14.95286465 8.50384140 255 203 0 0.554918
-25.77890778 17.45321655 8.44882679 255 125 0 0.632284
-25.87086487 14.95373344 8.35015202 255 65 0 0.691667
-25.87047577 17.45369530 8.36379051 255 65 0 0.691954
-25.94704437 14.95428562 8.25109196 255 26 0 0.732280
-26.00532532 17.45485878 8.15439701 255 5 0 0.752989
-26.04524994 14.95554924 8.02221298 255 5 0 0.752371
-26.04486084 17.45551109 8.03585148 255 5 0 0.752657
-26.06455994 14.95622540 7.89875078 255 26 0 0.731301
-26.06270599 17.45686913 7.78743410 255 68 0 0.690352
-26.04090881 14.95757389 7.65081930 255 128 0 0.630245
-25.31520081 12.45234871 8.58137131 1 255 0 0.248553
-25.43975067 12.45242310 8.57123852 112 255 0 0.361618
-25.44013214 9.95246029 8.55760002 112 255 0 0.361289
-25.56127930 9.95264626 8.52692604 216 255 0 0.463956
-25.56166077 7.45268440 8.51328754 216 255 0 0.463627
-25.67601776 7.45297670 8.46292591 255 203 0 0.554037
-25.67640686 4.95301390 8.44928741 255 203 0 0.553750
-25.78083038 4.95340443 8.38063526 255 128 0 0.630829
-25.87277985 2.45391917 8.28195953 255 68 0 0.690205
-25.43936920 14.95238590 8.58487701 115 255 0 0.361947
-25.56089783 12.45260906 8.54056454 216 255 0 0.464286
-25.77929688 14.95325470 8.43518829 255 125 0 0.631997
-25.94742584 12.45432281 8.23745346 255 26 0 0.731986
-26.00571442 14.95489597 8.14075851 255 5 0 0.752702
-26.06494141 12.45626259 7.88511229 255 26 0 0.731007
-26.06309509 14.95690727 7.77379560 255 68 0 0.690066
-26.04129028 12.45761108 7.63718081 255 128 0 0.629987
-25.99898529 12.45824623 7.51959372 255 203 0 0.555783
-25.99860382 14.95820904 7.53323221 255 203 0 0.556041
-25.78044128 7.45336723 8.39427376 255 128 0 0.631116
-25.67525482 12.45290184 8.49020290 255 203 0 0.554624
-25.78005981 9.95332909 8.40791130 255 125 0 0.631409
-25.77967834 12.45329189 8.42155075 255 125 0 0.631704
-25.87162781 9.95380783 8.32287502 255 65 0 0.691079
-25.87124634 12.45377064 8.33651352 255 65 0 0.691373
-25.94780731 9.95436001 8.22381496 255 26 0 0.731692
-26.00647736 9.95497036 8.11348152 255 5 0 0.752115
-26.04601288 9.95562363 7.99493599 255 5 0 0.751783
-26.00609589 12.45493317 8.12712002 255 5 0 0.752409
-26.06532288 9.95629978 7.87147379 255 26 0 0.730713
-26.04563141 12.45558643 8.00857449 255 5 0 0.752077
-26.06385803 9.95698166 7.74651861 255 68 0 0.689478
-26.06347656 12.45694447 7.76015711 255 68 0 0.689772
-25.93773651 12.45883179 7.41066456 216 255 0 0.465907
-25.67563629 9.95293903 8.47656441 255 203 0 0.554331
-25.87200928 7.45384502 8.30923653 255 68 0 0.690785
-25.87239838 4.95388222 8.29559803 255 68 0 0.690499
-25.94895935 2.45447135 8.18289948 255 26 0 0.730817
-25.94818878 7.45439720 8.21017647 255 26 0 0.731398
-26.06570435 7.45633745 7.85783529 255 26 0 0.730419
-26.04205322 7.45768642 7.60990381 255 128 0 0.629471
-26.04167175 9.95764828 7.62354231 255 128 0 0.629729
-25.99936676 9.95828342 7.50595522 255 203 0 0.555524
-25.93811798 9.95886898 7.39702606 216 255 0 0.465649
-25.85965729 9.95938778 7.29977655 115 255 0 0.362626
-25.76649475 7.45986223 7.20326853 1 255 0 0.249011
-25.94857788 4.95443439 8.19653797 255 26 0 0.731111
-26.00762939 2.45508218 8.07256603 255 5 0 0.751240
-26.00685883 7.45500803 8.09984398 255 5 0 0.751821
-26.04678345 4.95569801 7.96765947 255 5 0 0.751202
-26.04639435 7.45566082 7.98129797 255 5 0 0.751489
-26.06423950 7.45701885 7.73288012 255 68 0 0.689184
-25.99974823 7.45832109 7.49231720 255 203 0 0.555266
-25.93888855 4.95894337 7.36974907 216 255 0 0.465139
-25.93849945 7.45890617 7.38338757 216 255 0 0.465390
-25.86003876 7.45942450 7.28613853 115 255 0 0.362368
-25.76688385 4.95989943 7.18963003 1 255 0 0.248760
-26.00724792 4.95504522 8.08620453 255 5 0 0.751534
-26.06609344 4.95637465 7.84419680 255 26 0 0.730133
-26.06462860 4.95705605 7.71924210 255 68 0 0.688897
-26.06501007 2.45709300 7.70560360 255 68 0 0.688603
-26.04244232 4.95772362 7.59626532 255 128 0 0.629220
-26.00051880 2.45839548 7.46504021 255 203 0 0.554757
-26.00013733 4.95835829 7.47867870 255 203 0 0.555015
-25.86042786 4.95946169 7.27250004 115 255 0 0.362117
-25.66088867 4.96024466 7.12344074 0 133 121 0.128250
-25.78466797 -0.03484114 6.21240282 0 11 243 0.004290
-25.99606323 -0.03020781 5.36904383 0 11 243 0.003885
-26.18011475 -0.02554382 4.51929808 0 11 243 0.003415
-26.33355713 19.97884750 3.77315879 0 11 243 0.003240
-26.63941193 -0.00667906 1.07425010 0 8 246 0.000796
-26.63634491 19.99302292 1.18335772 0 8 246 0.000601
-26.68441010 -0.00193526 0.20596604 0 8 246 0.000962
-22.35977173 -0.07733687 13.90570736 0 14 240 0.006213
-23.25907898 -0.06908102 12.41766834 0 11 243 0.005503
-22.81837463 19.92645645 13.27805901 0 11 243 0.004185
-23.25601196 19.93062210 12.52677536 0 11 243 0.003271
-23.66914368 19.93485641 11.76175022 0 11 243 0.003140
-24.06043243 -0.06054039 10.87467289 0 11 243 0.004826
-24.05736542 19.93916321 10.98378086 0 11 243 0.003738
-24.42330933 -0.05617437 10.08457184 0 11 243 0.004589
-24.75742340 19.94795227 9.39226913 0 11 243 0.004633
-17.38880157 19.89050674 19.71521378 0 14 240 0.006044
-17.39186859 -0.10919700 19.60610580 0 17 237 0.008742
-18.04023743 -0.10593734 19.02682686 0 14 240 0.008486
-18.66650391 19.89713287 18.53601646 0 14 240 0.006907
-19.27919006 -0.09909251 17.80697823 0 14 240 0.008063
-19.27612305 19.90060997 17.91608620 0 14 240 0.007192
-19.86540985 19.90418816 17.27679062 0 14 240 0.007388
-20.43373871 19.90786362 16.61879539 0 14 240 0.007485
-8.61254883 19.86151314 24.78266144 0 14 240 0.008050
-11.03446198 -0.13250500 23.69982147 0 17 237 0.010725
-10.23574066 19.86516190 24.15950012 0 17 237 0.008730
-11.03139496 19.86719704 23.80892944 0 17 237 0.008923
-11.81530762 19.86936951 23.43284416 0 17 237 0.009017
-12.58972931 -0.12802601 22.92252922 0 17 237 0.010409
-12.58666229 19.87167740 23.03163719 0 17 237 0.009013
-14.09157562 -0.12301629 22.04644585 0 17 237 0.010007
-14.08850861 19.87668610 22.15555382 0 17 237 0.008717
-0.32308197 19.85214424 26.26696205 0 17 237 0.009545
-2.06246185 -0.14679366 26.06677628 0 20 234 0.011926
-2.05939484 19.85290718 26.17588425 0 17 237 0.009662
-2.92443848 19.85351944 26.08833694 0 17 237 0.009573
-3.78620148 19.85428047 25.97289848 0 17 237 0.009389
-4.64685822 -0.14450869 25.72057724 0 17 237 0.011690
-5.49936676 -0.14344598 25.54974174 0 17 237 0.011584
-6.34591675 -0.14223443 25.35145950 0 17 237 0.011473
-6.34284973 19.85746765 25.46056747 0 14 240 0.008235
7.18019104 -0.14373592 25.24648094 0 20 234 0.011743
6.33681488 -0.14475986 25.45787811 0 20 234 0.011804
5.48705292 -0.14563361 25.64192390 0 20 234 0.011862
2.90834045 -0.14734545 26.02819633 0 20 234 0.011971
2.91140747 19.85235596 26.13730431 0 14 240 0.006742
2.04195404 -0.14761095 26.10121346 0 20 234 0.011984
2.04502106 19.85209274 26.21032143 0 14 240 0.005982
14.87360382 -0.12623158 21.82164001 0 17 237 0.010418
14.87667084 19.87347031 21.93074608 0 14 240 0.006712
14.13684082 -0.12863718 22.28330040 0 17 237 0.010602
12.62050629 -0.13304594 23.13405991 0 17 237 0.010936
13.38861084 19.86879349 22.83003616 0 11 243 0.005510
11.84252167 -0.13504449 23.52226830 0 17 237 0.011086
11.84558868 19.86465836 23.63137436 0 14 240 0.006237
10.25405884 19.86108208 24.33142281 0 14 240 0.007659
21.67142487 19.90690231 15.61175442 0 11 243 0.003454
20.57408905 -0.10000386 16.85379601 0 14 240 0.008397
21.13520050 19.90324974 16.29616737 0 11 243 0.004398
20.57715607 19.89969826 16.96290398 0 11 243 0.005249
18.13562775 -0.11314076 19.33036613 0 17 237 0.009465
25.64469147 19.94679832 8.18678665 0 11 243 0.004345
24.66788483 -0.06594952 10.49647903 0 14 240 0.006076
23.89057159 -0.07431491 12.05172634 0 14 240 0.006727
23.46770477 19.92131805 12.91882038 0 14 240 0.006746
27.09442902 -0.01264383 0.65720659 0 11 243 0.003579
26.94731903 -0.02207252 2.38964391 0 11 243 0.003763
26.95038605 19.97762871 2.49875164 0 11 243 0.004463
26.83188629 -0.02675607 3.25139523 0 11 243 0.003816
26.83495331 19.97294617 3.36050296 0 11 243 0.004505
26.69173431 19.96828842 4.21807623 0 11 243 0.004441
26.31955719 -0.04062501 5.80800724 0 11 243 0.004013
26.52089691 19.96366501 5.07057619 0 11 243 0.004290
26.21764374 20.03288460 -7.60878801 0 11 243 0.002899
26.21457672 0.03318115 -7.71789551 0 11 243 0.003757
26.42597198 0.02854783 -6.87453651 0 11 243 0.003336
26.42903900 20.02825165 -6.76542902 0 8 246 0.002546
26.76654816 0.01919407 -5.16954374 0 8 246 0.002244
26.89531708 0.01448341 -4.30968761 0 8 246 0.001516
26.89838409 20.01418495 -4.20058012 0 8 246 0.001109
26.99629974 0.00975677 -3.44612002 0 8 246 0.000751
23.25441742 20.07128906 -14.56533527 0 11 243 0.005175
23.69207001 20.06712341 -13.81405163 0 11 243 0.004841
24.49033356 0.05888041 -12.38016510 0 8 246 0.001936
24.85628510 20.05421638 -11.48095512 0 11 243 0.003807
25.19347382 20.04979324 -10.67954540 0 11 243 0.003455
25.19040680 0.05009062 -10.78865242 0 11 243 0.003007
25.50458527 20.04531670 -9.86766243 0 11 243 0.003191
17.82483673 20.10723877 -21.00248909 0 14 240 0.008081
18.47014618 0.10427736 -20.53231812 0 11 243 0.003999
18.47321320 20.10397911 -20.42321014 0 14 240 0.007815
19.10254669 20.10061073 -19.82329369 0 14 240 0.007543
19.70909882 0.09743253 -19.31246948 0 11 243 0.004781
20.29836273 0.09385451 -18.67317390 0 11 243 0.005017
20.30142975 20.09355736 -18.56406593 0 14 240 0.006971
20.86669159 0.09017770 -18.01518059 0 11 243 0.005177
9.86215210 0.13477460 -25.88057518 0 11 243 0.005549
9.04859924 20.13623047 -26.06993675 0 17 237 0.010468
10.67178345 20.13258171 -25.44677544 0 17 237 0.010163
11.46436310 0.13084504 -25.20531273 0 14 240 0.006067
11.46743011 20.13054657 -25.09620667 0 17 237 0.009993
12.25135040 20.12837601 -24.72011948 0 17 237 0.009814
13.77763367 0.12392626 -24.00210762 0 14 240 0.006142
13.78070068 20.12362862 -23.89299965 0 17 237 0.009422
14.52147675 0.12135630 -23.55193710 0 14 240 0.005978
1.62801361 20.14529419 -27.52272224 0 17 237 0.011263
2.49543762 20.14483643 -27.46315956 0 17 237 0.011217
3.35740662 0.14452344 -27.48472023 0 14 240 0.006652
5.07675934 0.14284873 -27.22606850 0 14 240 0.006174
-7.58331299 20.14060402 -26.40434074 0 17 237 0.010982
-6.75027466 0.14207594 -26.75197220 0 14 240 0.006439
-4.19881439 20.14439964 -27.19481468 0 17 237 0.011251
-2.47843170 0.14568549 -27.53368759 0 11 243 0.003930
-1.61204529 0.14595099 -27.60670662 0 11 243 0.003145
-0.74375153 0.14606333 -27.65170479 0 11 243 0.003493
-14.44063568 20.12427521 -23.21802330 0 17 237 0.009757
-13.70386505 20.12667847 -23.67968369 0 17 237 0.009939
-12.95563507 0.12924945 -24.22641945 0 11 243 0.003258
-12.18753052 20.13108826 -24.53044319 0 17 237 0.010276
-10.61943817 20.13494492 -25.28152847 0 17 237 0.010564
-9.81801605 20.13666153 -25.61870003 0 17 237 0.010692
-20.70223236 0.09479209 -17.69255257 0 11 243 0.003086
-20.14112091 20.09804726 -18.25017929 0 14 240 0.007736
-19.56489563 0.10179217 -19.00765419 0 11 243 0.004514
-19.56182861 20.10149574 -18.89854622 0 14 240 0.008004
-18.34503174 0.10836405 -20.24658394 0 11 243 0.005573
-18.34196472 20.10806656 -20.13747787 0 14 240 0.008513
-17.70265961 20.11118317 -20.72674942 0 17 237 0.008752
-17.04465485 20.11418343 -21.29506874 0 17 237 0.008984
-24.91324615 0.05565242 -10.39978409 0 11 243 0.004522
-25.20865631 20.05094528 -9.47406292 0 11 243 0.004133
-24.58854675 0.06000271 -11.20633125 0 11 243 0.004963
-24.23490143 20.06399155 -11.89286327 0 11 243 0.005248
-24.23796844 0.06428954 -12.00197124 0 11 243 0.005313
-23.86187744 0.06850841 -12.78587246 0 11 243 0.005572
-23.46066284 0.07265493 -13.55721760 0 14 240 0.005737
-23.45759583 20.07235718 -13.44811058 0 14 240 0.005864
-23.03167725 20.07642746 -14.20609665 0 14 240 0.006143
-22.58456421 0.08071370 -15.05903721 0 14 240 0.005784
-22.58149719 20.08041573 -14.94992924 0 14 240 0.006411
-26.25569153 20.02945518 -5.50535345 0 11 243 0.003382
-26.40197754 0.02509609 -4.75688791 0 11 243 0.004637
-26.51741028 0.02041254 -3.89513612 0 11 243 0.004695
-26.51434326 20.02011490 -3.78602839 0 11 243 0.003609
-26.60189819 20.01540756 -2.92099786 0 11 243 0.003712
-26.66452789 0.01098385 -2.16269875 0 11 243 0.004556
-26.80683899 14.99790287 0.28008974 0 130 124 0.125120
-27.15075684 7.49884748 0.09613208 216 255 0 0.464553
-27.15114594 4.99888468 0.08249365 216 255 0 0.464596
-27.32282257 2.49993420 -0.11194138 255 125 0 0.632786
-27.24473572 2.49939013 -0.01438285 255 200 0 0.556391
-27.38401794 0.00057633 -0.23475038 255 65 0 0.691745
-27.38363647 2.50053930 -0.22111194 255 65 0 0.691710
-27.42547607 2.50118804 -0.33886367 255 26 0 0.731515
-27.42585754 0.00122514 -0.35250211 255 26 0 0.731550
-27.44756317 0.00189984 -0.47556597 255 5 0 0.751132
-27.44718170 2.50186253 -0.46192753 255 5 0 0.751097
-27.44815826 2.50254440 -0.58688712 255 8 0 0.749921
-27.42835999 2.50321460 -0.71027309 255 29 0 0.728000
-27.32962799 0.00448310 -0.95239979 255 125 0 0.632062
-27.32924652 2.50444603 -0.93876129 255 125 0 0.631990
-27.25305176 0.00501013 -1.05115867 255 200 0 0.557168
-27.25267029 2.50497293 -1.03752029 255 200 0 0.557096
-27.16115570 0.00545798 -1.13583338 219 255 0 0.466717
-27.05608368 2.50577712 -1.19043481 115 255 0 0.363124
-27.05646515 0.00581421 -1.20407319 115 255 0 0.363196
-26.82064056 0.00621506 -1.28417885 0 136 118 0.128761
-26.94036865 10.00592041 -1.19942975 1 255 0 0.249199
-26.94075012 7.50595760 -1.21306813 1 255 0 0.249271
-27.05493164 10.00566483 -1.14951932 115 255 0 0.362901
-27.05455017 12.50562763 -1.13588083 115 255 0 0.362829
-27.15885925 15.00523376 -1.05400264 216 255 0 0.466278
-27.25075531 15.00478649 -0.96932787 255 200 0 0.556728
-27.32694244 17.50422287 -0.85693055 255 125 0 0.631543
-27.32656097 20.00418663 -0.84329206 255 125 0 0.631471
-27.38604736 17.50362968 -0.74682933 255 68 0 0.688777
-27.42567444 20.00295258 -0.61480385 255 29 0 0.727740
-27.44547272 20.00228500 -0.49141788 255 8 0 0.749661
-27.44449615 20.00160217 -0.36645836 255 8 0 0.750837
-27.44487762 17.50163841 -0.38009685 255 5 0 0.750872
-27.42279053 20.00092697 -0.24339445 255 26 0 0.731255
-27.38133240 17.50031471 -0.13928120 255 65 0 0.691485
-27.38095093 20.00027847 -0.12564270 255 65 0 0.691450
-27.14884186 19.99866104 0.16432439 216 255 0 0.464370
-27.14922333 17.49869728 0.15068589 216 255 0 0.464405
-27.04349518 17.49831772 0.21729253 112 255 0 0.359840
-26.92816925 17.49803734 0.26541871 0 253 1 0.245361
-26.80644989 17.49786377 0.29372817 0 130 124 0.125114
-27.25036621 17.50474930 -0.95568949 255 200 0 0.556649
-26.93998718 12.50588322 -1.18579125 1 255 0 0.249127
-26.81910706 10.00606632 -1.22962511 0 136 118 0.128466
-26.81948853 7.50610352 -1.24326360 0 136 118 0.128538
-27.15847015 17.50519753 -1.04036415 216 255 0 0.466199
-27.05416870 15.00559044 -1.12224245 115 255 0 0.362757
-27.15808868 20.00516129 -1.02672565 216 255 0 0.466127
-27.05377960 17.50555420 -1.10860407 115 255 0 0.362678
-27.05339813 20.00551796 -1.09496558 115 255 0 0.362606
-26.93960571 15.00584602 -1.17215288 1 255 0 0.249055
-26.81872559 12.50602913 -1.21598661 0 133 121 0.128394
-26.93921661 17.50580788 -1.15851438 1 255 0 0.248976
-26.81834412 15.00599194 -1.20234811 0 133 121 0.128322
-26.81757355 20.00591850 -1.17507124 0 133 121 0.128171
-26.81795502 17.50595474 -1.18870974 0 133 121 0.128242
-26.92970276 7.49818802 0.21086489 0 253 1 0.245508
-27.04502869 7.49846792 0.16273873 112 255 0 0.359988
-26.92932129 9.99814987 0.22450332 0 253 1 0.245473
-26.80760193 9.99797726 0.25281280 0 130 124 0.125116
-26.80722046 12.49794006 0.26645130 0 130 124 0.125118
-27.15152740 2.49892163 0.06885515 216 255 0 0.464631
-27.04541779 4.99850512 0.14910029 112 255 0 0.360031
-26.93009186 4.99822521 0.19722645 0 253 1 0.245551
-27.04579926 2.49854207 0.13546179 112 255 0 0.360066
-26.80837250 4.99805164 0.22553591 0 130 124 0.125120
-26.80798340 7.49801445 0.23917435 0 130 124 0.125114
-27.04618073 -0.00142075 0.12182336 112 255 0 0.360101
-26.93085480 -0.00170099 0.16994952 0 253 1 0.245621
-26.93047333 2.49826169 0.18358795 0 253 1 0.245586
-26.80875397 2.49808884 0.21189742 0 130 124 0.125118
-26.80913544 -0.00187409 0.19825898 0 130 124 0.125116
-27.04388428 14.99835587 0.20365410 112 255 0 0.359883
-27.24282074 14.99920368 0.05380945 255 203 0 0.556209
-27.24243164 17.49916458 0.06744789 255 203 0 0.556166
-27.32051849 17.49971008 -0.03011064 255 125 0 0.632561
-27.42317200 17.50096321 -0.25703293 255 26 0 0.731290
-27.44624329 15.00235748 -0.51869482 255 8 0 0.749739
-27.44585419 17.50232124 -0.50505638 255 8 0 0.749696
-27.42644501 15.00302887 -0.64208078 255 29 0 0.727818
-27.42605591 17.50298882 -0.62844235 255 29 0 0.727775
-27.38643646 15.00366783 -0.76046783 255 68 0 0.688856
-26.92893982 12.49811268 0.23814182 0 253 1 0.245438
-26.92855835 14.99807549 0.25178027 0 253 1 0.245403
-27.04464722 9.99843025 0.17637716 112 255 0 0.359953
-27.15037537 9.99880981 0.10977052 216 255 0 0.464518
-27.24435425 4.99935293 -0.00074436 255 200 0 0.556356
-27.04426575 12.49839306 0.19001566 112 255 0 0.359918
-27.24320221 12.49924088 0.04017101 255 203 0 0.556244
-27.14961243 14.99873543 0.13704745 216 255 0 0.464448
-27.32090759 14.99974823 -0.04374908 255 125 0 0.632603
-27.38210297 12.50039005 -0.16655807 255 65 0 0.691562
-27.38172150 15.00035286 -0.15291964 255 65 0 0.691527
-27.42394257 12.50103855 -0.28430980 255 26 0 0.731367
-27.44564819 12.50171375 -0.40737367 255 5 0 0.750950
-27.42356110 15.00100136 -0.27067137 255 26 0 0.731332
-27.44526672 15.00167656 -0.39373529 255 5 0 0.750915
-27.42682648 12.50306606 -0.65571922 255 29 0 0.727853
-27.38681793 12.50370502 -0.77410620 255 68 0 0.688928
-27.32771301 12.50429630 -0.88420743 255 125 0 0.631695
-27.32733154 15.00425911 -0.87056905 255 125 0 0.631623
-27.15924072 12.50527096 -1.06764114 216 255 0 0.466350
-27.14999390 12.49877262 0.12340902 216 255 0 0.464483
-27.24396515 7.49931574 0.01289408 255 203 0 0.556314
-27.32244110 4.99989700 -0.09830289 255 125 0 0.632751
-27.32128906 12.49978542 -0.05738752 255 125 0 0.632638
-27.44602966 10.00175095 -0.42101216 255 5 0 0.750985
-27.44700623 10.00243187 -0.54597175 255 8 0 0.749809
-27.44662476 12.50239468 -0.53233325 255 8 0 0.749774
-27.42720795 10.00310326 -0.66935772 255 29 0 0.727888
-27.38719940 10.00374222 -0.78774470 255 68 0 0.689000
-27.32809448 10.00433350 -0.89784592 255 125 0 0.631767
-27.25113678 12.50482368 -0.98296624 255 200 0 0.556800
-27.24358368 9.99927807 0.02653252 255 203 0 0.556279
-27.32167053 9.99982262 -0.07102601 255 125 0 0.632673
-27.32205200 7.49985981 -0.08466445 255 125 0 0.632708
-27.38325500 5.00050211 -0.20747344 255 65 0 0.691675
-27.42509460 5.00115108 -0.32522517 255 26 0 0.731480
-27.38248444 10.00042725 -0.18019657 255 65 0 0.691597
-27.42432404 10.00107574 -0.29794830 255 26 0 0.731402
-27.38758087 7.50377989 -0.80138320 255 68 0 0.689072
-27.25151825 10.00486088 -0.99660474 255 200 0 0.556872
-27.15962219 10.00530815 -1.08127964 216 255 0 0.466422
-27.05531311 7.50570250 -1.16315782 115 255 0 0.362973
-27.38286591 7.50046492 -0.19383501 255 65 0 0.691633
-27.42470551 7.50111389 -0.31158674 255 26 0 0.731437
-27.44641113 7.50178862 -0.43465060 255 5 0 0.751020
-27.44738770 7.50247049 -0.55961019 255 8 0 0.749844
-27.42797852 5.00317764 -0.69663459 255 29 0 0.727965
-27.42758942 7.50314045 -0.68299615 255 29 0 0.727923
-27.32847595 7.50437164 -0.91148442 255 125 0 0.631839
-27.25189972 7.50489855 -1.01024330 255 200 0 0.556944
-27.16000366 7.50534678 -1.09491801 216 255 0 0.466494
-26.81987762 5.00614071 -1.25690198 0 136 118 0.128617
-27.44777679 5.00250769 -0.57324862 255 8 0 0.749886
-27.44680023 5.00182581 -0.44828904 255 5 0 0.751062
-27.38835144 2.50385427 -0.82866007 255 68 0 0.689224
-27.38796997 5.00381708 -0.81502157 255 68 0 0.689152
-27.32886505 5.00440884 -0.92512280 255 125 0 0.631918
-27.25228882 5.00493574 -1.02388179 255 200 0 0.557024
-27.16077423 2.50542092 -1.12219489 219 255 0 0.466645
-27.16039276 5.00538397 -1.10855639 219 255 0 0.466574
-27.05570221 5.00573969 -1.17679632 115 255 0 0.363053
-26.94152069 2.50603175 -1.24034512 1 255 0 0.249422
-26.94113922 5.00599480 -1.22670662 1 255 0 0.249350
-26.82025909 2.50617790 -1.27054048 0 136 118 0.128689
-24.69161987 0.00681426 -1.45385849 0 5 249 -0.000528
-24.57713318 0.01653534 -3.23897529 0 5 249 -0.001297
-24.46882629 20.02106857 -4.01819372 0 8 246 0.001678
-24.16310120 20.03063583 -5.78065729 0 8 246 0.002432
-24.33485413 0.02616692 -5.01127768 0 5 249 -0.002059
-23.96605682 0.03565935 -6.76163149 0 5 249 -0.002807
-23.46955109 20.04466629 -8.37190533 0 11 243 0.003539
-23.17685699 20.04923248 -9.21720695 0 11 243 0.003920
-22.85401154 20.05373383 -10.05145645 0 11 243 0.004319
-22.50143433 20.05816460 -10.87357903 0 11 243 0.004729
-22.11956787 20.06252098 -11.68251705 0 11 243 0.005150
-21.71199036 0.06709015 -12.58633327 0 5 249 -0.002599
-21.26999664 20.07097816 -13.25668144 0 14 240 0.005994
-20.80338287 20.07506943 -14.01987934 0 14 240 0.006416
-20.80644989 0.07536718 -14.12898731 0 5 249 -0.002427
-20.30966187 20.07906342 -14.76583672 0 14 240 0.006841
-19.78949738 20.08295250 -15.49359131 0 14 240 0.007258
-18.67249298 20.09040451 -16.89076233 0 14 240 0.007957
-18.67556000 0.09070241 -16.99987030 0 5 249 -0.002524
-18.08016205 0.09425328 -17.66749001 0 5 249 -0.002758
-16.81636047 20.10068512 -18.82737541 0 14 240 0.008649
-16.81942749 0.10098289 -18.93648338 0 5 249 -0.003206
-16.15571594 0.10415300 -19.53622627 0 2 252 -0.003423
-16.15264893 20.10385513 -19.42711830 0 17 237 0.008864
-15.46782684 20.10688972 -20.00264740 0 17 237 0.009071
-13.29573059 20.11514473 -21.57672119 0 17 237 0.009630
-13.29879761 0.11544197 -21.68582726 0 2 252 -0.004202
-11.76208496 0.12020134 -22.60142708 0 2 252 -0.004549
-10.16362762 0.12433689 -23.40441513 0 2 252 -0.004859
-9.34382629 0.12616396 -23.76236343 0 2 252 -0.005008
-8.50862885 20.12752914 -23.98154831 0 17 237 0.010437
-6.81170654 20.13035774 -24.54749870 0 17 237 0.010609
-5.94909668 20.13151741 -24.78443146 0 17 237 0.010673
-4.20117188 20.13332367 -25.16468239 0 17 237 0.010764
-1.53942871 20.13473320 -25.49764824 0 17 237 0.010796
-1.54249573 0.13502966 -25.60675621 0 2 252 -0.005977
-0.64611816 20.13485146 -25.54471588 0 17 237 0.010777
-0.64918518 0.13514945 -25.65382385 0 2 252 -0.006045
0.24830627 20.13479614 -25.55968857 0 17 237 0.010747
1.14269257 20.13456535 -25.54254341 0 17 237 0.010703
2.03588867 20.13416100 -25.49330521 0 17 237 0.010646
3.81409454 20.13282585 -25.29884338 0 17 237 0.010487
4.69375610 0.13219789 -25.26297951 0 0 255 -0.006295
5.57070160 0.13110016 -25.08641434 0 0 255 -0.006307
6.44382477 20.12953377 -24.76937866 0 17 237 0.010148
8.15872955 20.12649536 -24.26053429 0 17 237 0.009858
7.30278015 0.12839620 -24.63945961 0 0 255 -0.006318
8.15566254 0.12679344 -24.36964035 0 0 255 -0.006306
9.00138092 20.12472916 -23.96027756 0 17 237 0.009695
8.99831390 0.12502618 -24.06938553 0 0 255 -0.006294
9.82964325 0.12309671 -23.73907471 0 0 255 -0.006271
10.64857483 0.12100749 -23.37913704 0 2 252 -0.006240
13.02363586 20.11351204 -22.01726723 0 14 240 0.008693
14.52412415 20.10796928 -21.04344559 0 14 240 0.008216
15.24413300 0.10528249 -20.62588120 0 2 252 -0.005920
16.63431549 20.09860992 -19.38729095 0 14 240 0.007423
16.63124847 0.09890793 -19.49639893 0 2 252 -0.005761
17.29655457 20.09522820 -18.78593826 0 14 240 0.007143
17.93373871 0.09201931 -18.27030945 0 2 252 -0.005570
19.14798737 20.08435440 -16.84482193 0 14 240 0.006254
19.71733856 20.08050346 -16.15487671 0 14 240 0.005943
20.25852203 0.07684435 -15.55404854 0 2 252 -0.005127
20.77690887 0.07278773 -14.82503223 0 2 252 -0.004989
21.73665619 20.06409836 -13.20444012 0 11 243 0.004622
21.73358917 0.06439519 -13.31354809 0 2 252 -0.004624
22.17060089 0.06007008 -12.53302860 0 2 252 -0.004277
22.58238983 20.05536842 -11.62821674 0 11 243 0.003921
22.57932281 0.05566646 -11.73732471 0 2 252 -0.003924
22.95920563 0.05119003 -10.92746067 0 2 252 -0.003565
23.30979156 0.04664654 -10.10448360 0 5 249 -0.003201
23.63060760 0.04204187 -9.26945305 0 5 249 -0.002833
23.92122650 0.03738192 -8.42344284 0 5 249 -0.002461
23.92429352 20.03708458 -8.31433582 0 8 246 0.002459
24.18437958 20.03237534 -7.45843983 0 8 246 0.002082
24.41355133 20.02762222 -6.59376001 0 8 246 0.001702
24.61156464 20.02283287 -5.72141027 0 8 246 0.001320
24.77506256 0.01831061 -4.95162344 0 5 249 -0.000940
25.01300812 0.00860220 -3.17873693 0 8 246 -0.000168
25.01607513 20.00830269 -3.06962943 0 8 246 0.000163
25.08411407 0.00372663 -2.28703117 0 8 246 0.000219
25.12316132 -0.00115482 -1.39334738 0 8 246 0.000606
25.10799408 19.98879242 0.50445187 0 5 249 -0.001382
25.13008881 -0.00603585 -0.49883795 0 8 246 0.000993
25.10492706 -0.01091016 0.39534420 0 8 246 0.001380
24.50299835 19.96474075 4.93021154 0 5 249 -0.003044
24.49993134 -0.03496196 4.82110405 0 11 243 0.003280
24.28725433 19.96003723 5.79834461 0 5 249 -0.003104
24.28418732 -0.03966495 5.68923712 0 11 243 0.003651
24.04050446 19.95538521 6.65817451 0 5 249 -0.003174
23.76303864 19.95078659 7.50859356 0 5 249 -0.003232
23.75997162 -0.04891476 7.39948606 0 11 243 0.004379
23.11745453 19.94178391 9.17682362 0 2 252 -0.003319
22.35384369 19.93307877 10.79443836 0 2 252 -0.003381
21.92594147 -0.07085391 11.47253895 0 14 240 0.006196
21.47309113 -0.07499309 12.24399090 0 14 240 0.006562
20.48888397 19.91672325 13.84477234 0 2 252 -0.003427
20.48581696 -0.08297947 13.73566437 0 14 240 0.007284
18.20655060 19.90205956 16.59679031 0 2 252 -0.004483
18.81076813 -0.09415287 15.83085918 0 14 240 0.008171
17.57608032 19.89869499 17.23138809 0 2 252 -0.004790
16.92324066 19.89545822 17.84294891 0 2 252 -0.005095
16.24887085 19.89235306 18.43068123 0 2 252 -0.005391
15.55382538 19.88938904 18.99382591 0 2 252 -0.005667
16.24580383 -0.10734753 18.32157326 0 17 237 0.009077
14.83901978 19.88656425 19.53165817 0 2 252 -0.005938
14.83595276 -0.11313768 19.42255020 0 17 237 0.009483
14.10230255 -0.11581745 19.93437958 0 17 237 0.009671
11.80091095 19.87674904 21.41651917 0 0 255 -0.006925
11.79784393 -0.12295458 21.30741119 0 17 237 0.010175
11.00155640 19.87467957 21.81807899 0 0 255 -0.007146
10.99848938 -0.12502269 21.70897102 0 17 237 0.010321
10.18524933 -0.12693073 22.08157730 0 17 237 0.010456
8.52431488 19.86944580 22.84715843 0 0 255 -0.007743
8.52124786 -0.13025692 22.73805237 0 17 237 0.010689
7.67265320 -0.13167082 23.02107430 0 17 237 0.010788
7.67572021 19.86803055 23.13018227 0 0 255 -0.007923
6.81444550 -0.13291605 23.27345276 0 17 237 0.010874
5.95079803 19.86571121 23.60396957 0 0 255 -0.008246
5.07669067 19.86480713 23.79412460 0 0 255 -0.008391
3.31082916 19.86352158 24.07973480 0 0 255 -0.008644
3.30776215 -0.13618171 23.97062683 0 17 237 0.011090
2.42134094 19.86313820 24.17481995 0 0 255 -0.008754
1.52902985 19.86293221 24.23791695 0 0 255 -0.008857
0.63500977 19.86289978 24.26893997 0 0 255 -0.008943
1.52596283 -0.13677144 24.12880898 0 17 237 0.011119
-0.25953674 19.86304283 24.26785278 0 0 255 -0.009018
-0.26260376 -0.13666049 24.15874481 0 17 237 0.011092
-2.04563141 19.86385345 24.16939354 0 0 255 -0.009137
-2.93488312 19.86451912 24.07214737 0 0 255 -0.009179
-3.82006836 19.86536026 23.94304466 0 0 255 -0.009211
-4.70005035 19.86637115 23.78225136 0 0 255 -0.009232
-3.82313538 -0.13434251 23.83393669 0 17 237 0.010873
-4.70311737 -0.13333035 23.67314339 0 17 237 0.010783
-5.57368469 19.86755562 23.58996964 0 0 255 -0.009238
-6.43986511 19.86890602 23.36645699 0 0 255 -0.009239
-6.44293213 -0.13079521 23.25734901 0 17 237 0.010565
-7.30051422 -0.12927549 23.00288582 0 17 237 0.010436
-8.14536285 19.87211227 22.82691193 0 0 255 -0.009198
-8.14842987 -0.12759021 22.71780396 0 17 237 0.010294
-10.62009430 19.87813950 21.79181480 0 0 255 -0.009057
-10.62316132 -0.12156378 21.68270683 0 17 237 0.009791
-11.42153931 -0.11924008 21.27920723 0 17 237 0.009599
-13.71958160 19.88833618 20.00968742 0 0 255 -0.008722
-14.45198822 19.89125061 19.49608040 0 0 255 -0.008617
-14.45505524 -0.10845188 19.38697243 0 14 240 0.008713
-15.16854095 -0.10539886 18.84740067 0 14 240 0.008464
-15.16547394 19.89430428 18.95650864 0 0 255 -0.008465
-15.85914612 19.89749146 18.39167976 0 0 255 -0.008206
-16.53515625 -0.09889260 17.69320107 0 14 240 0.007934
-16.53208923 19.90081024 17.80230904 0 0 255 -0.007936
-17.18344879 19.90425301 17.18916512 0 0 255 -0.007658
-17.81237030 19.90782166 16.55303764 0 0 255 -0.007367
-17.81543732 -0.09188091 16.44392967 0 14 240 0.007365
-19.55660248 19.91920662 14.51507568 0 0 255 -0.006449
-20.08801270 19.92321396 13.79548264 0 2 252 -0.006125
-20.59323883 19.92731857 13.05727863 0 2 252 -0.005794
-20.59630585 -0.07238349 12.94817066 0 14 240 0.005792
-21.52261353 19.93579865 11.52886581 0 2 252 -0.005114
-22.34298706 -0.05509697 9.82860565 0 11 243 0.004404
-22.70829010 -0.05058628 9.01205444 0 11 243 0.004042
-23.04097748 19.95368958 8.29202461 0 2 252 -0.003679
-23.04404449 -0.04601147 8.18291664 0 11 243 0.003676
-23.34981537 -0.04137841 7.34225988 0 11 243 0.003306
-23.34674835 19.95832443 7.45136738 0 2 252 -0.003307
-23.86988068 -0.03196155 5.63074350 0 8 246 0.002554
-24.41348267 19.98215103 3.11369061 0 5 249 -0.001409
-24.41654968 -0.01755079 3.00458288 0 8 246 0.001406
-24.53248596 19.98700523 2.22710466 0 5 249 -0.001024
-24.61959076 19.99187660 1.33681858 0 5 249 -0.000635
-24.67466736 19.99675560 0.44397992 0 8 246 -0.000248
-24.62265778 -0.00782552 1.22771084 0 8 246 0.000633
-24.67773438 -0.00294623 0.33487225 0 8 246 0.000246
-24.68855286 20.00651741 -1.34475076 0 8 246 0.000527
-24.69766235 20.00163841 -0.45026082 0 8 246 0.000140
-26.68134308 19.99776840 0.31507373 0 8 246 0.000951
-26.56332397 19.98828506 2.04973531 0 8 246 0.001572
-26.46235657 19.98355865 2.91330290 0 8 246 0.002448
-24.26274109 19.97731781 3.99543309 0 5 249 -0.001795
-24.08042908 19.97251129 4.87119627 0 5 249 -0.002178
-26.17704773 19.97415733 4.62840605 0 11 243 0.003932
-25.99299622 19.96949387 5.47815180 0 11 243 0.004532
-23.86681366 19.96774101 5.73985147 0 5 249 -0.002556
-25.78160095 19.96486092 6.32151031 0 11 243 0.005044
-23.62213898 19.96300888 6.60027790 0 5 249 -0.002934
-22.70522308 19.94911575 9.12116241 0 2 252 -0.004044
-24.42024231 19.94352722 10.19367886 0 11 243 0.004226
-22.33992004 19.94460487 9.93771362 0 2 252 -0.004406
-21.94555664 19.94016457 10.74062634 0 2 252 -0.004762
-26.66146088 20.01068497 -2.05359101 0 11 243 0.003773
-24.64733124 20.01138496 -2.23833680 0 8 246 0.000910
-24.57406616 20.01623726 -3.12986755 0 8 246 0.001293
-26.39891052 20.02479935 -4.64777994 0 11 243 0.003499
-24.33178711 20.02586746 -4.90217018 0 8 246 0.002054
-26.08485413 20.03408051 -6.35785341 0 11 243 0.003314
-23.96298981 20.03536034 -6.65252352 0 11 243 0.002803
-25.88656616 20.03866768 -7.20439243 0 11 243 0.003330
-23.73169708 20.04003906 -7.51664448 0 11 243 0.003172
-24.91017914 20.05535507 -10.29067612 0 11 243 0.004528
-24.58547974 20.05970383 -11.09722424 0 11 243 0.004900
-23.85881042 20.06821060 -12.67676449 0 11 243 0.005568
-21.70892334 20.06679153 -12.47722626 0 11 243 0.005565
-21.23538208 20.09084320 -16.89903069 0 14 240 0.007177
-19.24353027 20.08673477 -16.20220375 0 14 240 0.007680
-20.69916534 20.09449387 -17.58344460 0 14 240 0.007458
-18.96189880 20.10483551 -19.52786446 0 14 240 0.008262
-18.07709503 20.09395599 -17.55838203 0 14 240 0.008194
-17.45812225 20.09738350 -18.20419502 0 14 240 0.008426
-14.76279449 20.10978699 -20.55322838 0 17 237 0.009269
-16.36863708 20.11706161 -21.84183693 0 17 237 0.009205
-14.03844452 20.11253738 -21.07814217 0 17 237 0.009454
-15.16210175 20.12173843 -22.73280525 0 17 237 0.009563
-12.53559113 20.11759949 -22.04831505 0 17 237 0.009794
-12.95256805 20.12895203 -24.11731148 0 17 237 0.010115
-11.75901794 20.11990356 -22.49231911 0 17 237 0.009946
-10.96700287 20.12205124 -22.90816307 0 17 237 0.010088
-11.40955353 20.13308525 -24.91865158 0 17 237 0.010424
-10.16056061 20.12403870 -23.29530907 0 17 237 0.010217
-9.34075928 20.12586784 -23.65325737 0 17 237 0.010336
-7.66524506 20.12902832 -24.27975655 0 17 237 0.010531
-6.74720764 20.14177704 -26.64286423 0 17 237 0.011066
-5.90383148 20.14280128 -26.85426140 0 17 237 0.011140
-5.07855988 20.13250732 -24.99024773 0 17 237 0.010725
-5.05408478 20.14367676 -27.03830910 0 17 237 0.011201
-3.31810760 20.13396645 -25.30750656 0 17 237 0.010787
-3.33895874 20.14496994 -27.32361603 0 17 237 0.011287
-2.43047333 20.13443756 -25.41854668 0 17 237 0.010799
-2.47536469 20.14538765 -27.42457962 0 17 237 0.011310
-1.60897827 20.14565277 -27.49759865 0 17 237 0.011321
-0.74068451 20.14576530 -27.54259682 0 17 237 0.011322
0.75912476 20.14559937 -27.55423737 0 17 237 0.011295
3.36047363 20.14422607 -27.37561226 0 17 237 0.011159
2.92673492 20.13357925 -25.41203690 0 17 237 0.010572
4.22225189 20.14346504 -27.26017380 0 17 237 0.011091
4.69682312 20.13190079 -25.15387344 0 17 237 0.010389
5.07982635 20.14255142 -27.11696053 0 17 237 0.011008
5.93235016 20.14148712 -26.94612503 0 17 237 0.010914
5.57376862 20.13080215 -24.97730637 0 17 237 0.010276
6.77890015 20.14027596 -26.74784470 0 17 237 0.010810
7.30584717 20.12809753 -24.53035164 0 17 237 0.010009
9.86521912 20.13447762 -25.77146721 0 17 237 0.010322
9.83271027 20.12279892 -23.62996674 0 17 237 0.009518
10.65164185 20.12070847 -23.27002907 0 17 237 0.009329
13.02270508 20.12606812 -24.31891251 0 17 237 0.009622
11.45713043 20.11846352 -22.88092422 0 17 237 0.009129
12.24813843 20.11606407 -22.46315765 0 17 237 0.008917
14.52454376 20.12105942 -23.44283104 0 17 237 0.009211
13.78263092 20.11081314 -21.54382706 0 14 240 0.008460
16.47366333 20.11341667 -22.09673500 0 14 240 0.008585
17.15809631 20.11038589 -21.56052589 0 14 240 0.008338
15.24720001 20.10498428 -20.51677513 0 14 240 0.007959
15.95089722 20.10186386 -19.96448326 0 14 240 0.007696
19.71216583 20.09713554 -19.20336342 0 14 240 0.007261
17.93680573 20.09172249 -18.16120148 0 14 240 0.006854
18.55420685 20.08809471 -17.51388359 0 14 240 0.006555
20.86975861 20.08987999 -17.90607262 0 14 240 0.006674
20.26158905 20.07654762 -15.44494057 0 11 243 0.005623
22.30751801 20.07938957 -16.02355194 0 14 240 0.005829
22.79274750 20.07537842 -15.30209160 0 11 243 0.005505
20.77997589 20.07249069 -14.71592522 0 11 243 0.005297
21.27187347 20.06833839 -13.96877003 0 11 243 0.004963
22.17366791 20.05977249 -12.42392063 0 11 243 0.004275
24.10518646 20.06288719 -13.04902649 0 11 243 0.004503
24.49340057 20.05858231 -12.27105713 0 11 243 0.004157
22.96227264 20.05089188 -10.81835270 0 11 243 0.003562
23.31285858 20.04634857 -9.99537563 0 11 243 0.003199
23.63367462 20.04174423 -9.16034508 0 11 243 0.002831
26.61309052 20.02358627 -5.91568327 0 8 246 0.002138
24.77812958 20.01801300 -4.84251595 0 8 246 0.000938
26.76961517 20.01889801 -5.06043577 0 8 246 0.001679
24.91300201 20.01316833 -3.95820880 0 8 246 0.000551
26.99936676 20.00945854 -3.33701229 0 8 246 0.000512
27.07238007 20.00472069 -2.47063470 0 8 246 -0.000131
25.08718109 20.00342941 -2.17792344 0 8 246 -0.000221
25.12622833 19.99854851 -1.28423977 0 5 249 -0.000609
25.13315582 19.99366570 -0.38973027 0 5 249 -0.000997
27.12902069 19.99179459 -0.10256369 0 11 243 0.003817
27.09749603 19.98705864 0.76631427 0 11 243 0.004118
25.05074310 19.98393059 1.39715397 0 5 249 -0.001766
27.03794098 19.98233604 1.63372076 0 11 243 0.004343
24.96146393 19.97908783 2.28722620 0 5 249 -0.002150
24.84032440 19.97427368 3.17352033 0 5 249 -0.002529
24.68743134 19.96948814 4.05489397 0 5 249 -0.002907
26.32262421 19.95907784 5.91711473 0 11 243 0.004055
25.34621429 19.94239044 9.00339985 0 11 243 0.004980
23.45522308 19.94625092 8.34850407 0 2 252 -0.003278
25.02150726 19.93803978 9.80994797 0 11 243 0.005514
24.67095184 19.93375397 10.60558701 0 14 240 0.005983
22.75017548 19.93739128 9.99248600 0 2 252 -0.003359
24.29485321 19.92953300 11.38948822 0 14 240 0.006332
23.89363861 19.92538834 12.16083431 0 14 240 0.006593
21.92900848 19.92884827 11.58164692 0 2 252 -0.003423
21.47615814 19.92470741 12.35309887 0 2 252 -0.003429
23.01753998 19.91732788 13.66265297 0 14 240 0.006828
20.99591827 19.92066574 13.10779762 0 2 252 -0.003437
19.95574188 19.91288567 14.56307125 0 2 252 -0.003500
19.39716339 19.90916061 15.26176929 0 2 252 -0.003847
18.81383514 19.90555000 15.93996716 0 2 252 -0.004164
19.99787140 19.89624977 17.61126900 0 14 240 0.006008
19.39795685 19.89290810 18.24058723 0 14 240 0.006677
18.77800751 19.88967705 18.85020065 0 14 240 0.007236
18.13869476 19.88656235 19.43947411 0 14 240 0.007700
17.48069763 19.88356018 20.00779152 0 14 240 0.008078
14.10536957 19.88388443 20.04348755 0 2 252 -0.006201
13.35382080 19.88135338 20.52865028 0 0 255 -0.006454
12.58534241 19.87897301 20.98652649 0 0 255 -0.006699
14.13990784 19.87106514 22.39240837 0 14 240 0.006161
12.62357330 19.86665726 23.24316788 0 11 243 0.005384
10.18831635 19.87277222 22.19068527 0 0 255 -0.007362
11.05548096 19.86279869 23.99425316 0 14 240 0.006999
9.36220551 19.87102509 22.53385925 0 0 255 -0.007556
7.18325806 19.85596657 25.35558701 0 17 237 0.009071
6.81751251 19.86678505 23.38256073 0 0 255 -0.008091
6.33988190 19.85494232 25.56698608 0 17 237 0.008802
5.49011993 19.85406876 25.75103188 0 14 240 0.008433
4.63486481 19.85334587 25.90753937 0 14 240 0.007970
4.19632721 19.86407661 23.95278168 0 0 255 -0.008523
3.77499390 19.85277557 26.03634071 0 14 240 0.007405
-1.19197083 19.85245132 26.23544502 0 17 237 0.009651
-1.15347290 19.86335945 24.23465538 0 0 255 -0.009082
-4.64379120 19.85519409 25.82968330 0 17 237 0.009102
-5.49629974 19.85625648 25.65884972 0 17 237 0.008720
-7.29744720 19.87042618 23.11199379 0 0 255 -0.009221
-9.42917633 19.86326599 24.48418999 0 14 240 0.008438
-8.98248291 19.87396049 22.51157570 0 0 255 -0.009159
-9.80774689 19.87596893 22.16639519 0 0 255 -0.009111
-11.41847229 19.88046265 21.38831520 0 0 255 -0.008991
-12.20185089 19.88293839 20.95641899 0 0 255 -0.008916
-13.34465790 19.87411499 22.60572433 0 17 237 0.008911
-12.96920776 19.88556480 20.49667740 0 0 255 -0.008819
-16.72205353 19.88735771 20.27324867 0 11 243 0.005467
-18.03717041 19.89376450 19.13593292 0 14 240 0.006518
-18.41805267 19.91150665 15.89474106 0 0 255 -0.007069
-18.99971008 19.91530228 15.21512890 0 0 255 -0.006764
-22.35670471 19.92236519 14.01481533 0 11 243 0.005008
-21.07164764 19.93151665 12.30141449 0 2 252 -0.005456
-25.76457977 19.95967484 7.27146053 1 255 0 0.250295
-25.54306793 19.96026230 7.15760136 0 11 243 0.005455
-25.85812378 19.95923805 7.35433054 115 255 0 0.363651
-25.93658447 19.95871925 7.45158005 219 255 0 0.466674
-25.99783325 19.95813560 7.56050920 255 200 0 0.556550
-26.04013824 19.95750046 7.67809629 255 128 0 0.630755
-26.06378937 19.95615005 7.92602777 255 26 0 0.731882
-25.18953705 19.95227623 8.61159992 0 136 118 0.129195
-21.96662140 19.91792870 14.81731033 0 136 118 0.129986
-22.15490723 19.91621017 15.13747120 216 255 0 0.465806
-22.17948151 19.91554451 15.25999260 255 200 0 0.557709
-22.18338013 19.91486549 15.38489532 255 122 0 0.634632
-21.87149048 19.91835403 14.73627663 0 14 240 0.005745
-22.07274628 19.91291237 15.73945713 255 2 0 0.754792
-21.99851227 19.91235352 15.83998013 255 2 0 0.754268
-21.80554962 19.91146469 15.99745464 255 65 0 0.691581
-21.69219208 19.91115952 16.05003357 255 125 0 0.633325
-21.57167053 19.91096115 16.08305931 255 200 0 0.558968
-20.98051453 19.91163635 15.94278812 0 14 240 0.007484
-16.10307312 19.88375664 20.91592026 0 136 118 0.129358
-16.14990997 19.88313293 21.03177261 1 255 0 0.250517
-16.18318939 19.88179207 21.27859497 219 255 0 0.469378
-16.13382721 19.88045120 21.52270889 255 119 0 0.637260
-16.07949066 19.87982941 21.63524246 255 62 0 0.696005
-16.00722504 19.87926292 21.73719406 255 23 0 0.735624
-14.99141693 19.87843704 21.85979843 4 255 0 0.253635
-15.81736755 19.87835312 21.89839363 255 5 0 0.753633
-15.70503998 19.87803841 21.95317078 255 26 0 0.732264
-15.21416473 19.87786484 21.97119713 222 255 0 0.471040
-15.33629608 19.87773895 21.99767685 255 197 0 0.561635
-15.58519745 19.87782669 21.98853683 255 62 0 0.694090
-15.46112061 19.87772560 22.00350952 255 122 0 0.636674
-8.64188385 19.86085701 24.90413284 0 139 115 0.132539
-7.18255615 19.85882759 25.23505211 0 14 240 0.007660
-8.55389404 19.85820580 25.38738823 255 194 0 0.562586
-8.48362732 19.85763168 25.49072838 255 119 0 0.638156
-7.37437439 19.85712051 25.55310631 118 255 0 0.367299
-8.29694366 19.85670280 25.65559196 255 23 0 0.734954
-7.47039795 19.85669899 25.63307953 222 255 0 0.471399
-7.57836151 19.85637283 25.69600487 255 194 0 0.562579
-7.69528198 19.85614967 25.74012566 255 119 0 0.638302
-8.06656647 19.85615158 25.75023842 255 2 0 0.754198
-7.94281769 19.85603905 25.76762390 255 23 0 0.735459
1.17672729 19.85197830 26.25532150 0 14 240 0.006332
1.16902161 19.85130119 26.38004494 0 136 118 0.130497
-0.31343842 19.85146523 26.39155006 0 139 115 0.133954
-0.28324890 19.85079765 26.51280975 7 255 0 0.254687
1.14070129 19.85063934 26.50175858 1 255 0 0.250907
1.09258270 19.85001755 26.61708641 118 255 0 0.365391
0.01834106 19.84863663 26.90052986 255 119 0 0.637255
0.73600006 19.84823036 26.95492172 255 59 0 0.697038
0.61824799 19.84802055 26.99675941 255 20 0 0.736842
0.49518585 19.84791946 27.01846313 255 2 0 0.756423
9.44325256 19.85682869 25.13373375 219 255 0 0.468546
8.01935577 19.85713959 25.11706543 0 17 237 0.009245
8.06702423 19.85650253 25.23257637 0 139 115 0.133570
9.32424164 19.85565567 25.35251617 255 122 0 0.636117
8.21609497 19.85539055 25.43210411 118 255 0 0.367432
9.23919678 19.85516739 25.44408226 255 62 0 0.695784
8.31333923 19.85494614 25.51057816 222 255 0 0.470467
8.53985596 19.85434723 25.61412048 255 122 0 0.634537
9.02980042 19.85446548 25.57893181 255 2 0 0.756821
8.91126251 19.85426712 25.61846924 255 2 0 0.756495
8.66283417 19.85420799 25.63630867 255 62 0 0.694182
9.48406982 19.85816383 24.88804245 4 255 0 0.252819
9.47338104 19.85884666 24.76353455 0 139 115 0.132481
16.85933685 19.87617302 21.37959480 255 65 0 0.692731
16.91191864 19.87678337 21.26623154 255 122 0 0.634194
16.78867340 19.87562180 21.48265648 255 23 0 0.734156
16.70186615 19.87514305 21.57255173 255 2 0 0.755420
15.67918396 19.87547493 21.54065895 0 139 115 0.131412
16.60134125 19.87475395 21.64678383 255 2 0 0.755943
15.88259888 19.87466049 21.68435860 115 255 0 0.364675
16.48989105 19.87446404 21.70329666 255 23 0 0.735715
16.12187195 19.87424660 21.75352097 255 200 0 0.558865
16.37058258 19.87427902 21.74051857 255 62 0 0.695278
16.94495392 19.87743568 21.14571190 255 197 0 0.559842
16.95751190 19.87811279 21.02138138 222 255 0 0.469842
16.92039490 19.87946129 20.77510452 4 255 0 0.253263
21.77788544 19.90652847 15.67718601 0 133 121 0.128011
21.89374542 19.90625572 15.72403240 1 255 0 0.249180
22.14057159 19.90603447 15.75731754 219 255 0 0.468045
22.59917450 19.90692711 15.58134651 255 23 0 0.734283
22.76038361 19.90793610 15.39149475 255 5 0 0.752300
22.85051727 19.90918922 15.15932083 255 65 0 0.692471
22.86550140 19.90986443 15.03525829 255 122 0 0.635070
22.78678131 19.91185570 14.67227173 118 255 0 0.365795
22.72177887 19.91244888 14.56555080 4 255 0 0.252018
25.76616669 19.94662094 8.21611786 0 136 118 0.128835
25.89083099 19.94655418 8.22487068 1 255 0 0.249792
26.01520538 19.94659996 8.21280575 115 255 0 0.363842
26.13585663 19.94675827 8.18025494 219 255 0 0.467835
26.24942780 19.94702721 8.12812519 255 200 0 0.558879
26.35277557 19.94739342 8.05785942 255 122 0 0.634455
26.44301605 19.94785118 7.97141171 255 65 0 0.692451
26.09708405 19.95453072 6.75680733 0 11 243 0.003701
26.57459259 19.94898605 7.75995064 255 8 0 0.749799
27.37488556 19.99197388 -0.14240111 1 255 0 0.248973
27.59412384 19.99258423 -0.26055121 216 255 0 0.466181
27.88053131 19.99614334 -0.92081851 255 8 0 0.750498
27.85884857 19.99681664 -1.04388261 255 26 0 0.730938
27.81699371 19.99746513 -1.16163433 255 65 0 0.691118
27.75618744 19.99807167 -1.27080488 255 125 0 0.632201
27.67809296 19.99861526 -1.36836326 255 203 0 0.555799
27.58487701 19.99908447 -1.45160139 216 255 0 0.464031
27.47914886 19.99946404 -1.51820815 112 255 0 0.359466
27.36383820 19.99974442 -1.56633413 0 250 4 0.245001
25.97910309 20.03748131 -8.44487762 0 11 243 0.003191
26.09462738 20.03772354 -8.49254894 0 133 121 0.126383
26.47617340 20.04024506 -8.96537304 255 131 0 0.627326
26.49835968 20.04091072 -9.08834934 255 71 0 0.686845
26.49982452 20.04159355 -9.21330452 255 29 0 0.728080
26.44098663 20.04292297 -9.45531178 255 8 0 0.749489
26.21456146 20.04456520 -9.74974155 255 128 0 0.628778
26.11014557 20.04495430 -9.81839466 255 206 0 0.551707
25.62557220 20.04546738 -9.89887619 0 130 124 0.125057
22.59095001 20.08153534 -16.42474747 210 255 0 0.459252
22.56529999 20.08421516 -16.91527748 255 29 0 0.727671
22.50879669 20.08483124 -17.02673340 255 8 0 0.747912
22.34465790 20.08587837 -17.21405983 255 32 0 0.726117
21.41654205 20.08610916 -17.23006439 0 14 240 0.006375
21.88336945 20.08687019 -17.38289261 213 255 0 0.461779
16.53910828 20.11398697 -22.20319557 0 127 127 0.120286
16.58595276 20.11461067 -22.31904984 0 247 7 0.241297
15.25346375 20.11836243 -22.96886826 0 17 237 0.008990
16.56986237 20.11729240 -22.80998611 255 131 0 0.627942
16.51552582 20.11791420 -22.92251778 255 71 0 0.686682
16.44327545 20.11848068 -23.02446938 255 32 0 0.726307
15.33300781 20.11887550 -23.06524467 0 130 124 0.123579
16.35507965 20.11897850 -23.11300659 255 11 0 0.745693
15.42745972 20.11930656 -23.14707375 0 250 4 0.244204
15.65021515 20.11987877 -23.25847435 213 255 0 0.461536
16.02123260 20.11991882 -23.27581215 255 74 0 0.684547
15.77233887 20.12000465 -23.28495407 255 206 0 0.552112
9.07462311 20.13824844 -26.44044495 109 255 0 0.356746
7.66446686 20.13954544 -26.63856697 0 127 127 0.121563
8.98993683 20.13953781 -26.67466545 255 206 0 0.551730
7.81042480 20.14062309 -26.84038353 109 255 0 0.356389
8.83322144 20.14061737 -26.86823845 255 71 0 0.685271
7.90643311 20.14104462 -26.92035675 210 255 0 0.460449
8.73299408 20.14104080 -26.94286919 255 32 0 0.724077
8.01440430 20.14137077 -26.98328018 255 206 0 0.551608
8.13131714 20.14159393 -27.02740097 255 131 0 0.627316
0.74948120 20.14628029 -27.67882729 0 130 124 0.122959
-0.65653992 20.14772606 -27.90436172 106 255 0 0.354061
-0.58992767 20.14829254 -28.01009178 210 255 0 0.458588
0.60113525 20.14816093 -28.01933670 210 255 0 0.460533
0.51646423 20.14867592 -28.11123848 255 206 0 0.550968
0.41770172 20.14910889 -28.18780708 255 131 0 0.625842
-0.29996490 20.14951324 -28.24219894 255 71 0 0.685622
0.30759430 20.14944649 -28.24691391 255 74 0 0.683070
-0.18220520 20.14972496 -28.28403473 255 32 0 0.725418
-9.03788757 20.14025879 -26.29986954 106 255 0 0.355313
-9.04802704 20.13957977 -26.17531776 0 250 4 0.242323
-9.00720978 20.14091492 -26.42100906 210 255 0 0.457937
-7.63098907 20.14124298 -26.51985359 0 130 124 0.123068
-8.88819885 20.14208984 -26.63979149 255 131 0 0.625338
-7.87730408 20.14279747 -26.79785538 210 255 0 0.459604
-8.80315399 20.14257622 -26.73135757 255 74 0 0.684997
-8.70409393 20.14297676 -26.80753517 255 32 0 0.725605
-8.59376526 20.14328003 -26.86620903 255 11 0 0.746032
-9.03733063 20.13889885 -26.05081177 0 127 127 0.122222
-16.42330170 20.12157059 -22.66687012 255 74 0 0.683584
-16.35262299 20.12212181 -22.76993179 255 32 0 0.724996
-15.24313354 20.12226868 -22.82793427 0 127 127 0.122334
-15.33884430 20.12272263 -22.90828705 0 250 4 0.242434
-15.44656372 20.12308311 -22.97163391 106 255 0 0.355359
-16.05384064 20.12328148 -22.99057388 255 32 0 0.726557
-15.93454742 20.12346649 -23.02779388 255 71 0 0.686132
-15.81072998 20.12353706 -23.04469299 255 131 0 0.626639
-16.51319885 20.11895180 -22.18396759 109 255 0 0.357835
-16.48435211 20.11828232 -22.06238174 0 250 4 0.244465
-21.82864380 20.09164810 -17.03010941 255 206 0 0.553019
-22.37910461 20.08920479 -16.56645203 255 32 0 0.724314
-22.41448212 20.08855629 -16.44659615 255 71 0 0.686142
-22.42945862 20.08788109 -16.32253456 255 128 0 0.628739
-22.42362213 20.08719826 -16.19770813 255 203 0 0.553699
-22.35075378 20.08588791 -15.95954704 112 255 0 0.359501
-22.28573608 20.08529472 -15.85282707 0 253 1 0.245741
-25.33011627 20.05112267 -9.50339413 0 130 124 0.125350
-25.45478058 20.05119133 -9.51214695 0 253 1 0.246275
-26.00696564 20.04989243 -9.25868893 255 68 0 0.688911
-26.17623901 20.04811478 -8.92808247 255 11 0 0.747086
-26.19022369 20.04676056 -8.67941856 255 68 0 0.689355
-25.77728271 20.04348183 -8.08995628 0 130 124 0.125088
-26.93883514 20.00577164 -1.14487588 1 255 0 0.248904
-27.24998474 20.00471306 -0.94205099 255 200 0 0.556577
-27.38566589 20.00359344 -0.73319083 255 68 0 0.688705
-27.32013702 19.99967384 -0.01647215 255 125 0 0.632526
-27.24205017 19.99912834 0.08108638 255 203 0 0.556131
-26.69298553 20.00595093 -1.18471324 0 11 243 0.003796
-27.04311371 19.99828148 0.23093103 112 255 0 0.359805
-26.92778778 19.99800110 0.27905720 0 253 1 0.245328
-26.80606842 19.99782753 0.30736667 0 130 124 0.125116
-24.70072937 0.00193580 -0.55936849 0 8 246 -0.000141
-24.65039825 0.01168286 -2.34744453 0 5 249 -0.000914
-26.60496521 0.01570682 -3.03010535 0 11 243 0.004675
-24.47189331 0.02136543 -4.12730169 0 5 249 -0.001679
-26.25875854 0.02975259 -5.61446142 0 11 243 0.004473
-24.16616821 0.03093361 -5.88976526 0 5 249 -0.002435
-26.08792114 0.03437718 -6.46696138 0 11 243 0.004223
-23.73476410 0.04033806 -7.62575197 0 5 249 -0.002943
-25.88963318 0.03896503 -7.31349993 0 11 243 0.003873
-23.47261810 0.04496372 -8.48101330 0 5 249 -0.002907
-23.17992401 0.04953034 -9.32631493 0 5 249 -0.002851
-22.85707855 0.05403205 -10.16056442 0 5 249 -0.002792
-22.50450134 0.05846304 -10.98268700 0 5 249 -0.002731
-22.12263489 0.06281762 -11.79162407 0 5 249 -0.002662
-26.56639099 -0.01141675 1.94062769 0 8 246 0.001560
-24.53555298 -0.01269580 2.11799693 0 8 246 0.001020
-26.46542358 -0.01614339 2.80419517 0 8 246 0.002252
-26.33662415 -0.02085405 3.66405106 0 11 243 0.002874
-24.26580811 -0.02238422 3.88632560 0 8 246 0.001791
-24.08349609 -0.02718987 4.76208830 0 8 246 0.002174
-23.62520599 -0.03669309 6.49117041 0 11 243 0.002932
-24.76049042 -0.05175059 9.28316116 0 11 243 0.004464
-21.94862366 -0.05953771 10.63151932 0 11 243 0.004760
-23.67221069 -0.06484411 11.65264225 0 11 243 0.005163
-22.82144165 -0.07324673 13.16895199 0 14 240 0.005841
-21.52568054 -0.06390277 11.41975880 0 11 243 0.005110
-21.07471466 -0.06818654 12.19230652 0 11 243 0.005454
-20.09107971 -0.07648822 13.68637466 0 14 240 0.006122
-20.98358154 -0.08806590 15.83368111 0 14 240 0.007459
-19.55966949 -0.08049541 14.40596771 0 14 240 0.006445
-19.00277710 -0.08439993 15.10602188 0 14 240 0.006760
-20.43680573 -0.09183768 16.50968742 0 14 240 0.007673
-18.42111969 -0.08819672 15.78563309 0 14 240 0.007067
-19.86847687 -0.09551450 17.16768265 0 14 240 0.007871
-18.66957092 -0.10256801 18.42690849 0 14 240 0.008264
-17.18651581 -0.09544774 17.08005714 0 14 240 0.007654
-16.72512054 -0.11234359 20.16414070 0 17 237 0.008998
-15.86221313 -0.10221108 18.28257179 0 14 240 0.008204
-13.72264862 -0.11136616 19.90057945 0 17 237 0.008951
-12.97227478 -0.11413798 20.38757133 0 17 237 0.009179
-12.20491791 -0.11676375 20.84731102 0 17 237 0.009394
-13.34772491 -0.12558623 22.49661636 0 17 237 0.010220
-11.81837463 -0.13033308 23.32373619 0 17 237 0.010576
-9.81081390 -0.12373187 22.05728912 0 17 237 0.009971
-10.23880768 -0.13453954 24.05039215 0 17 237 0.010861
-8.98554993 -0.12574154 22.40246964 0 17 237 0.010139
-9.43224335 -0.13643456 24.37508202 0 17 237 0.010993
-5.57675171 -0.13214742 23.48086357 0 17 237 0.010681
-3.78926849 -0.14542149 25.86379051 0 20 234 0.011786
-2.92750549 -0.14618342 25.97922897 0 20 234 0.011866
-2.93795013 -0.13518256 23.96303940 0 17 237 0.010948
-2.04869843 -0.13584946 24.06028557 0 17 237 0.011010
-1.15653992 -0.13634230 24.12554741 0 17 237 0.011058
-1.19503784 -0.14725162 26.12633705 0 20 234 0.011967
-0.32614899 -0.14755681 26.15785408 0 20 234 0.011990
0.63194275 -0.13680358 24.15983200 0 17 237 0.011113
2.41827393 -0.13656405 24.06571198 0 17 237 0.011112
3.77192688 -0.14692709 25.92723274 0 20 234 0.011947
4.63179779 -0.14635628 25.79843140 0 20 234 0.011910
4.19326019 -0.13562492 23.84367371 0 17 237 0.011056
5.07362366 -0.13489437 23.68501854 0 17 237 0.011008
5.94773102 -0.13399102 23.49486160 0 17 237 0.010947
9.35913849 -0.12867622 22.42475128 0 17 237 0.010579
9.43910217 -0.14019226 24.53342628 0 17 237 0.011470
10.25099182 -0.13861951 24.22231483 0 17 237 0.011354
11.05241394 -0.13690300 23.88514519 0 17 237 0.011226
12.58227539 -0.12072907 20.87741852 0 17 237 0.010018
13.38554382 -0.13090941 22.72092819 0 17 237 0.010774
13.35075378 -0.11834898 20.41954422 0 17 237 0.009850
16.80160522 -0.11901950 20.44545174 0 17 237 0.009948
15.55075836 -0.11031317 18.88471985 0 17 237 0.009285
17.47763062 -0.11614030 19.89868355 0 17 237 0.009716
16.92017365 -0.10424460 17.73384094 0 17 237 0.008861
18.77494049 -0.11002403 18.74109268 0 17 237 0.009200
17.57301331 -0.10100836 17.12228203 0 14 240 0.008639
18.20348358 -0.09764301 16.48768234 0 14 240 0.008408
19.39488983 -0.10679339 18.13147926 0 17 237 0.008930
19.99480438 -0.10345215 17.50216293 0 14 240 0.008664
19.39409637 -0.09054243 15.15266132 0 14 240 0.007925
21.13213348 -0.09645207 16.18705940 0 14 240 0.008121
19.95267487 -0.08681636 14.45396423 0 14 240 0.007636
20.99285126 -0.07903668 12.99869061 0 14 240 0.006923
23.01447296 -0.08237368 13.55354500 0 14 240 0.007259
23.46463776 -0.07838476 12.80971241 0 14 240 0.007003
22.35077667 -0.06662447 10.68533039 0 14 240 0.005833
24.29178619 -0.07016839 11.28038025 0 14 240 0.006418
22.74710846 -0.06231022 9.88337803 0 11 243 0.005466
25.01844025 -0.06166270 9.70084000 0 11 243 0.005692
23.11438751 -0.05791672 9.06771564 0 11 243 0.005100
25.34314728 -0.05731240 8.89429283 0 11 243 0.005287
23.45215607 -0.05344965 8.23939610 0 11 243 0.004737
24.03743744 -0.04431788 6.54906702 0 11 243 0.004017
26.51782990 -0.03603716 4.96146870 0 11 243 0.003909
24.68436432 -0.03021498 3.94578648 0 11 243 0.002906
26.68866730 -0.03141257 4.10896873 0 11 243 0.003853
24.83725739 -0.02543012 3.06441283 0 8 246 0.002528
24.95839691 -0.02061355 2.17811847 0 8 246 0.002147
27.03487396 -0.01736680 1.52461302 0 11 243 0.003696
25.04767609 -0.01577149 1.28804636 0 8 246 0.001764
27.12595367 -0.00790853 -0.21167137 0 11 243 0.003429
27.06931305 0.00501908 -2.57974219 0 8 246 0.000137
24.90993500 0.01346562 -4.06731653 0 5 249 -0.000555
26.61002350 0.02388384 -6.02479076 0 11 243 0.002828
24.60849762 0.02313092 -5.83051825 0 5 249 -0.001324
24.41048431 0.02792036 -6.70286751 0 5 249 -0.001706
24.18131256 0.03267273 -7.56754732 0 5 249 -0.002085
24.85321808 0.05451439 -11.59006310 0 8 246 0.002511
24.10211945 0.06318413 -13.15813446 0 8 246 0.001267
23.68900299 0.06742104 -13.92315960 0 8 246 0.001411
23.25135040 0.07158675 -14.67444324 0 8 246 0.002237
21.26880646 0.06863622 -14.07787800 0 2 252 -0.004857
22.78968048 0.07567689 -15.41119957 0 11 243 0.002986
21.41347504 0.08640592 -17.33917236 0 11 243 0.005244
19.71427155 0.08080084 -16.26398468 0 2 252 -0.005236
19.14492035 0.08465212 -16.95392799 0 2 252 -0.005365
18.55113983 0.08839321 -17.62299156 0 2 252 -0.005465
17.29348755 0.09552571 -18.89504433 0 2 252 -0.005658
19.09947968 0.10090803 -19.93240166 0 11 243 0.004441
17.82176971 0.10753702 -21.11159706 0 11 243 0.003470
17.15502930 0.11068361 -21.66963387 0 11 243 0.002853
15.94783020 0.10216159 -20.07359123 0 2 252 -0.005843
14.52105713 0.10826662 -21.15255356 0 2 252 -0.005984
13.77956390 0.11111014 -21.65293503 0 2 252 -0.006057
13.02056885 0.11380935 -22.12637329 0 2 252 -0.006111
12.24507141 0.11636082 -22.57226563 0 2 252 -0.006162
13.01963806 0.12636603 -24.42802048 0 14 240 0.006213
11.45406342 0.11876123 -22.99003220 0 2 252 -0.006202
12.24828339 0.12867311 -24.82922745 0 14 240 0.006189
10.66871643 0.13287957 -25.55588341 0 14 240 0.005856
6.44075775 0.12983240 -24.87848663 0 0 255 -0.006318
6.77583313 0.14057446 -26.85695076 0 11 243 0.005312
5.92928314 0.14178601 -27.05523300 0 14 240 0.005793
4.21918488 0.14376152 -27.36928177 0 14 240 0.006464
3.81102753 0.13312414 -25.40795135 0 0 255 -0.006270
2.49237061 0.14513370 -27.57226753 0 14 240 0.006751
2.92366791 0.13387774 -25.52114487 0 2 252 -0.006239
1.62494659 0.14559166 -27.63183022 0 14 240 0.006756
2.03282166 0.13445771 -25.60241318 0 2 252 -0.006204
1.13962555 0.13486329 -25.65165138 0 2 252 -0.006159
0.24523926 0.13509396 -25.66879654 0 2 252 -0.006107
-2.43354034 0.13473476 -25.52765465 0 2 252 -0.005902
-3.34202576 0.14526711 -27.43272400 0 11 243 0.004624
-4.20188141 0.14469631 -27.30392265 0 11 243 0.005219
-3.32117462 0.13426511 -25.41661453 0 2 252 -0.005814
-4.20423889 0.13362135 -25.27379036 0 2 252 -0.005725
-5.05715179 0.14397365 -27.14741516 0 11 243 0.005721
-5.08162689 0.13280426 -25.09935570 0 2 252 -0.005627
-5.95216370 0.13181494 -24.89353752 0 2 252 -0.005514
-5.90689850 0.14309989 -26.96336937 0 14 240 0.006126
-6.81477356 0.13065463 -24.65660667 0 2 252 -0.005402
-7.58638000 0.14090291 -26.51344872 0 14 240 0.006658
-7.66831207 0.12932487 -24.38886452 0 2 252 -0.005278
-9.00918579 0.13853230 -26.03891754 0 14 240 0.005733
-9.82108307 0.13695955 -25.72780800 0 11 243 0.005227
-8.51169586 0.12782733 -24.09065628 0 2 252 -0.005150
-10.62250519 0.13524303 -25.39063644 0 11 243 0.004623
-11.41262054 0.13338451 -25.02775955 0 11 243 0.003927
-10.97006989 0.12234849 -23.01727104 0 2 252 -0.004711
-12.19059753 0.13138597 -24.63955116 0 11 243 0.003130
-12.53865814 0.11789817 -22.15742302 0 2 252 -0.004378
-13.70693207 0.12697721 -23.78879166 0 11 243 0.003973
-14.44370270 0.12457161 -23.32713127 0 11 243 0.004597
-14.04151154 0.11283589 -21.18725014 0 2 252 -0.004014
-14.76586151 0.11008332 -20.66233635 0 2 252 -0.003828
-15.47089386 0.10718776 -20.11175537 0 2 252 -0.003624
-17.04772186 0.11448031 -21.40417671 0 14 240 0.006256
-17.70572662 0.11148078 -20.83585739 0 14 240 0.005962
-17.46118927 0.09768157 -18.31330299 0 5 249 -0.002985
-18.96496582 0.10513341 -19.63697243 0 11 243 0.005087
-20.14418793 0.09834387 -18.35928726 0 11 243 0.003847
-19.24659729 0.08703358 -16.31131172 0 5 249 -0.002276
-19.79256439 0.08325148 -15.60269928 0 5 249 -0.002231
-20.31272888 0.07936101 -14.87494469 0 5 249 -0.002326
-21.27306366 0.07127514 -13.36578941 0 5 249 -0.002512
-23.03474426 0.07672478 -14.31520367 0 14 240 0.005809
-27.15190887 -0.00104117 0.05521671 216 255 0 0.464666
-27.24511719 -0.00057277 -0.02802129 255 200 0 0.556426
-27.32320404 -0.00002857 -0.12557982 255 125 0 0.632821
-27.44853973 0.00258170 -0.60052556 255 8 0 0.749956
-26.69605255 0.00624855 -1.29382098 0 11 243 0.004354
-27.42874146 0.00325179 -0.72391152 255 29 0 0.728035
-27.38873291 0.00389151 -0.84229857 255 68 0 0.689295
-26.94190216 0.00606892 -1.25398362 1 255 0 0.249494
-25.78034973 0.04377943 -8.19906330 0 133 121 0.127940
-25.88736725 0.04414792 -8.26359940 1 255 0 0.248947
-25.98217773 0.04460657 -8.34500790 115 255 0 0.363083
-26.19329071 0.04705855 -8.78852654 255 65 0 0.692245
-25.21172333 0.05124318 -9.58317089 0 11 243 0.003986
-26.14161682 0.04905719 -9.15633488 255 8 0 0.749432
-26.01003265 0.05019064 -9.36779690 255 65 0 0.692077
-25.58222961 0.05144195 -9.60918999 115 255 0 0.363475
-25.33318329 0.05142182 -9.61250210 0 136 118 0.128461
-25.45784760 0.05148869 -9.62125492 1 255 0 0.249418
-22.28880310 0.08559407 -15.96193504 1 255 0 0.250881
-22.35382080 0.08618626 -16.06865501 115 255 0 0.364670
-22.43252563 0.08817858 -16.43164253 255 125 0 0.633933
-22.41754913 0.08885311 -16.55570412 255 65 0 0.691340
-22.38217163 0.08950155 -16.67556000 255 29 0 0.729513
-22.25473785 0.09064937 -16.88954163 255 5 0 0.752445
-22.16619873 0.09111691 -16.97772980 255 23 0 0.733054
-21.34490967 0.09151382 -17.07357025 0 133 121 0.126782
-22.06424713 0.09149550 -17.04999161 255 65 0 0.693435
-21.95171356 0.09177464 -17.10432434 255 122 0 0.634689
-21.58278656 0.09195294 -17.14737511 115 255 0 0.362348
-21.70759583 0.09200659 -17.15370178 219 255 0 0.466817
-15.16516876 0.12203515 -22.84191322 0 11 243 0.005119
-16.51626587 0.11924818 -22.29307556 115 255 0 0.364789
-16.51197052 0.12060604 -22.54209518 255 200 0 0.557937
-16.16836548 0.12328693 -23.04316711 255 2 0 0.753966
-15.44963074 0.12338170 -23.08074188 115 255 0 0.362629
-15.93761444 0.12376291 -23.13690186 255 65 0 0.693306
-9.04039764 0.13919720 -26.15991974 0 136 118 0.129993
-9.05109406 0.13987809 -26.28442574 1 255 0 0.250331
-7.63405609 0.14154038 -26.62896156 0 136 118 0.130988
-8.95991516 0.14182839 -26.64448357 255 200 0 0.556503
-8.80622101 0.14287400 -26.84046555 255 65 0 0.693245
-7.88037109 0.14309479 -26.90696144 219 255 0 0.467882
-8.70716095 0.14327438 -26.91664314 255 23 0 0.733858
-7.98929596 0.14344558 -26.96820259 255 200 0 0.557750
-8.59683228 0.14357755 -26.97531509 255 2 0 0.754285
-8.10688782 0.14369439 -27.01050377 255 125 0 0.631952
-8.22985840 0.14383429 -27.03269196 255 65 0 0.691644
-8.47827911 0.14377506 -27.01485252 255 2 0 0.753954
-8.35482025 0.14386144 -27.03415680 255 26 0 0.732881
-0.70773315 0.14740224 -27.89814186 0 253 1 0.248046
0.66631317 0.14787683 -28.02375984 118 255 0 0.365514
-0.59299469 0.14859061 -28.11919975 219 255 0 0.467098
0.18614960 0.14998133 -28.39602470 255 26 0 0.730463
-0.30303192 0.14981239 -28.35130501 255 62 0 0.694177
-0.18527222 0.15002257 -28.39314270 255 23 0 0.733980
9.07155609 0.13854541 -26.54955292 115 255 0 0.364645
8.91660309 0.14041072 -26.88711166 255 122 0 0.635251
7.80735779 0.14092113 -26.94949150 115 255 0 0.364386
9.07486725 0.13718630 -26.30051613 0 136 118 0.129637
16.56679535 0.11759020 -22.91909409 255 122 0 0.634598
16.44020844 0.11877972 -23.13357735 255 23 0 0.732970
15.32994080 0.11917242 -23.17435265 0 136 118 0.130150
15.64714813 0.12017794 -23.36758232 219 255 0 0.468347
16.13802338 0.12000432 -23.34955597 255 29 0 0.729572
16.61617279 0.11625087 -22.67498016 219 255 0 0.466725
21.51892853 0.08675568 -17.40624809 0 136 118 0.129604
22.34159088 0.08617628 -17.32316780 255 26 0 0.730840
22.50572968 0.08512916 -17.13584137 255 5 0 0.752637
22.56223297 0.08451246 -17.02438545 255 26 0 0.732395
22.58788300 0.08183245 -16.53385544 216 255 0 0.463714
22.47994232 0.08062448 -16.30939674 1 255 0 0.248167
22.39960480 0.08011469 -16.21369362 0 133 121 0.127899
25.87157440 0.04573027 -10.00853729 112 255 0 0.361050
25.99271393 0.04554436 -9.97786331 216 255 0 0.463710
26.10707855 0.04525207 -9.92750263 255 203 0 0.554036
26.21149445 0.04486153 -9.85884953 255 128 0 0.631107
26.30307770 0.04438357 -9.77381325 255 68 0 0.690792
26.37924957 0.04383147 -9.67475319 255 26 0 0.731397
26.43791962 0.04322055 -9.56441975 255 5 0 0.751820
26.47745514 0.04256777 -9.44587421 255 5 0 0.751488
26.49675751 0.04189127 -9.32241249 255 26 0 0.730412
26.49529266 0.04120981 -9.19745731 255 68 0 0.689176
26.47310638 0.04054231 -9.07448006 255 128 0 0.629371
25.50151825 0.04561371 -9.97677040 0 11 243 0.003395
26.36956024 0.03932244 -8.84796429 216 255 0 0.465298
26.19756317 0.03836618 -8.66784477 1 255 0 0.248926
27.23903656 0.00021411 -1.70375133 0 130 124 0.124385
27.36077118 0.00004101 -1.67544186 0 250 4 0.244707
27.11432648 0.00027528 -1.71145833 0 8 246 0.000564
27.81392670 -0.00223631 -1.27074206 255 68 0 0.690823
27.87844086 -0.00424168 -0.90496665 255 8 0 0.749027
27.81865692 -0.00555149 -0.66319376 255 68 0 0.688192
27.75952911 -0.00614308 -0.55309254 255 128 0 0.630935
27.59105682 -0.00711796 -0.36965889 216 255 0 0.465591
27.48636627 -0.00747419 -0.30141920 115 255 0 0.362071
26.41210175 -0.04626656 6.83951521 112 255 0 0.360489
26.49205780 -0.04680265 6.93553495 216 255 0 0.464566
26.60919952 -0.05007297 7.53169870 255 11 0 0.747343
26.57152557 -0.05071718 7.65084314 255 11 0 0.746636
26.51456451 -0.05131525 7.76207352 255 29 0 0.728082
22.71871185 -0.08725405 14.45644283 0 253 1 0.246896
22.78371429 -0.08784624 14.56316376 112 255 0 0.360639
22.84745026 -0.09051309 15.05021286 255 71 0 0.687280
22.54050446 -0.08627753 14.28245068 0 14 240 0.007495
22.59610748 -0.09277689 15.47223854 255 29 0 0.728859
22.26163483 -0.09360660 15.63372612 255 203 0 0.554269
15.59507751 -0.12369514 21.33642197 0 17 237 0.010224
16.91732788 -0.12024043 20.66599655 0 253 1 0.246389
16.90885162 -0.12291845 21.15712357 255 131 0 0.627201
16.85626984 -0.12352883 21.27048683 255 71 0 0.685565
16.69879913 -0.12455735 21.46344376 255 8 0 0.748249
15.67611694 -0.12422655 21.43155098 0 130 124 0.124436
15.77182007 -0.12467957 21.51190376 0 250 4 0.244510
16.48682404 -0.12523812 21.59418869 255 29 0 0.728546
15.99628448 -0.12530279 21.61983299 210 255 0 0.459949
16.36751556 -0.12542288 21.63141060 255 68 0 0.688114
9.47086334 -0.14221598 24.90348434 109 255 0 0.357817
8.06395721 -0.14320035 25.12347031 0 133 121 0.125702
8.13014984 -0.14378875 25.22946548 0 253 1 0.245950
9.23612976 -0.14453396 25.33497429 255 71 0 0.687545
8.31027222 -0.14475477 25.40147018 213 255 0 0.462202
9.13707733 -0.14493436 25.41114998 255 29 0 0.728153
9.02673340 -0.14523752 25.46982384 255 8 0 0.748575
8.90819550 -0.14543502 25.50936127 255 8 0 0.748249
8.78472900 -0.14552140 25.52866554 255 29 0 0.727176
-0.23640442 -0.14953680 26.51826859 112 255 0 0.359958
1.13763428 -0.14906220 26.39265060 0 250 4 0.242552
0.01527405 -0.15106559 26.79142380 255 128 0 0.628735
0.12537384 -0.15140490 26.85053062 255 71 0 0.685962
0.73293304 -0.15147234 26.84581375 255 68 0 0.688491
0.61518097 -0.15168254 26.88765144 255 29 0 0.728289
-8.60909271 -0.14086857 25.16471100 216 255 0 0.463625
-8.64164734 -0.14020538 25.04406166 112 255 0 0.359671
-7.18562317 -0.14087537 25.12594414 0 17 237 0.011356
-8.65370941 -0.13952500 24.91968346 0 253 1 0.245695
-8.55696106 -0.14149615 25.27828026 255 203 0 0.554647
-7.23149872 -0.14150247 25.24218178 0 130 124 0.124528
-8.48669434 -0.14207070 25.38162041 255 128 0 0.630203
-7.37744141 -0.14258111 25.44399834 112 255 0 0.359321
-8.40024567 -0.14257622 25.47185516 255 68 0 0.688187
-7.47346497 -0.14300267 25.52397346 213 255 0 0.463383
-7.58142853 -0.14332938 25.58689690 255 203 0 0.554538
-7.69834900 -0.14355217 25.63101768 255 128 0 0.630247
-8.18878174 -0.14332649 25.60343933 255 11 0 0.745538
-8.06963348 -0.14355038 25.64113045 255 11 0 0.746126
-16.01029205 -0.12043970 21.62808609 255 29 0 0.728969
-16.08255768 -0.11987243 21.52613449 255 68 0 0.689353
-15.21723175 -0.12183792 21.86209106 216 255 0 0.464243
-16.15297699 -0.11656942 20.92266464 0 250 4 0.243977
-16.10614014 -0.11594459 20.80681229 0 130 124 0.122991
-21.87455750 -0.08134719 14.62716866 0 14 240 0.006608
-21.08900452 -0.08841566 15.90075684 0 133 121 0.127022
-21.20412445 -0.08866336 15.94939613 0 253 1 0.247497
-21.57473755 -0.08874051 15.97395229 255 203 0 0.554018
-22.07581329 -0.08678914 15.63034916 255 8 0 0.750074
-22.16954803 -0.08551593 15.39960289 255 68 0 0.689414
-22.18254852 -0.08415707 15.15088558 255 206 0 0.553000
-21.96968842 -0.08177467 14.70820236 0 133 121 0.125655
-25.07160187 -0.04727370 8.47127819 0 11 243 0.004412
-25.19260406 -0.04742542 8.50249195 0 133 121 0.126631
-25.31711578 -0.04746463 8.51317883 0 253 1 0.246942
-25.54613495 -0.03943898 7.04849339 0 11 243 0.004624
-25.67716980 -0.04691205 8.42201042 255 206 0 0.553174
-25.78159332 -0.04652151 8.35335827 255 128 0 0.630252
-25.94934082 -0.04549145 8.16926098 255 26 0 0.730532
-26.04754639 -0.04422776 7.94038248 255 8 0 0.750622
-26.06685638 -0.04355125 7.81691980 255 29 0 0.729553
-26.06539154 -0.04286978 7.69196510 255 68 0 0.688318
-26.04320526 -0.04220229 7.56898832 255 128 0 0.628712
-25.93965149 -0.04098242 7.34247208 216 255 0 0.464634
-25.86119080 -0.04046392 7.24522305 112 255 0 0.361615
-25.76764679 -0.04002617 7.16235304 1 255 0 0.248264
