-27.95195389 68.46622467 34.20504379 0.011347
-24.48962784 72.26502228 36.93248367 0.592739
-25.47476768 73.32126617 35.50879669 1.595099
-26.61637878 72.75576782 34.23251343 1.217834
-27.63081551 71.45443726 32.36615753 0.057372
-27.38749504 72.10839844 33.24341583 0.444565
-28.11824989 70.14105988 32.49534988 0.084029
-27.67487907 70.29618835 31.40922546 0.038605
-27.72439384 70.30968475 34.53423309 0.653815
-27.96265030 70.83641052 33.38747406 0.298772
-28.33480644 69.49074554 33.57403183 0.514441
-27.27939606 71.42347717 34.08845901 1.011342
-28.24284363 69.06916809 34.87252808 0.571036
-23.24253082 73.42017365 39.25639725 0.317596
-22.88409996 74.84522247 38.93195724 0.385468
-24.02616501 74.21209717 36.70477295 0.860738
-23.58014679 72.59411621 40.40299225 0.303773
-30.73550415 65.71371460 39.54537582 0.339388
-28.17667198 67.33818817 41.39548492 0.330592
-28.32494354 67.23383331 41.91965485 0.329102
-29.84813309 65.95140839 39.81242371 0.404356
-30.29293060 65.91625214 38.61531067 0.203376
-29.04006577 66.78174591 42.12569809 0.397221
-29.32101059 66.41437531 40.88583755 0.246193
-28.96742439 66.58768463 39.39390182 0.150682
-28.47734451 67.53193665 40.35074997 0.121492
-28.75352478 67.17229462 40.89636993 0.282276
-27.51269722 68.55887604 32.04481125 -0.088616
-28.14884949 69.14267731 32.31954956 0.492923
-28.05302238 69.89733887 32.03219986 0.124110
-26.97179604 68.45362091 31.44866562 -0.129437
-26.82073021 67.92410278 32.83529282 0.137594
-26.42950439 67.78844452 31.87548447 0.056101
-26.94699097 68.27519226 32.30700302 -0.005226
-26.34219742 67.05955505 31.99090576 0.144965
-27.01683426 67.82640076 33.23659515 0.101577
-27.88010979 68.56935883 33.40869522 -0.006184
-27.34844780 68.33493042 32.93312836 -0.056463
-25.37455559 70.62497711 36.94862747 0.433543
-25.56517220 69.60176849 40.08507919 0.140200
-24.17130470 71.39433289 39.71005249 0.241830
-24.78708076 70.37068176 39.95540619 0.272836
-24.52038193 70.80075073 39.21712875 0.234267
-24.43791580 70.77982330 38.30746841 0.296368
-23.81572533 71.87354279 38.18178940 0.285570
-23.54981422 72.35792542 39.21994781 0.372067
-23.35338020 73.33657074 38.08914566 0.191546
-24.41728592 71.35658264 37.58858490 0.120207
-25.04870033 70.09177399 40.48955536 0.243077
-25.31144524 69.97043610 37.88142395 0.163739
-24.04723549 71.42768860 38.97792435 0.310846
-26.25973892 81.03824615 26.74754524 0.182858
-27.58961868 82.34896851 25.81773567 0.373627
-27.13412285 81.69242096 26.78128052 0.527335
-25.41265297 80.07503510 25.88255692 0.015683
-26.56808662 81.30084229 27.70692635 0.082145
-25.26600075 79.76177979 26.67143822 -0.037913
-25.62924957 80.39988708 26.60590363 -0.012882
-27.37867928 81.80315399 27.59169006 0.346012
-27.43749619 83.00696564 26.38048172 -0.091164
-26.77419472 83.03083801 25.96649551 -0.137433
-27.99200058 82.32934570 26.85362434 0.602009
-26.74034500 83.32379913 26.82518959 -0.162429
-27.53052139 83.15362549 27.01629257 -0.090376
-27.13444710 83.41007996 27.68694878 -0.115744
-27.73162270 83.44346619 28.30477142 -0.144264
-26.80719948 71.55506897 16.09182358 -0.129289
-26.79394722 73.38364410 13.92939949 -0.038218
-26.96250534 73.39337158 12.78237820 -0.076972
-27.49390411 72.69252777 12.67515278 -0.131480
-27.64276886 72.13336182 13.61988831 -0.127710
-27.96113777 71.66308594 12.39861965 0.278997
-27.12631989 72.38194275 15.51184750 0.136135
-27.29085541 73.40788269 11.95403862 -0.151494
-27.35651779 71.65073395 14.73341274 0.082117
-27.22537804 72.59027863 14.60979843 -0.072542
-26.57249260 74.37041473 12.69075966 -0.013168
-27.85865974 70.47338104 13.73020744 0.675860
-26.39454460 69.13931274 14.38436508 0.527384
-26.19747734 70.53497314 15.16754055 -0.146770
-24.48321724 70.50584412 16.02033997 -0.161858
-28.21326256 68.43147278 14.61467838 0.308880
-29.74620628 67.27742767 15.83771801 -0.202469
-25.99937820 69.00215149 42.09185028 0.332245
-26.65511322 68.68527985 38.47072220 0.236376
-27.87433052 68.36029053 37.77351379 0.055449
-28.19122124 67.54000854 40.94393158 0.173661
-26.71921730 69.02650452 37.83151245 0.051588
-27.98776054 67.68553925 36.93559265 0.142031
-27.91391182 68.34105682 37.21916199 0.201773
-27.27816963 69.67165375 35.96240616 0.885530
-27.34472275 68.51915741 38.16504669 0.058730
-28.20207596 68.33132172 35.81072235 0.326151
-29.37891579 66.14394379 38.58086014 0.231878
-28.14402580 67.93759918 37.65432358 0.269106
-28.12007904 67.89785767 38.58179474 0.224934
-27.12756157 68.31035614 39.15184402 0.191636
-26.12660408 68.93698883 39.22142410 0.247108
-26.46256638 68.50379181 40.50894165 0.308826
-26.36655998 69.45824432 37.17547226 0.136413
-28.14205742 67.43008423 37.80892181 0.254182
-25.98163033 69.30068207 38.28169632 0.157351
-28.27607346 66.79316711 37.52509308 0.250380
-28.50206947 67.32335663 39.57147598 0.440931
-27.75858116 68.70761108 36.61662674 0.309308
-27.17448807 69.18107605 36.67932129 0.372814
-27.89373970 67.86121368 40.09332275 0.094832
-27.33276367 68.79080200 37.30430603 0.071591
-26.33664131 71.39530945 35.40016937 1.525784
-28.43418884 67.03191376 38.51416397 0.240831
-28.75035667 66.48767853 38.27077103 0.247118
-25.21324348 69.87696838 38.95513535 0.219527
-32.75962830 69.65326691 8.96043491 -0.184085
-30.45542526 69.27526093 6.66503429 -0.052499
-29.28545189 66.99683380 3.84238529 0.074926
-29.46592712 67.80115509 5.05447102 0.156791
-28.88062286 67.35852051 4.30591869 -0.066916
-30.07263184 67.40650940 4.24657583 -0.095497
-28.01812935 67.20589447 4.28561640 -0.121178
-30.09610558 68.53773499 5.80127525 0.451321
-30.40949249 67.88449860 5.14205408 0.211290
-31.72022247 69.53223419 6.73334122 0.058842
-26.67466354 67.11042786 4.15908670 -0.193305
-27.12240219 67.40316010 4.70068073 0.070203
-26.39274406 66.62114716 3.67517519 0.228765
-27.64663315 69.47501373 9.33758259 0.144929
-28.36376762 69.66329193 10.02247238 0.377389
-31.48046494 69.74307251 10.90379238 0.055685
-30.84843826 69.62632751 10.50927544 0.176094
-30.78216553 68.60627747 14.27459812 0.822517
-26.15662575 68.02655792 5.31799126 0.238265
-29.27494240 68.97596741 7.69073200 -0.175364
-27.06382179 68.65435028 7.69754791 -0.134673
-29.37799644 68.93950653 6.41257954 -0.026784
-28.38326263 69.09176636 8.98370743 -0.029005
-29.88912392 69.24830627 9.30667305 -0.087131
-32.38146973 69.55854034 10.30432892 -0.079285
-31.17760468 69.36562347 9.04742718 -0.151333
-31.10851288 69.53815460 10.03516960 -0.049588
-27.86210251 68.40129089 5.92562199 0.151196
-27.18977547 69.09451294 8.78993893 0.047224
-29.22217178 69.76339722 10.33701801 0.309815
-28.60946655 68.73709869 6.51598263 -0.072899
-27.87381744 68.72342682 6.77104235 -0.237733
-26.99300003 68.47560120 6.23681593 -0.139238
-26.92838287 69.52679443 9.18990326 0.139920
-25.94672203 68.75082397 7.87084389 -0.106595
-30.18154335 69.74601746 10.76556969 0.390131
-28.89498520 68.35573578 5.75349617 0.407862
-25.72764397 67.50207520 4.62488127 0.150261
-25.07362938 67.24230194 4.32267952 0.090565
-25.84727859 68.61877441 7.29184151 -0.185131
-25.37165451 66.73164368 3.77676058 0.108018
-27.27820778 67.98768616 5.45853758 0.329136
-28.20861816 67.76088715 5.06658840 0.177706
-30.87574387 69.51080322 12.74999237 0.460223
-30.29912949 69.49364471 10.15189743 0.159216
-29.01915359 69.88876343 10.87454319 0.657460
-26.37759781 67.39759827 4.61059475 0.088348
-25.98687935 68.45767975 6.50990105 -0.157605
-25.93914604 67.18646240 4.11418724 -0.079664
-29.88105011 69.83606720 11.73137951 0.747966
-29.22848701 69.61533356 12.87081051 0.944946
-29.37806511 69.54283142 9.90518761 0.120122
-28.81821060 69.95669556 11.58828354 1.098522
-32.05113983 69.53711700 12.66433144 0.122678
-31.28231430 69.80066681 11.79676533 0.193703
-24.52815437 72.78231812 8.11694431 -0.112138
-25.34932518 69.14971924 8.15734768 -0.066915
-26.26715279 69.17491150 8.59262276 0.074215
-27.67152214 72.80879211 11.14967060 0.144465
-27.13291740 77.75988770 10.55864143 -0.205886
-25.36127853 68.81832886 7.54885006 -0.049919
-27.30336952 73.30673981 10.54950428 0.388765
-25.41270638 74.29053497 7.87373161 0.372870
-25.65165901 71.38454437 9.73111343 -0.086205
-26.11418724 69.99711609 9.28801918 0.129287
-27.25632095 77.04575348 8.38596058 0.992415
-27.91685104 72.44577026 11.87486553 -0.015667
-26.90222359 74.45361328 11.52086449 -0.070729
-26.84020233 71.48577118 10.45896912 0.052226
-24.40600204 70.61181641 8.28278351 -0.047898
-25.00901794 73.30294800 8.21118832 -0.088968
-24.96585083 70.32849884 8.88971233 -0.103019
-27.38398170 76.46572113 9.93262672 0.020417
-26.68216324 70.66266632 10.10722446 0.159027
-27.56384277 77.38040161 9.19980907 0.270224
-27.13657188 72.38671112 10.55801010 0.121169
-25.47237587 70.67862701 9.46127319 -0.005345
-24.63078117 69.85031128 8.12925625 -0.032913
-27.28473854 74.49754333 9.97089672 0.328031
-25.10955620 71.95359802 9.22703266 -0.271103
-24.54462242 72.20235443 8.53786564 -0.212105
-27.80096245 71.68146515 11.20218277 0.351784
-27.27339363 69.94137573 9.76747608 0.279508
-27.09422493 75.25680542 8.94959354 0.885653
-27.36664391 76.27764130 8.69138241 0.757127
-25.78202820 73.34337616 9.06338406 -0.033871
-26.49445534 74.35226440 8.95006943 0.673797
-26.65127945 73.31704712 9.90756416 0.218899
-25.89920998 72.36586761 9.80518913 -0.079237
-24.61770248 71.35457611 8.72144318 -0.207076
-25.06320572 72.68256378 8.85447025 -0.210246
-27.94735146 70.14191437 10.76683998 0.711034
-27.26698494 75.49427795 10.29058743 0.024395
-27.54394913 75.61125946 9.52488899 0.219841
-26.61164093 75.84227753 11.40725613 -0.031134
-25.39650917 69.60984802 8.66628265 -0.019501
-27.14687347 74.86170197 10.83662510 -0.101263
-27.37706375 73.86435699 11.05002975 -0.083925
-28.18965149 70.61402893 11.88288689 1.056590
-27.48697853 70.89287567 10.87699413 0.492226
-21.96138000 70.38568878 7.87287807 0.265601
-22.66069221 71.06401062 7.82062817 0.194078
-21.90573883 68.54022217 6.74859619 -0.297957
-22.74422073 68.60134125 7.01422453 0.009279
-22.03633881 72.88449097 7.93999290 0.189574
-22.72411537 72.04881287 7.89430904 0.178800
-21.78585625 71.60243988 8.03625107 0.270880
-24.01586342 70.40000153 7.88171864 0.169243
-21.22634697 69.03024292 6.95537806 -0.135393
-22.27182579 69.36293793 7.67851257 0.306253
-22.71099091 73.55656433 7.71817780 0.093075
-21.15844917 69.35688019 5.57014656 -0.006038
-23.83896255 68.89215851 7.18033218 0.192705
-24.66708755 69.15412903 7.53397465 0.150382
-24.95476723 68.64019775 6.90224695 0.136273
-21.68966866 68.84143066 4.95391560 0.218413
-22.53982735 68.22499084 4.72526646 0.088887
-23.78957176 69.73500061 7.66672802 0.298952
-23.39120102 70.64995575 7.74057007 0.117096
-23.03269577 72.92697906 7.80558491 0.074052
-23.82834435 72.24327850 7.98425293 0.104288
-23.89810562 71.15109253 8.06791496 0.176140
-23.09493065 69.24990082 7.53984547 0.344461
-20.99992752 71.75772858 8.00244617 0.180462
-23.25928688 68.24411774 5.93479824 -0.325889
-21.84386063 68.89612579 7.33930492 0.046065
-21.53944969 68.66635132 6.00806808 -0.293969
-21.16650200 70.78749084 7.91111374 0.169282
-22.24915886 68.39550018 5.40617371 -0.150749
-23.09798813 68.27994537 6.37954283 -0.281900
-21.31571579 69.68511963 7.68673325 0.151604
-20.74295807 69.78666687 7.11877155 -0.115963
-20.57872200 71.39112091 7.58903885 -0.062399
-20.71434402 70.43053436 7.53897095 -0.038426
-25.00225830 68.27655792 5.86776543 -0.036024
-23.98805046 68.04631042 5.47115612 0.071596
-24.94158173 67.75782776 4.97511768 0.279606
-23.06763268 68.18084717 5.28168678 -0.114985
-23.60722160 67.60984039 4.48042631 0.207013
-23.83986092 68.31935120 6.40494871 -0.073589
-20.45965195 70.93685913 6.69790459 -0.273342
-22.79986572 70.00290680 7.71757698 0.286494
-22.50862503 68.26300049 6.12638092 -0.370834
-20.90350723 69.60361481 6.34898663 -0.257577
-21.88244820 68.47124481 4.32558823 0.097627
-23.25562096 71.44467926 7.90511227 0.148678
-38.08866501 70.88819885 32.45489502 1.256426
-38.52965546 69.02947235 35.04686356 0.009168
-37.35432053 68.54911041 34.98388672 0.063693
-40.71718597 71.24236298 34.08485794 0.852328
-38.37119293 68.22917938 36.21613693 -0.082012
-41.87307739 75.69685364 27.49056816 0.006666
-41.32644653 74.88259125 28.00756264 -0.041974
-40.80388641 75.94688416 30.21780014 0.082527
-39.79656219 68.04822540 38.56092072 0.164221
-41.32126617 77.14011383 28.66003609 0.030894
-41.88594055 69.93552399 37.57209396 0.203131
-41.13872528 75.53896332 28.91197395 0.079628
-41.91864777 72.47734070 34.36587524 0.633261
-41.35292435 73.65288544 33.16633606 1.735297
-42.13014221 71.09145355 35.74598312 0.049277
-41.06416321 77.39039612 29.41182709 0.102430
-41.14722824 76.51849365 29.24664497 0.065674
-37.83019638 69.83366394 33.60288620 1.191400
-40.52394104 72.51955414 32.96182632 1.611406
-40.47313690 73.44094086 32.25522614 1.013261
-39.78973007 72.93807220 31.84545898 0.758188
-40.94515991 76.54609680 31.84984207 0.569241
-39.36752701 70.05824280 34.19007492 0.750628
-34.09418488 68.30020905 32.33859253 1.082728
-38.76705170 67.86392975 37.42133713 0.091486
-39.55670547 68.77440643 36.38665009 -0.098133
-40.83268356 74.38269806 32.18445206 0.910824
-40.62059021 75.41490173 31.45188904 0.333506
-40.50441360 74.90171814 30.20482445 0.048497
-40.63588715 74.50389099 29.15482712 -0.042705
-40.09055328 73.98650360 31.27016068 0.287073
-41.76404190 75.63039398 33.03831100 1.569740
-40.71350479 76.63144684 31.01417351 0.176050
-40.85900116 69.91480255 35.84789276 -0.117275
-40.74293137 69.05888367 37.42983627 0.097457
-36.81275177 69.49644470 33.34758759 1.150404
-35.01639175 68.22837830 33.44303131 1.418525
-35.86380005 69.64376068 32.46704865 0.651127
-33.20975113 67.51296997 31.82260895 0.330640
-39.17570877 71.82953644 32.10445786 1.112867
-38.51252365 72.25893402 30.33362579 0.144846
-41.54776382 76.53861237 28.17305946 0.020406
-34.83942032 66.87809753 35.58629608 0.104315
-37.66349411 67.63509369 36.85395050 0.136890
-40.06364822 74.02607727 30.06134415 -0.000462
-36.14785004 68.52291870 34.01765442 0.829061
-40.69858551 77.38533783 31.46290207 0.322242
-39.33723831 73.08541107 30.55957031 0.102638
-40.08229065 73.44966125 28.97967911 -0.041835
-41.13718796 77.86805725 32.38081741 1.017947
-35.53859329 67.71373749 34.69851303 0.571749
-28.31604385 65.88539886 33.91117096 0.164391
-29.55588531 65.27706146 32.67336655 0.455558
-29.35859680 65.93243408 35.64159393 0.170424
-28.61012650 65.95089722 34.79882813 0.216241
-32.11743164 65.74392700 36.00551987 0.263079
-32.91926193 66.27507782 33.53505325 0.035477
-27.91382599 66.25223541 34.24852753 0.187887
-30.10165405 65.77487183 37.50065994 0.387612
-26.78740692 67.14580536 33.07899475 0.198877
-27.32658005 67.95014191 33.84672165 0.111224
-29.33250237 65.77733612 34.65287399 0.148936
-27.66231537 67.82542419 34.61867905 0.132261
-28.47154427 66.90745544 35.76931763 0.143698
-27.31233597 66.42987061 33.60237503 0.250775
-27.45433235 67.05233765 34.36365128 0.230639
-31.63990402 65.85237885 31.73683929 0.133142
-28.09310150 68.17875671 34.90617371 0.001060
-31.03477859 65.84686279 38.05577850 0.175315
-31.33064651 65.78603363 36.99340057 0.256549
-28.78549385 66.35941315 35.90115738 0.170373
-28.17786980 66.59793854 35.13480377 0.177985
-32.63050461 65.79100037 36.94338226 0.350195
-28.90243721 65.60256958 33.72845840 0.267389
-28.35271263 65.57720184 33.32884216 0.338604
-28.13881683 67.42816162 35.24918747 0.028350
-31.46107483 65.55606842 32.66888428 0.320854
-31.92175674 65.59542084 33.99179840 0.351210
-31.77859497 65.85800171 35.19681931 0.105169
-32.52334595 66.04531860 35.02804947 0.059429
-28.53772354 66.74398804 36.40094757 -0.051829
-28.86799240 66.35027313 36.71741104 0.123437
-28.50083160 66.56015778 36.97748566 0.158242
-30.56314468 65.92816925 34.49480438 0.172607
-29.80973053 65.87463379 34.34082031 -0.001450
-31.26362228 65.75236511 34.74435425 0.135442
-28.28597450 67.33716583 36.15722656 0.072678
-30.17274475 65.88800812 36.33790207 0.144615
-30.99900818 65.86320496 35.60718155 0.060251
-27.59004784 65.65209961 32.23102570 0.291976
-27.75731659 65.85002136 33.25582886 0.267503
-29.64589119 65.92784119 38.04628754 0.320781
-29.99605179 65.89609528 35.22395325 0.028336
-30.61170578 65.53076935 31.43435669 0.232945
-28.19693756 65.55820465 32.54725647 0.280767
-30.92773819 65.56057739 32.76857376 0.250844
-30.70257950 65.58070374 33.52467346 0.215070
-31.25955582 65.51399994 33.43693161 0.326384
-29.33814621 66.00904083 36.63162613 0.251876
-29.02647209 66.13119507 37.52291107 0.374205
-32.17257309 65.80473328 32.74741364 0.256832
-31.13350677 65.60666656 34.10205841 0.234749
-30.07859612 65.69069672 33.58448029 0.092664
-30.39011765 65.33691406 32.77602768 0.423429
-29.48813057 65.70294189 33.79888153 0.117905
-28.15544319 66.93949127 36.79057312 0.090057
-28.76499557 65.58962250 31.74308395 0.127055
-28.75264931 65.38056946 32.84094620 0.406026
-26.78952789 79.29434967 11.49111271 -0.192801
-26.21546364 77.71822357 12.47245693 -0.092266
-26.31710815 76.71876526 17.17121124 -0.040565
-26.86328697 75.97423553 19.25838280 0.013247
-27.70878029 80.27675629 19.10281944 -0.231782
-27.03793144 80.02514648 17.88039780 -0.119599
-27.38459969 79.99002075 18.56130409 -0.194650
-27.13376236 78.43003845 19.14849091 -0.046112
-27.65671921 79.04972839 19.71922112 -0.172629
-27.44445038 79.54539490 19.09982872 -0.156860
-26.21183395 78.78421021 16.17859268 -0.016863
-27.25644493 80.63021851 18.59490204 -0.014988
-26.25696373 75.63735962 16.48229218 -0.013392
-26.14118576 75.80343628 15.05107212 -0.007266
-27.35148239 72.28826141 18.82258034 0.106820
-26.76825714 78.77489471 18.05329895 -0.098540
-27.16587067 79.35374451 18.48965836 -0.220753
-27.07900810 71.82846832 18.24489212 0.029955
-27.06625557 72.22474670 17.53963280 0.081356
-27.14580154 72.56746674 18.12555504 0.064125
-26.67030144 76.38371277 21.42839241 0.943044
-26.39309311 77.92999268 17.13897896 -0.066734
-27.13352966 74.13848877 21.11711502 0.585645
-26.63467789 75.14605713 21.59562683 0.903935
-27.07007408 75.39218903 20.36279678 0.249315
-27.12773705 77.02603149 19.99596405 0.045000
-26.77849007 71.47072601 17.67949677 -0.152762
-28.07695961 79.27500153 20.59171677 -0.067562
-28.06128883 80.42530823 21.53339386 0.859251
-27.53184128 78.31039429 20.36657333 0.033753
-26.99628448 72.60176086 16.53350830 0.154867
-26.88266182 71.83791351 17.00315094 -0.094663
-26.19610405 71.32154083 17.16589165 -0.110938
-27.20019913 78.83264160 21.87104797 0.831917
-26.84922028 73.16271210 15.49067783 0.053855
-27.00052643 73.15086365 17.57039261 0.031310
-27.14418411 73.31502533 18.54721260 -0.006796
-26.99737549 74.60569000 19.19379044 0.025841
-27.48106766 81.32885742 20.04061317 0.234498
-26.38958549 75.86413574 17.63903046 0.010483
-27.28301048 74.13012695 20.19482040 0.199698
-26.56779480 74.52416992 17.53019524 0.039137
-26.64649773 75.57386017 18.46958351 0.009328
-26.56815147 77.08633423 18.34031487 0.030852
-26.27351761 79.57050323 15.17306995 -0.090353
-26.17317772 75.92193604 13.33759880 -0.043769
-26.73855782 73.55602264 16.61849213 -0.037086
-28.47256088 80.03845978 20.38506889 -0.052089
-28.03145409 79.77142334 19.70480347 -0.149986
-26.27736092 74.66801453 14.14234352 -0.020256
-26.04886246 78.67926025 13.57630444 0.015048
-26.06174850 77.20755768 15.98040676 0.020418
-28.16297340 80.74974060 20.02970695 -0.026809
-26.03429985 78.32421112 15.28442669 0.029185
-25.98231316 77.36805725 14.29369164 0.029567
-26.11993408 78.76942444 14.46068478 -0.078372
-26.37585068 74.33380127 15.67533588 0.021490
-26.35469818 79.25604248 12.69961643 -0.138631
-33.14354706 65.11523438 43.75512314 0.939656
-30.16548920 65.95304871 42.49163818 0.322453
-30.64820480 65.75846100 41.66738892 0.294281
-30.01522636 65.99184418 41.19960403 0.259087
-33.71927261 65.02503204 43.37150192 0.887158
-34.01641464 65.33260345 43.59887695 0.749519
-36.33717346 65.70355988 41.98892975 0.315894
-35.93017960 65.29191589 42.68360519 0.835422
-35.29885483 65.63012695 40.76415253 0.279212
-34.28184509 65.45407867 41.20072937 0.421895
-36.23392487 65.91677856 40.91867065 0.139200
-39.25115585 67.31440735 40.02453232 0.239538
-32.08872986 65.87149048 38.03494263 0.116835
-29.09155083 66.68715668 43.31128693 0.413926
-33.37981033 64.99257660 42.91996384 0.771601
-40.58561707 67.98599243 40.45534515 0.272698
-33.77801514 65.39231110 40.11799240 0.507744
-36.98524094 66.17674255 41.90467072 0.294808
-33.96647263 65.31094360 42.27762985 0.469144
-33.99115753 65.75860596 39.12997818 0.194760
-31.89554214 65.23847961 42.03715897 0.620893
-35.79820633 66.70467377 37.46556091 0.486990
-33.80171585 65.84822845 36.56104660 0.366688
-32.98602676 65.84368896 35.95980835 0.271526
-30.70994568 65.79194641 40.59645462 0.254063
-35.20946884 65.94763947 39.08432770 0.114971
-40.38911057 67.39954376 42.65906906 0.347917
-39.23643494 66.93065643 41.46917343 0.322408
-29.55387497 66.39020538 42.74955368 0.440473
-34.20767975 65.04158783 42.96793365 0.766028
-34.99856949 65.27901459 43.33862305 0.818140
-38.13376617 66.66864777 40.43530273 0.338269
-31.33583450 65.58364868 41.32590866 0.358054
-31.00971985 65.32186127 42.63249969 0.642072
-31.42442322 65.69704437 38.92149734 0.283215
-36.87216187 67.08836365 37.70205307 0.305730
-36.25986099 67.57337189 35.90332794 0.289501
-31.82424545 65.56076813 40.11589813 0.359757
-29.58424377 66.21035767 41.96958923 0.371193
-33.81392670 67.31990051 33.71143723 0.152598
-34.71627808 65.48540497 39.99237823 0.459367
-39.39704895 66.88827515 43.55138397 0.202573
-32.16831207 64.98477936 43.07278824 0.827799
-32.94955826 65.25565338 41.90343857 0.545691
-32.16291428 65.42797089 41.21708298 0.438748
-38.18796921 67.15423584 38.65987778 0.266535
-33.03029251 65.41046143 39.63332748 0.488243
-36.55467224 66.43576813 39.30672455 0.283419
-33.20380402 65.68718719 38.98685837 0.251883
-37.66938400 66.05062866 42.74361420 0.400633
-38.02591705 66.36941528 41.74449921 0.364702
-32.95853043 65.44760895 40.70094681 0.401433
-35.53742599 66.34098816 38.40118790 -0.053982
-29.83382607 66.31768036 43.47121048 0.347490
-33.57839203 66.19741821 35.06757355 0.173439
-34.66497803 66.03575134 37.68997955 0.131676
-35.63528824 65.80585480 39.99937820 0.216179
-32.47022629 65.64592743 38.99037933 0.292486
-33.33023453 65.73303223 38.05576706 0.278393
-34.84664154 65.25328827 42.34905243 0.554568
-35.51972580 65.50696564 41.62977219 0.371413
-30.99647903 65.37351227 43.97005081 0.798084
-37.17004776 66.25170135 40.94512558 0.473386
-22.10899734 70.42272186 17.64310074 -0.026839
-23.77279854 70.36168671 19.99993134 0.008781
-27.76626205 72.29660797 20.81701660 0.629647
-27.05270576 71.04685211 19.32882881 0.223532
-26.89505196 70.51470947 20.15842247 0.229117
-27.54014587 71.68838501 19.47148514 0.124755
-25.58324051 71.06333923 16.48793983 -0.197283
-24.32803345 70.94960785 17.04772377 -0.126038
-27.61391068 70.97692871 20.17139244 0.490307
-27.82401848 71.75116730 20.20629120 0.326721
-26.10499382 71.03857422 18.15840340 0.002867
-25.04429436 71.01462555 17.82120895 0.037114
-22.39787102 70.46675110 18.68231964 -0.106535
-27.76970100 71.28176117 21.15312004 1.078013
-25.43488693 70.76705933 18.80197906 0.101308
-26.32074738 70.73070526 19.13296127 0.117405
-25.66365433 70.31391144 19.94942093 -0.026275
-26.76854134 71.19710541 18.48357010 -0.092651
-27.56205750 72.87149048 19.71170807 0.095297
-23.40430450 70.84716034 18.07760811 -0.021739
-24.09221077 68.38679504 25.98816299 -0.092688
-23.26320457 70.09265900 16.07466125 -0.015669
-22.14916229 69.27611542 16.19382668 0.024141
-24.19173050 69.32434082 14.86470699 0.441244
-24.38864708 70.63063812 19.28017426 0.089496
-23.14747238 70.45736694 19.34583092 -0.079919
-27.59192467 71.90071106 21.46297073 1.262327
-25.61048126 69.90271759 21.18211555 -0.112658
-27.09761620 71.63401031 22.42299461 1.229480
-26.41274261 70.07624054 20.80373192 -0.014449
-27.54627037 70.56375122 20.85516167 0.536593
-26.83716965 70.56832886 23.09509277 0.987907
-22.41550064 69.51511383 21.01054573 -0.109476
-25.61649132 69.80718994 23.31769371 0.251566
-26.42083931 69.95369720 22.76078415 0.308122
-26.11163712 70.10913849 23.99445152 0.712114
-25.56148720 69.82266998 22.35786438 0.062005
-24.45435143 70.19661713 20.51161385 0.000805
-27.13746262 70.14485168 21.06985664 0.122880
-26.53269577 69.84897614 21.68498421 -0.039250
-25.82497597 70.89692688 24.87756538 0.849037
-25.63328934 69.89095306 25.34136200 0.725002
-24.87852859 69.67121887 23.09917068 0.057601
-24.61338806 69.86829376 21.82753181 -0.020649
-23.91446495 69.63665009 22.61774826 -0.066709
-23.14560890 69.54323578 22.15371513 -0.108028
-27.52807999 73.24468231 20.66677094 0.364271
-27.32237625 72.80614471 21.62216187 1.005739
-25.58830643 69.06958008 27.59777069 0.222774
-24.94227982 69.02075195 26.08869171 -0.015783
-24.36104012 69.36200714 23.93137360 -0.074192
-25.21945381 69.59115601 24.14321136 0.198059
-25.86882591 69.67571259 26.57479668 0.716752
-23.39674377 69.99748230 20.93225288 -0.100484
-27.17772102 71.52136993 18.85301971 0.013780
-24.04290390 68.91799164 24.89251709 -0.126619
-23.53452682 68.29096985 24.99493980 -0.080728
-23.48163795 69.20337677 23.49530983 -0.088354
-23.27511406 70.61567688 16.89790726 -0.066367
-22.37301254 70.12142181 16.72721291 -0.023136
-23.15571594 68.23565674 24.17033005 -0.096704
-23.41823959 68.68936920 24.25413132 -0.102503
-24.85749626 69.26483917 24.91848946 0.011017
-27.30713844 70.43479156 21.95466423 0.617899
-24.82187271 76.27918243 32.73606110 -0.054644
-25.97508621 77.43820953 32.80528641 0.102314
-25.73711967 77.65414429 34.01264954 0.752923
-25.47640419 76.65340424 34.53636551 0.657654
-25.98609924 75.53103638 34.01206207 0.068710
-25.00207520 75.46107483 35.41326523 1.594064
-25.29512596 76.48735046 33.00094986 -0.276415
-25.03565025 79.50392151 35.65801620 1.608739
-24.92088318 80.81088257 36.30879211 0.985762
-23.86207199 79.37776184 36.83308029 0.764596
-26.25634384 74.06137848 31.52480698 0.418554
-24.60526276 75.84076691 32.27415466 -0.174508
-24.31789589 76.59510040 32.34771347 0.204185
-27.10118484 71.62773895 31.56900406 0.177780
-26.64163780 72.28097534 30.95994568 0.190407
-24.30511284 75.68669128 31.53747177 -0.204066
-24.25423813 76.11795807 32.02842712 -0.072544
-26.96211243 73.01139832 33.29588699 0.598277
-26.93243790 73.06506348 32.26888275 0.227158
-26.63730812 74.07037354 33.45970535 0.739672
-27.27535629 79.52760315 32.31889343 0.375125
-27.04701042 79.09740448 31.09273911 -0.022066
-24.67171478 77.70594788 35.54855728 1.796444
-25.56748962 77.44954681 31.78964615 -0.032157
-27.19502068 79.14540863 31.61876678 0.090460
-26.02452469 74.21385193 34.58999634 1.228107
-24.78540993 75.20497894 30.86426353 0.089144
-26.84045601 79.92167664 33.69248581 1.433545
-25.84643555 78.94084930 34.50254059 1.815973
-24.76785851 77.40914917 31.19392014 -0.048215
-25.24451828 74.93699646 30.98718643 0.043282
-22.84147263 76.44787598 38.01504517 0.329266
-23.08396530 74.97057343 37.60802460 0.312758
-22.97923088 78.26058197 38.30255508 0.346949
-25.04392242 75.13317108 31.70226288 0.007270
-23.40136719 77.63648987 36.95992661 0.775654
-23.69528961 76.07406616 36.64394760 0.980918
-25.56489563 78.01430511 29.77232552 0.448704
-26.61955452 74.18647003 32.75732422 0.521655
-26.12308121 77.77481842 30.96655846 0.169534
-25.49338913 77.70140839 30.63613129 0.206838
-26.20154381 75.08193970 32.94389725 0.018892
-25.84278488 74.80589294 32.01753998 0.175600
-24.12061119 76.18346405 31.04269409 0.136507
-24.37463188 76.40842438 30.34611320 0.558441
-26.62533569 78.44804382 30.80724525 0.063849
-24.82221031 76.83506012 32.77653885 0.047957
-26.06395149 78.09104156 30.28264236 0.211045
-26.75964928 79.40355682 30.31432343 -0.039172
-25.44193077 74.85746765 30.28373909 0.314452
-25.68211174 74.61880493 31.14047241 0.258377
-26.43777657 74.30863190 32.27328110 0.485331
-24.08601952 80.85424042 37.36637115 0.328294
-23.43206406 80.08091736 38.52228928 0.397037
-25.18294525 77.56242371 29.36411667 0.562877
-24.80953598 77.16650391 32.13064575 -0.097282
-25.30401039 77.14041138 32.73919296 -0.061730
-26.28764915 80.64671326 28.64186859 0.060102
-26.11381340 78.85321045 29.84597206 0.168028
-24.30472946 77.00199890 31.71625900 -0.130622
-25.77474022 76.00316620 33.18707275 -0.532356
-25.71462059 76.75078583 33.50354767 -0.131827
-25.37399864 75.66948700 32.58963013 -0.363612
-27.00358009 78.57802582 31.79436874 0.256233
-26.56985092 78.42088318 33.07034683 1.123759
-26.47393799 77.82346344 31.82672501 0.310119
-24.08195686 76.41893005 31.63856506 -0.132213
-24.21756744 76.88929749 30.99863243 0.227164
-24.72924805 77.38687134 30.19862175 0.698941
-23.14688683 78.75684357 39.87632751 0.371358
-23.59185600 80.04568481 39.91214371 0.319729
-26.55063057 83.50696564 36.81235504 0.357902
-27.48747253 83.38818359 35.31371689 1.036198
-27.34473419 84.24471283 36.32735825 0.605867
-28.62453651 82.43827820 31.67071152 0.214615
-27.73215103 81.22909546 31.54472351 0.030431
-27.48178101 81.48088074 30.61884308 0.014914
-27.27778053 81.66013336 34.30227661 1.215648
-26.22572327 79.72308350 29.31813812 0.054685
-28.51350021 84.08792114 32.70545197 -0.334970
-29.02527237 83.54190063 33.31453323 0.218365
-26.02781868 82.16796875 35.96345139 1.119876
-29.36672211 82.94626617 30.38397789 0.497127
-26.58739471 84.41222382 31.78043365 0.107383
-27.66088104 84.15010834 33.10268784 -0.148543
-29.35280609 83.13427734 29.96014595 0.245214
-27.62351036 84.17192078 35.68661118 0.502596
-27.07255554 84.34384918 32.77311707 0.054242
-27.15037918 81.71427155 28.58016777 0.135060
-27.91764450 82.08197784 27.82314491 0.479182
-29.16886902 83.40833282 29.63803482 -0.061958
-27.61232758 83.64775848 29.14653778 -0.175042
-26.35013199 84.28128052 30.70325089 0.013534
-25.88737106 83.68305206 39.27413940 0.363507
-27.60531616 84.53469086 34.34291840 -0.017262
-27.85990334 83.83327484 30.08739281 -0.236987
-24.10835266 81.30818176 39.56633759 0.350918
-24.18410873 81.48622894 38.17410660 0.322716
-27.67718124 80.42353058 31.86032486 0.182328
-27.52561569 80.67807007 31.04499054 0.051827
-29.32868004 83.62445831 30.32645035 -0.178075
-27.54338264 84.07468414 32.12864685 -0.172016
-27.29817009 79.82523346 31.17502594 0.030274
-28.60221863 82.58003235 28.94122314 0.671643
-28.36475754 82.25130463 29.74775124 0.270990
-29.03725052 82.67955780 29.73509216 0.602880
-27.87152863 84.46329498 35.08076477 -0.031172
-28.64427567 83.54879761 29.28363419 -0.197039
-28.74253845 83.76861572 30.07290077 -0.294197
-28.08651924 81.69397736 32.15713120 0.067967
-29.15120888 82.75958252 31.09920883 0.492254
-27.88010406 84.63269043 35.89638519 0.213300
-25.88567162 84.33324432 29.98069191 0.081931
-28.93532181 82.59269714 30.50162125 0.430659
-26.71511841 83.89569092 29.90868759 -0.128926
-27.18416023 83.97911835 31.06850815 -0.120293
-28.41811371 82.38904572 30.37632179 0.326415
-27.91367912 82.08987427 30.26782417 0.139016
-26.01118851 80.51260376 35.06972885 1.954424
-26.73680496 83.58051300 28.68451309 -0.013461
-28.57616425 83.94990540 31.16390991 -0.307650
-29.48222923 83.42682648 31.04554749 0.099484
-27.69289970 81.97623444 29.52515411 0.150215
-26.92130661 80.82411194 29.94839478 0.069917
-25.55902481 82.82997131 37.17492676 0.233160
-24.88016891 82.60289764 38.32287216 0.392476
-28.50067902 83.02021027 28.22534180 0.149775
-27.78028488 81.01441193 32.16967773 0.202150
-25.80081177 83.44700623 37.85583496 0.308533
-27.98206329 82.06758118 31.13357162 0.047271
-26.44905472 83.97187042 37.93855667 0.262569
-28.87419128 82.71800995 33.03771973 0.388281
-25.52103806 83.22043610 41.05662918 0.372909
-26.43909073 84.14062500 41.04420090 0.356954
-28.16883850 82.97406006 27.57791710 0.110781
-27.67390060 80.86618042 32.86552048 0.566279
-28.56620026 82.51333618 30.95577812 0.362940
-28.11849213 82.26946259 28.40652466 0.525492
-28.31002617 83.37502289 28.70390892 -0.087291
-28.81589890 82.33339691 32.42335129 0.023869
-28.28470230 81.96752167 33.14688873 0.366878
-29.38626671 83.18454742 32.10030365 0.459769
-24.82681847 81.90396118 37.17677689 0.326372
-28.18271637 84.12990570 34.00981140 -0.199136
-28.32094765 82.86559296 33.95800018 0.932574
-22.44396782 68.43124390 22.39204979 -0.120519
-24.24969482 65.36305237 20.82492256 0.175964
-23.42364120 65.65626526 22.29532242 0.128249
-25.56922531 65.58123779 19.00763130 0.080672
-25.91523552 65.45184326 20.19366455 0.167752
-24.20051193 65.36602783 21.85490227 0.186138
-21.30596542 66.87260437 19.02483559 0.030280
-21.43097115 67.34315491 19.99057198 -0.020326
-24.77513695 65.44950104 20.04423904 0.116295
-22.62394524 65.94828033 21.31858063 0.109790
-21.31056213 69.75753021 17.71752548 -0.149425
-21.79086876 67.36280823 21.20232010 0.026924
-21.00432587 69.16944885 18.16231346 -0.052521
-21.56442642 69.41361237 16.74965858 -0.075841
-21.52217293 69.83163452 18.69322395 -0.081937
-21.19355011 66.92956543 18.16401291 0.014066
-23.89458656 65.42507935 18.72112274 0.178713
-21.66165352 69.77427673 17.00684738 -0.075169
-21.87232971 68.99575806 20.67110252 -0.100373
-22.14342690 65.91886139 19.89271545 0.141305
-21.62678719 66.56896973 19.82272530 0.075169
-22.87647247 65.54227448 20.44204521 0.185815
-23.55042076 65.38222504 20.88771057 0.202329
-21.04711533 67.49169922 18.66364479 0.010264
-21.13766098 68.25781250 19.30664825 -0.016165
-22.61905289 65.66254425 18.27760124 0.066157
-22.82952499 65.52949524 19.30662918 0.130921
-21.43552399 69.32199097 19.26723862 -0.101059
-22.16829300 65.81031036 18.92029381 0.125147
-21.01528358 68.67348480 18.56056786 -0.079262
-20.86143494 68.32026672 18.08197594 0.015944
-21.78843117 69.46377563 19.80633926 -0.132003
-21.49951553 68.88558960 19.78052330 -0.133380
-21.20011711 69.03104401 17.14001083 -0.172746
-21.00102234 68.23296356 17.28250122 -0.065542
-21.48599434 68.00836945 16.60589218 -0.076064
-22.32274628 70.03349304 19.71672821 -0.121889
-21.66911507 66.21007538 18.53113937 0.067766
-28.59509659 66.14094543 17.32949829 0.003035
-25.19153786 67.18203735 15.58682728 -0.200470
-21.50187874 66.78466034 17.04517555 -0.067872
-23.10935402 67.60911560 24.58712959 0.021877
-22.22789955 66.02568817 17.35846138 0.023483
-21.96104813 66.38162994 20.75304794 0.137117
-22.91086960 66.60622406 16.35217094 -0.188644
-23.54100990 65.72762299 17.27552605 0.029918
-24.05822182 66.28824615 16.39409828 -0.120266
-26.36182594 66.04285431 16.81883621 -0.072021
-21.19253540 69.02303314 18.93186188 -0.103009
-26.93792343 65.77297974 19.48491096 0.003956
-22.22111702 68.88160706 21.54968071 -0.096257
-22.73767662 69.07896423 22.40335083 -0.089961
-22.27102852 66.69192505 21.93048477 0.052241
-22.68506050 67.97216797 23.43740082 -0.019056
-22.97627449 68.63820648 23.40834427 -0.108469
-22.67399025 67.04596710 23.43176651 0.064272
-23.22021294 66.80957794 24.69213104 0.113632
-21.99364853 67.21334839 16.24988174 0.004519
-22.83444405 66.34582520 23.07383728 0.133380
-23.34055519 66.28471375 24.17910004 0.125065
-24.80916405 66.00611115 16.67812347 -0.083128
-25.07862282 65.58294678 17.74332619 0.149678
-22.91678810 67.92289734 15.49650669 0.186241
-21.70486069 66.85443115 20.76897049 0.114193
-22.20694542 67.63215637 22.24901962 -0.031418
-25.46914864 65.48410797 21.53190804 0.068121
-23.63211823 65.35713196 19.98675156 0.202591
-27.64729500 66.90173340 16.00307465 -0.313246
-22.88641357 66.05649567 22.43087578 0.112431
-20.93490410 67.55734253 17.55555916 0.057234
-21.70141792 68.24082947 20.93832779 -0.017649
-31.08784103 66.67048645 17.11621094 -0.138574
-24.38701057 65.36157227 23.16270447 0.244025
-23.26522636 65.49750519 21.39062881 0.194767
-26.70099068 65.80121613 18.12433434 0.060756
-36.75458527 69.07109833 26.01590347 0.129569
-35.93484879 69.36386871 25.48557854 0.075005
-37.62477493 68.76058197 26.27477264 0.158349
-39.54151917 69.33171082 25.95696068 -0.028658
-30.11755371 66.12296295 27.67105484 -0.104195
-36.11826324 71.09935760 29.37317276 0.397872
-27.64152908 65.47472382 30.32134438 0.220223
-31.37873459 65.99465179 30.39725494 0.093200
-31.20170212 67.24029541 28.59842300 0.036559
-39.80276871 72.61578369 28.50388145 0.095826
-40.91350937 73.29812622 27.58829117 -0.047823
-35.04726028 69.56597900 25.58932304 0.404904
-34.90279388 69.95290375 26.23860931 0.679899
-35.90691376 70.04715729 26.38810349 0.321750
-38.95320511 70.17709351 26.80825806 0.089734
-37.43498611 71.53107452 30.48043060 0.401524
-38.91037369 71.74994659 28.17870522 0.088556
-39.85736465 71.98139191 27.66297531 0.073847
-38.26529312 71.19582367 28.23359299 0.319869
-36.85480499 70.71549225 32.24134445 0.320548
-39.16386795 72.58825684 29.16195297 0.008177
-36.95954132 70.17851257 27.08530235 0.252486
-35.70120239 70.90471649 30.85874557 -0.383622
-38.71139526 71.10482788 27.74883652 0.260289
-36.07825470 70.69808960 28.17469025 0.422096
-35.16207504 70.24849701 27.80821228 0.703286
-32.75137329 68.85407257 27.90020561 1.913198
-27.99308014 65.59100342 31.39316177 0.162949
-38.25319290 71.84626007 29.18758583 0.108202
-39.43217850 72.26937866 28.41842270 0.067987
-40.32097626 72.75333405 27.93731117 0.061847
-36.29056168 70.41034698 27.37931442 0.515132
-36.94579697 70.75302887 28.09191322 0.439942
-32.05249023 67.67015839 29.17832565 0.563958
-39.19887161 70.94052124 27.22599030 0.166723
-35.30398560 70.67183685 29.41688728 0.323948
-30.60007095 65.70928955 29.64725304 0.153967
-30.80931473 66.38098907 28.78200531 -0.122579
-37.56134033 71.24224854 28.80404282 0.314439
-36.87691879 71.13928986 29.00319290 0.345601
-26.96418381 66.12198639 32.48146439 0.261095
-36.86726761 68.49798584 25.66103554 0.162494
-27.77733803 65.44633484 30.71108246 0.266898
-37.67983627 70.66255188 27.78801727 0.462229
-40.92395782 74.13434601 28.15798187 -0.086753
-35.50812912 70.59007263 28.62736130 0.617430
-41.90388107 74.96432495 27.23922920 0.002690
-34.32020950 69.83410645 26.85474014 0.863934
-33.29246521 69.31961060 26.06409454 1.240210
-38.55321121 68.45484161 26.07355309 0.014663
-34.79899979 69.48027802 31.59563446 1.068159
-26.32302094 65.64439392 29.50072861 0.239404
-40.00873566 71.04708862 26.50377655 0.073365
-38.50221252 69.16363525 26.56475258 0.055294
-26.39897156 65.83400726 30.54903221 0.251948
-39.46943665 70.17936707 26.37356567 0.117132
-29.73391533 65.46946716 29.80186462 0.225028
-39.06494904 68.93818665 26.23914337 0.059810
-37.87120438 69.83863068 26.97505951 0.144511
-25.97301292 66.14620972 30.24265099 0.176289
-35.44675827 70.28076935 27.08417511 0.531530
-30.04000092 65.69928741 28.63227654 0.100818
-41.78753281 74.11099243 26.98953819 -0.051117
-38.44548035 70.52530670 27.35059166 0.214363
-38.56338501 69.83897400 26.82294083 0.039844
-39.05114746 69.57378387 26.45423317 -0.031696
-33.78895950 68.93906403 30.82029343 1.332730
-26.34163475 66.16477203 31.28723907 0.242294
-25.79934120 66.60800171 30.70874786 0.228720
-42.12792969 76.81783295 27.13750267 -0.075494
-26.47479439 66.60922241 32.22538757 0.258362
-26.36144257 68.26454926 30.96230698 -0.014480
-39.25933838 68.55175018 25.65114212 0.011269
-34.54677200 69.99986267 29.98200989 0.365103
-25.93772507 67.17135620 31.22821808 0.174751
-32.51377487 67.29611969 30.51980591 0.330103
-26.15903282 66.69738770 31.53092957 0.205960
-32.47234344 68.42414093 28.50337029 1.465200
-32.91653442 68.16176605 29.96081924 1.097436
-26.82255363 68.66937256 30.37401772 -0.076346
-28.38786507 65.38858795 30.01918030 0.269635
-36.59249496 69.67861176 26.34876823 0.137034
-31.69780350 66.85286713 29.82963943 -0.034722
-32.21105576 66.52754211 31.47745514 -0.125581
-25.83824921 67.73671722 30.65476036 0.067880
-27.10775566 65.61782837 30.99335098 0.265568
-34.49803925 69.98444366 28.34951591 1.044735
-33.43109512 69.14719391 28.93357468 1.267702
-37.17829895 69.51139832 26.60079956 0.138695
-29.44692802 65.49533844 31.07891083 0.261989
-41.81969833 78.89627075 27.09386826 -0.056029
-41.87775421 79.57624817 26.72280502 -0.032330
-41.44865417 79.81020355 27.19234467 0.013458
-41.28191757 81.73260498 26.18658066 -0.141065
-42.58894348 80.09546661 25.31724930 -0.069193
-42.04208755 81.34504700 25.13823128 0.016402
-40.88404083 82.45676422 11.28756714 0.024565
-40.80069351 84.02952576 19.00164032 0.086217
-43.32334900 78.02825165 25.19640350 -0.143320
-42.97090530 79.38382721 25.24342918 -0.078561
-43.95621490 79.65727234 23.66493034 -0.026861
-41.54656219 83.61671448 18.41617012 0.020070
-44.70088196 81.12326050 17.70379066 0.213911
-42.83547211 78.28578949 11.18565845 -0.000175
-41.99095917 79.95275116 10.48014164 0.066047
-41.58311844 83.68508148 16.43458748 0.129651
-40.69519043 83.80278778 14.24935055 0.075573
-45.22650909 80.09449768 20.44636345 0.053049
-39.72507477 84.20070648 13.78405190 0.065128
-39.64629745 83.99388885 12.67313004 0.017293
-44.21919250 80.25308228 14.54682446 0.203506
-42.96554184 82.65653992 16.57486343 0.154933
-43.27032852 82.05965424 15.25438213 0.200535
-42.94487000 80.81301117 12.66013336 0.085629
-44.31995010 80.90380096 20.87489891 -0.036225
-42.85567474 76.57639313 11.18180943 -0.021049
-41.64255905 76.68926239 9.12044716 0.220823
-44.97923279 79.53825378 15.41788006 0.226858
-44.02784348 79.27207184 13.42859173 0.128536
-39.77183533 84.45243073 15.08056927 0.151454
-44.84419632 80.39295197 16.04131699 0.262239
-41.65386581 82.98336792 22.26798058 0.039869
-45.55580139 78.21122742 15.75412273 0.187407
-43.99628448 81.68148804 16.78016281 0.187281
-41.92476654 77.57979584 9.62903786 0.165878
-43.74398041 82.01593781 18.05530548 0.097322
-38.97712326 83.70650482 10.67917919 0.052120
-44.17696762 81.27140045 15.94176769 0.241687
-42.99837112 80.51638031 24.31524849 -0.063018
-43.51535034 80.68625641 23.29288292 -0.018620
-45.55456161 78.26347351 21.88802719 0.040856
-42.46766663 82.97668457 19.32534409 0.038747
-43.20587921 82.42684937 19.05492783 0.044105
-44.12256622 81.58901215 19.28204536 0.058864
-42.68381500 77.16538239 26.46599960 -0.015140
-42.79424286 77.80466461 26.06600952 -0.106480
-44.75018311 81.01456451 16.83605194 0.330691
-42.04510498 82.98878479 14.63572979 0.129965
-41.87717438 82.52545929 23.55163956 0.129757
-41.37254333 83.06065369 23.89899063 0.306858
-43.29743958 82.08443451 20.32910347 -0.014089
-40.28642654 84.12922668 19.89533806 0.055569
-45.15369415 80.52916718 18.52979660 0.106767
-44.45478821 81.12621307 20.11608315 0.057120
-45.73077011 79.63680267 19.13910675 0.051372
-42.70793915 82.41757202 21.48913956 0.070733
-44.68159485 80.15260315 21.69948196 -0.006333
-43.72765350 81.20884705 14.59416771 0.241459
-44.99456787 80.73499298 19.38311195 0.119779
-46.09982300 78.54291534 17.93803787 0.122425
-45.44555664 80.15877533 17.59593201 0.248270
-45.62069321 79.42843628 16.66623306 0.281563
-45.05614853 79.00658417 22.18395805 -0.087899
-38.72367859 84.26742554 11.72256660 0.070623
-41.29630280 83.17118073 23.34162712 0.236056
-43.85732269 80.72753906 22.39476776 -0.066331
-44.51390839 81.16618347 18.59590721 0.036647
-41.69675446 83.31710815 20.29680252 0.009289
-42.18752289 82.11751556 12.98519802 0.085503
-44.68269348 77.27121735 23.41876793 -0.137819
-44.13084412 78.41696167 23.98621368 -0.096071
-44.56345749 78.92221832 23.00813293 -0.140771
-42.85377121 81.77909088 22.69664574 -0.002846
-43.63202286 81.36755371 21.60551834 -0.038769
-40.62089539 83.19245911 12.27945614 -0.000056
-42.65695572 82.95660400 18.05860138 0.073183
-42.47751999 81.53728485 23.91452217 -0.011587
-42.54299164 79.02704620 26.01129913 -0.097168
-41.86435318 82.23073578 24.53125191 0.174487
-45.54352951 79.04415894 21.31281281 0.051704
-41.63518143 82.59852600 25.37022400 0.072493
-45.61697769 77.38002777 21.87643814 -0.058137
-41.64919662 77.73015594 27.80575943 -0.002423
-42.20898438 77.82637787 26.77929688 -0.157248
-46.14753342 78.42890930 19.37417030 0.091882
-43.31351852 78.84062195 25.02464676 -0.085902
-43.39777374 79.48751068 24.58286476 -0.056383
-46.22700119 77.95858765 18.86660576 0.077720
-45.87899780 78.80403137 20.30959320 0.025963
-38.54856873 84.91624451 16.30412865 0.125819
-45.07783890 78.03889465 22.70987701 -0.086254
-39.93913651 84.35244751 18.73638344 0.050779
-37.90573502 84.99513245 14.03610897 0.146846
-36.02294159 85.27576447 12.64121342 0.139437
-44.31880569 77.44654083 13.49423981 0.057006
-37.25028610 84.95952606 12.13976574 0.140742
-46.12549591 77.68118286 20.18225288 0.026094
-38.69621277 84.59149933 12.92563343 0.134349
-44.34137726 79.86236572 22.67276001 -0.084937
-39.03606033 84.69532776 18.12620735 0.082728
-40.27524185 84.35854340 17.39894295 0.114556
-24.61058426 73.88153839 26.82695389 0.029706
-26.02984810 80.82046509 25.84411240 0.405093
-25.37938690 79.70423889 24.90741539 0.201459
-24.12040138 75.42010498 24.77551651 0.070670
-24.86828423 79.33599854 25.94581795 0.000807
-25.75372505 80.30545044 27.48033524 -0.036218
-24.36653900 75.76493073 30.77571487 0.232533
-26.80047989 72.67517853 22.48474121 0.718769
-27.28026962 69.34467316 29.49607849 0.533132
-27.16832542 70.04067230 28.62899590 0.093779
-26.13764381 70.36545563 26.19246292 0.589149
-26.32351112 70.92932129 26.81426811 -0.160218
-26.56780434 70.19268036 26.89001656 0.341618
-26.42731476 71.53200531 29.90125084 0.083871
-26.98379898 71.21094513 30.79310608 0.033956
-25.35673523 72.69216156 28.09417725 0.047947
-25.72108459 71.48030853 27.49681854 -0.076305
-25.35719490 83.75350952 27.62464142 -0.013551
-26.43077278 73.87528992 22.43121338 0.472970
-25.76309967 75.56335449 22.80003357 0.418418
-26.27766037 71.23268127 23.80467796 0.961106
-26.06102943 71.50571442 28.68973160 -0.037759
-24.22185326 77.01589203 24.84997368 -0.028843
-24.74287033 72.45066071 26.14448357 0.034949
-25.05464363 72.31503296 27.04405403 0.052211
-27.73408890 69.05590820 30.96294022 0.334864
-27.62027359 69.92069244 30.20642090 0.073534
-24.31128120 73.39328003 25.78709793 0.099217
-26.19605255 83.59121704 27.75185394 -0.062454
-25.84647942 83.30698395 26.42340279 -0.069770
-26.14183426 82.21939087 24.25196457 0.210883
-26.32744789 82.85166168 25.53656960 -0.017798
-27.37328529 81.14654541 22.72882462 0.821608
-26.84051895 81.23423767 23.71406555 0.926969
-27.03186226 77.55863953 21.25771523 0.673001
-25.82324219 79.65354919 28.28209877 0.034984
-26.22723007 80.32204437 24.16003990 0.741165
-25.89807510 80.41601563 25.13819122 0.427469
-25.85956573 79.03373718 23.60992241 0.431972
-24.91643906 77.78617859 24.12467003 0.203662
-24.86966515 76.44035339 23.84617043 0.160553
-26.00439453 77.38761902 22.68965721 0.504385
-26.97722626 80.17024994 22.91388321 1.042620
-25.82391739 68.86100006 28.58298683 0.136843
-24.82962418 75.40144348 23.88030815 0.159585
-24.93938828 75.55371094 28.07089806 0.119505
-25.17850304 75.05267334 28.69801331 0.132576
-26.10618019 72.87735748 30.16110420 0.208022
-26.43347549 73.26327515 31.03562546 0.170832
-24.08070183 74.36770630 25.71821976 0.102334
-26.85741806 81.55381775 25.70883179 0.859154
-26.58563614 81.27846527 24.76619339 1.108559
-24.54643440 77.50148010 26.66876984 0.070028
-25.10877800 77.69644165 27.81091881 0.050140
-25.11128616 83.20458984 25.81802177 -0.005045
-25.05830193 76.08490753 29.37057114 0.557751
-24.89334106 76.52151489 27.67136955 0.063704
-24.10508537 76.59588623 25.78468323 0.065916
-24.20151329 75.41773224 26.13382149 0.085598
-24.41022873 76.35178375 26.65358543 0.104334
-26.01481819 72.59518433 23.48014069 0.414945
-24.34815407 83.57141113 25.75848961 -0.013201
-25.07388115 73.80836487 28.00311470 0.073160
-25.03050804 83.56060791 26.64307594 -0.045482
-25.45852661 71.92483521 24.60648918 0.360213
-24.67193985 72.63233185 25.22945213 0.087173
-25.25764084 71.61718750 25.51107979 0.196537
-25.52970505 71.45095062 26.41886330 -0.079546
-25.80421448 70.84423065 25.72422981 0.500181
-26.08014297 70.96714020 26.20582390 0.092969
-26.56455231 82.39440155 25.07545662 0.236075
-25.84189415 82.72395325 25.20616913 0.080433
-25.18575859 76.97949219 28.77497482 0.258190
-24.80668449 83.97002411 27.10398674 -0.027093
-26.56536865 69.37698364 28.40745354 0.593480
-24.34256935 84.48619843 26.81593895 0.007589
-27.31045151 70.14720917 29.43798065 -0.036604
-25.99629593 84.92160797 30.56406975 0.028365
-25.78023720 83.95861053 28.86864090 0.001635
-25.12740135 74.22188568 23.86043358 0.053062
-25.11117935 75.88806915 28.69866753 0.216376
-26.05714417 73.97781372 30.46909714 0.188007
-26.73098564 70.66035461 29.07664680 -0.086338
-26.63937950 70.60605621 27.85071182 -0.153168
-26.47147560 69.73432159 27.49411774 0.696396
-26.97192955 69.89728546 27.96461296 0.313110
-24.83530617 76.65752411 29.64302635 0.907081
-25.82496643 72.47690582 29.19918633 0.139489
-27.01345253 70.57730103 30.10659218 0.013918
-27.23179817 82.15799713 25.12167168 0.393233
-26.94538498 81.84152985 24.83530617 0.642026
-25.25557137 75.25388336 29.40494728 0.383563
-24.92914200 74.63213348 27.95712280 0.095761
-25.61112022 74.02435303 29.12518501 0.017801
-24.80457878 75.68691254 30.08173943 0.558850
-24.33989716 73.81111145 24.93674278 0.036766
-26.89392662 82.61484528 25.39019966 0.082289
-24.34959984 77.97564697 25.04727745 0.026540
-24.75510979 78.78323364 24.86858177 0.148263
-25.59772301 78.42687225 28.73495865 0.095423
-25.01520538 72.97719574 24.47507095 0.078847
-24.58218193 75.41220093 27.20874786 0.121450
-24.46684074 78.40162659 25.92302132 0.054939
-24.22918510 77.54346466 25.68619537 0.029284
-25.09297180 78.90023804 27.23800087 0.040087
-26.43979645 82.15612030 24.70709229 0.366798
-25.36011505 82.46441650 23.69807243 -0.045094
-26.44689178 81.95569611 23.09762955 0.102214
-35.64205551 67.83630371 23.84198380 0.097123
-25.83572578 65.37021637 24.79198647 0.182009
-28.58427238 66.67498016 21.20382309 0.182128
-31.50359726 67.00392914 19.73909378 0.351321
-26.76031113 65.45809174 28.61495018 0.207790
-30.49134827 66.73512268 19.27923584 0.329686
-29.77654076 66.83576202 19.77969933 0.649246
-28.04445648 66.37024689 19.44442558 0.117747
-28.90351486 66.59388733 19.72838974 0.674548
-27.62501717 65.53659821 23.71817970 0.131562
-25.09342957 65.28176880 22.76996422 0.253900
-27.68909264 66.02371979 20.27504349 0.027471
-28.05846024 66.17178345 21.19489670 0.015249
-28.48382568 66.53726196 20.49891281 0.286674
-24.84565544 65.48229980 24.58399200 0.167720
-25.29336548 65.35700226 23.76681900 0.190895
-31.36454391 66.43699646 17.98430824 0.024538
-28.05372429 65.84739685 22.30705261 0.058778
-26.84139633 65.49244690 22.38706017 0.260073
-27.02477455 65.51555634 21.01747704 0.171088
-23.63018417 65.74803925 23.56582451 0.193561
-27.80789948 65.46138763 25.35861015 0.156322
-26.20068169 65.37304688 23.37916946 0.183950
-36.35569000 68.18655396 24.91969299 0.132845
-29.05713844 66.44892883 18.80186462 0.250666
-31.58401489 66.60901642 18.82882309 0.073201
-30.29543304 67.43617249 20.65398407 0.913612
-29.45676422 66.94916534 20.47622108 1.088461
-27.42103767 65.32314301 26.61250114 0.257427
-26.86497498 65.40750122 24.96730804 0.159304
-27.78036690 66.15921783 18.57736397 0.046123
-30.26791382 66.38126373 18.16846275 0.046203
-30.95291138 66.93542480 19.75252151 0.457734
-31.16387177 67.14190674 20.03626442 0.533984
-25.55066490 65.37416077 25.70734215 0.245958
-24.88533974 65.60401917 26.05836487 0.235350
-26.36629486 65.28735352 26.02138901 0.279459
-26.63144875 65.40971375 27.42444611 0.197092
-25.81241989 65.43164063 26.83370781 0.237875
-26.09266090 65.56774139 28.03219604 0.177411
-36.30208206 68.76078033 25.34270096 0.059971
-27.46829796 65.43758392 28.23496437 0.168977
-27.24359894 65.40985107 29.60624313 0.273489
-28.33878517 65.95630646 23.23294449 -0.002648
-31.19979858 67.98005676 20.85562515 0.594796
-32.10719681 67.60404968 20.73118973 0.283367
-34.43323135 67.68062592 22.57938194 0.085954
-35.39138412 68.55474091 24.71701050 0.255658
-37.51827240 67.41051483 24.01659393 0.054297
-32.58382034 67.54515839 21.11860657 0.296585
-32.04384995 68.00884247 21.07682991 0.251871
-32.05790329 68.51305389 21.91643906 0.373366
-33.60823441 66.83088684 19.88113022 -0.013784
-29.21660805 67.04264069 21.29503632 0.694544
-30.05650330 67.72134399 22.46712685 1.280806
-32.21295547 67.30087280 20.42484093 0.254492
-33.21408463 67.13729095 20.78179741 0.125015
-31.57422256 67.48471069 20.33929062 0.424662
-33.26536942 68.10378265 22.57558060 0.374906
-32.65171051 68.03384399 21.70567513 0.260919
-29.93705750 67.45481110 21.26700592 1.405132
-29.08411217 66.69824219 23.27774048 0.173528
-28.79647064 66.68910980 21.95568657 0.227901
-34.23287964 68.20006561 23.65086365 0.430826
-32.97918320 68.55507660 23.51268578 0.747617
-28.38038635 65.49382019 27.95744896 0.124932
-29.23420525 65.53997803 28.68531036 0.123656
-29.37256432 65.63607788 27.60696411 0.084715
-30.20195389 67.55349731 23.80191994 1.035577
-28.58656883 65.73003387 25.05562210 0.036969
-29.30742455 66.41731262 24.77779961 -0.003508
-31.22742462 68.31739807 24.02724457 2.068835
-29.91135597 67.11476898 24.47746277 0.524503
-30.68354797 67.79013062 24.94438171 1.119336
-34.95759964 69.06508636 25.07485008 0.386031
-37.99912643 68.09935760 25.63883972 -0.006013
-32.31418228 68.76726532 24.11414528 1.335105
-32.89114761 69.10142517 25.15316200 1.376538
-33.40528107 68.88451385 24.67703438 1.026007
-28.62598991 65.97734833 23.94556427 0.018351
-33.30695724 67.63895416 21.75835228 0.212387
-28.57948875 65.47763824 26.43340111 0.178034
-34.32101822 69.11727142 25.11503410 0.700927
-29.62440872 66.05388641 26.37023926 -0.004013
-25.55327225 66.49256134 29.95547676 0.208921
-30.16563797 66.99687195 25.72160912 0.283889
-34.19496536 68.65502930 24.48525047 0.648087
-30.76596451 67.15522766 20.11279869 0.615071
-36.85226822 67.68291473 24.43476105 0.027055
-38.63238907 67.88403320 25.22596359 0.085041
-31.69049835 68.65662384 25.74302864 1.950313
-31.48815536 68.58666229 22.89350700 1.143744
-37.24123764 68.06886292 25.42642021 0.125019
-23.97956085 66.25460815 25.72593307 0.137763
-32.47509766 66.90006256 19.72111702 0.084360
-25.06436920 66.35696411 28.50793457 0.158732
-24.84662628 66.10185242 27.62410736 0.203830
-24.09219170 65.84668732 24.80846214 0.144163
-23.70015907 67.78060913 25.78536606 -0.024334
-24.06228065 67.95290375 26.50876427 -0.023522
-26.29644394 68.83972931 29.40282249 0.091724
-25.50224495 68.20506287 29.13844490 -0.054382
-26.00547218 68.34465027 30.06653214 -0.014764
-31.45762634 67.86129761 27.92060471 0.662455
-34.98467255 67.26362610 21.70473289 -0.104516
-23.60241699 67.08042145 25.67127419 0.062167
-31.03620148 67.89557648 26.44554901 0.874579
-31.99057770 68.54129028 27.18051910 1.640471
-32.06185532 68.82276917 24.85890007 1.690589
-30.52983856 67.00945282 27.36057854 -0.048427
-32.49505234 69.09335327 25.68225670 1.446186
-33.04187775 69.19004822 27.05874252 1.487773
-34.05299759 67.33897400 21.52665710 -0.006682
-33.96391296 69.39115906 25.62871170 1.095731
-30.77915573 68.17170715 21.61500931 1.128989
-24.40272522 66.33670807 26.98148346 0.171862
-24.66905212 65.90484619 26.79950714 0.238491
-25.35558891 65.78043365 27.58435631 0.163623
-24.61396027 66.48018646 27.78169060 0.191036
-25.72973633 65.84793091 28.68287277 0.149109
-25.61013794 66.12775421 29.40303802 0.195759
-24.30126572 66.81721497 27.29909515 0.134926
-24.04332924 67.38748169 26.76584816 0.050148
-24.50773048 67.19272614 28.02153587 0.157483
-25.30468750 66.66472626 29.43035316 0.142197
-25.06288528 67.30059052 29.14859200 0.103956
-25.44449806 67.10750580 30.12336159 0.173303
-25.51335335 67.76185608 29.84670258 0.028722
-25.24726295 68.47105408 28.25635147 -0.042135
-24.90351868 67.91214752 28.46800995 0.032728
-24.02177811 66.72922516 26.47571754 0.105372
-24.58918762 68.21974182 27.31382942 -0.055219
-37.53911972 67.55121613 23.02405548 -0.103330
-37.22279739 67.60734558 22.05017853 -0.186541
-42.66127396 71.55529022 23.49471092 0.052221
-38.10712433 70.35597992 12.94139957 -0.693172
-38.59509659 68.80888367 17.56387138 0.029812
-36.75909424 68.40603638 16.97973251 0.244562
-37.43516541 68.30325317 20.03901291 0.171076
-37.07386780 67.76992798 20.92661095 -0.131360
-39.90423203 69.07360077 25.12077522 0.046549
-38.02925873 68.88446808 16.27511597 -0.043409
-36.58747101 68.79893494 15.41957760 -0.013044
-37.81367111 68.02715302 21.66275597 -0.154092
-40.16571808 70.38342285 14.77749348 -0.527731
-42.36973190 71.18435669 15.93221378 -0.360786
-41.37036896 70.10809326 16.90137100 -0.163291
-37.51533890 70.85896301 11.10098267 -0.696419
-41.42636490 70.97480011 24.57704926 0.084227
-39.48311996 71.92852783 11.26624870 -0.720473
-34.58566666 68.18489075 16.07762337 0.454557
-39.36823273 69.06611633 22.52188873 0.204662
-39.50690079 69.01268005 23.38325500 0.073171
-38.22973633 69.41431427 14.98680210 -0.298441
-36.49104309 69.44841766 13.73797035 -0.363991
-38.01599121 67.73934174 22.37001038 -0.054402
-41.53226852 69.96421051 20.04100990 -0.031794
-36.61493683 67.41826630 23.47539139 -0.012865
-38.58889008 68.46950531 22.15647316 -0.062648
-38.59829330 68.76943970 19.92340088 0.109999
-39.59358978 69.40538025 16.41261673 -0.174062
-41.77954483 70.05661774 18.05785942 -0.042074
-36.25970459 70.11346436 11.86394119 -0.574876
-40.76710892 72.09125519 26.75417900 -0.018032
-40.77275848 70.21037292 23.54607010 0.018299
-41.47033310 70.27213287 22.63335419 0.083978
-40.15571213 69.70285034 22.72430038 -0.005494
-36.19582367 67.17787170 21.62687683 -0.007495
-39.81044388 71.37888336 12.70635033 -0.818198
-44.37842560 72.72674561 16.15709877 -0.093922
-45.61333084 76.28632355 22.02021790 -0.044194
-46.24166107 76.67267609 19.85637283 0.059228
-44.26891327 74.53269196 23.83670807 -0.019182
-45.92025375 75.80083466 21.13253784 0.016204
-45.48910141 74.42584229 16.34978104 0.019093
-45.96907425 76.79323578 21.05522346 -0.017062
-42.36896515 75.11930084 26.59604836 -0.038174
-46.02504349 75.94058228 20.50391006 -0.041911
-45.86899948 74.98984528 20.32383728 -0.073778
-45.62193298 73.62512970 19.75554848 0.077959
-45.35266113 73.86914063 20.97379303 -0.090235
-42.90077591 76.09764862 26.21490669 0.029510
-46.35646820 77.60192108 19.44030190 0.181606
-45.63889313 75.03281403 21.66172028 0.006015
-44.51295471 76.58644867 23.92259789 -0.019499
-45.88818741 77.98940277 21.11761093 0.028053
-46.15638733 75.79615784 20.00683784 0.032824
-46.24051666 75.75068665 19.37535477 0.085416
-43.17750168 75.08881378 25.46156120 -0.069979
-44.50875854 75.58696747 23.69631195 -0.047841
-45.11250305 74.32389069 22.19224739 -0.107222
-46.20481110 75.71541595 18.20322990 0.088832
-45.21669006 75.41648865 22.68022919 -0.048088
-43.99243927 77.23137665 24.48497009 -0.098960
-43.75556183 76.19805145 24.90797806 -0.065515
-45.15916061 77.06834412 22.61179161 -0.197175
-44.95634079 76.41519165 23.05342293 -0.167248
-44.66257095 73.58295441 15.68306065 -0.120589
-46.20919037 76.92746735 17.23072052 0.178126
-42.87834167 74.51090240 25.79300117 0.011072
-43.70574951 74.96928406 24.80014610 -0.013396
-42.59863281 73.33175659 25.65947723 0.064577
-44.50170135 73.77059937 22.93483734 -0.100224
-44.01182556 72.00824738 21.86816216 0.068658
-44.03136826 72.83043671 22.87915039 -0.047910
-44.81078339 74.76459503 23.06177139 -0.064832
-41.65921402 72.72486877 26.25291061 -0.039212
-42.43354416 72.21688080 24.90675354 0.063914
-43.34685516 73.86655426 24.93427849 0.045713
-43.77947998 74.20637512 24.36775970 -0.032258
-43.77378845 73.52922058 23.84671593 -0.109589
-43.08916473 73.04725647 24.68093109 0.019569
-34.54882050 66.93390656 20.03637123 -0.049560
-35.72971725 67.35376740 22.65033531 -0.054238
-34.25321579 67.00293732 20.78347588 -0.011599
-36.09115601 67.31128693 20.56829262 -0.102023
-35.25837326 67.07017517 20.75145912 -0.065779
-43.27970123 77.05971527 25.55823517 -0.067007
-43.92425537 71.86443329 16.82779884 -0.083525
-43.33651733 75.54045105 25.45488358 -0.019208
-42.95633698 75.27441406 25.95708847 0.021070
-44.45730209 71.72557068 18.85857964 0.061450
-42.83158493 70.58271027 17.91761398 0.039774
-42.45200729 73.36145020 12.90189838 -0.451957
-45.03063202 72.90055084 17.06730461 0.028163
-44.28750992 71.85168457 20.68001938 0.051103
-43.38718033 71.23207855 20.88002014 -0.021738
-42.23183823 70.86038208 22.74912262 0.055147
-43.42948914 72.03230286 22.79042435 -0.008975
-43.16174316 71.42404938 22.07770157 0.005849
-42.34693527 70.71507263 21.56508446 -0.054613
-43.23100662 72.45028687 23.76195335 -0.019800
-43.76100159 71.57447815 21.29961967 0.055543
-44.76259613 72.89916992 21.68171120 0.011442
-43.79320526 71.22384644 20.03901672 0.076592
-45.71208191 73.92358398 17.57434845 0.092842
-45.43844223 76.14767456 15.59557056 0.011512
-42.88779068 74.87425232 11.96389198 -0.131767
-43.82638931 74.19606781 14.12200260 -0.317031
-44.17623901 75.67466736 13.64710236 -0.070450
-44.91744232 74.81991577 15.13352871 -0.058914
-43.38979340 72.67348480 15.11624241 -0.414138
-41.53638458 71.88394928 13.83714771 -0.673089
-45.99817657 75.27095795 17.16411781 0.105140
-46.32109451 77.03766632 18.68727493 0.109043
-45.27310181 72.90342712 18.25910378 0.046012
-46.02496338 74.60494232 18.12685013 0.120655
-45.97082520 74.69248962 19.02310562 0.027118
-45.58249664 73.65415192 18.62815666 -0.003884
-45.21615982 72.82714081 19.12379074 0.036075
-45.02693176 72.63069153 20.19896126 0.045847
-41.09215164 71.71322632 25.78698158 -0.064239
-40.01407623 70.13236237 25.72741699 0.109565
-40.61990356 70.99863434 25.59460449 0.004085
-37.75154877 67.67290497 24.90704918 0.047417
-39.02640533 67.83475494 24.26194954 0.128815
-41.58778763 71.80165863 25.39081764 -0.031993
-41.56650162 71.26493073 24.97512245 0.113290
-32.90687561 66.68325043 19.07812881 -0.008319
-32.16527557 67.77753448 15.78416157 0.301431
-32.74886703 66.73610687 18.04599953 -0.055722
-33.13186264 67.33861542 16.98659706 0.094940
-34.94071198 67.62915802 17.81954384 0.286655
-34.23123550 67.02384186 19.04780197 -0.159607
-35.56229782 67.75256348 19.05334663 -0.146079
-35.36034775 67.29621124 19.84199715 -0.212592
-34.75782776 69.43984985 12.70801353 -0.224278
-33.33807373 69.25322723 13.26170063 0.003758
-32.92322540 69.62276459 11.74058056 -0.079615
-32.11372757 69.12651825 13.48719978 0.322315
-38.29248047 67.53421021 24.22684288 0.091753
-40.23811722 70.08863831 24.98883057 0.071003
-33.01589584 68.65027618 14.60131836 0.374164
-34.93754196 68.95545959 14.36697960 -0.048697
-41.18790054 71.19983673 25.18304253 0.030817
-40.81644058 70.56411743 24.54842186 0.048596
-39.61593628 68.56145477 24.25730896 0.024607
-37.97607422 67.50128174 23.62893105 0.041358
-41.85538483 71.36871338 24.55863571 0.051936
-39.35781097 68.24664307 24.95781326 0.075621
-36.66462708 67.40190125 22.61573410 -0.147021
-38.54755402 67.81970215 23.27390862 -0.030942
-39.00004578 68.54610443 22.98617172 -0.059573
-39.25538635 68.26587677 23.58146477 0.022826
-41.56260300 70.78289795 23.75078011 0.029788
-41.22002792 72.19578552 26.01618767 -0.172259
-38.10606003 68.50753784 21.01833534 0.140528
-42.85684586 70.55971527 19.98338509 0.069038
-39.45670319 69.16304779 21.30419922 0.060354
-41.24895096 69.92057037 21.21641159 0.006492
-40.11313248 69.65832520 24.07727814 0.176195
-36.41332626 67.87356567 19.85171700 -0.127802
-41.80917358 70.04618835 19.04596519 -0.030529
-40.38433456 69.40107727 19.83530807 0.007364
-40.43432999 69.42167664 18.08959389 -0.037568
-39.11888885 68.90200806 18.80672455 0.051267
-37.15647507 68.32496643 18.73019409 0.303301
-28.49102974 70.03897858 44.12077332 -0.245836
-28.56643295 69.93190002 41.07492447 -0.172892
-28.44848061 70.15258026 42.77260590 -0.174739
-29.24928093 69.41400909 42.37215042 -0.237003
-30.29261398 68.72743988 44.23281860 -0.233575
-27.53941345 70.93463135 39.97970581 -0.082075
-29.67576790 68.99561310 41.14823532 -0.309691
-30.23210144 68.76039886 42.86056900 -0.298969
-25.81121826 74.10543060 39.63597488 -0.082872
-26.69007683 74.58211517 39.11614609 -0.058791
-38.59582138 66.90399933 44.02085495 0.267936
-37.81538391 66.41140747 43.87736893 0.071260
-27.46403313 72.83730316 38.99803543 -0.043481
-28.18039322 74.82046509 38.82444000 -0.081104
-29.11104012 69.46044922 40.07245636 -0.171369
-27.69307518 70.94419098 41.61879730 -0.078237
-30.41142654 74.04946899 38.47087860 -0.124336
-25.48213577 74.74637604 40.14762878 -0.230542
-28.66669273 70.75856781 38.88461304 -0.008287
-29.70133018 68.97438812 39.62781143 -0.283431
-28.08152580 70.53627014 43.42718887 -0.183387
-29.49035454 72.86828613 38.77686691 0.083122
-27.84369469 71.05641937 39.13848495 0.038503
-26.85525322 72.04949188 39.32332993 -0.040619
-26.66878510 72.08276367 40.74480438 -0.135876
-27.42171669 75.36045837 38.95531082 -0.078665
-30.53813171 68.42586517 40.28323746 -0.351416
-29.15130615 69.65190887 39.11559677 -0.003371
-29.84768486 70.37247467 38.73740387 0.056295
-30.85876083 71.20812225 38.62734985 0.131496
-25.46085739 75.94976044 39.54178619 -0.157045
-25.38061333 75.55900574 40.53537750 -0.224630
-30.91437149 69.85619354 38.61556625 0.106000
-31.04085541 72.76094818 38.54947662 0.048656
-28.95349693 74.08210754 38.82450867 0.045924
-27.70595932 73.94116974 39.02563095 0.055031
-31.22918320 68.28293610 41.33549118 -0.259955
-35.33331299 65.41774750 44.10612869 0.603666
-31.78648758 68.17282867 40.25833130 -0.216095
-30.99853134 68.23936462 39.40312195 -0.390461
-28.40984535 70.00873566 39.67116165 -0.137172
-29.33755684 69.35273743 43.61954498 -0.249658
-25.53651237 75.13078308 39.71972656 -0.113076
-26.52583122 75.53762054 38.99467087 -0.218286
-26.74237061 76.61953735 38.86605072 -0.308478
-31.22788239 68.30281067 42.57849121 -0.243959
-32.17816544 67.97075653 43.67592239 -0.248386
-31.05527878 68.36791229 43.70101547 -0.215320
-31.24377441 68.24321747 44.54912949 -0.133145
-27.74299049 71.89228821 38.88753891 -0.138093
-25.85453224 75.10351563 43.84798813 -0.285934
-27.76329803 70.90216064 42.78202438 -0.148149
-31.33269882 68.88853455 38.61255646 0.036306
-31.08220673 68.50623322 38.89822006 -0.143190
-30.42185974 68.74597931 38.97886658 -0.057224
-33.90816498 66.28030396 44.70415115 0.357601
-28.76265717 75.06168365 38.63391495 -0.195091
-27.35991096 71.38645172 39.22670746 -0.033810
-28.19932556 75.54212189 38.79619217 -0.124694
-29.55386734 74.94615936 38.66781235 -0.057586
-30.12009621 68.19889832 45.28362656 0.442967
-30.60068130 67.52242279 45.24265289 0.486479
-31.08145905 67.87934875 45.13222504 0.404190
-32.20016098 70.73949432 38.46851349 0.150571
-31.65724564 74.19606781 38.34168625 -0.115858
-31.57072067 75.28092194 38.38446045 -0.112963
-25.49617577 78.01424408 39.47944641 -0.303987
-26.20159912 80.01940155 40.34288788 -0.276357
-26.53417969 80.65071106 41.46031570 -0.360002
-26.65717697 80.92986298 40.09630585 -0.334053
-29.03952026 75.99432373 38.71156693 -0.114067
-29.76582718 75.53560638 38.73353577 0.013389
-34.67201233 65.40807343 44.51107407 0.651300
-38.08632278 66.09958649 43.37473679 0.381324
-38.84516907 66.41488647 42.81297684 0.435744
-26.46504593 79.74423981 39.19739151 -0.209936
-27.50876427 79.07760620 38.82592392 -0.295338
-26.44414711 78.12334442 38.96123886 -0.309250
-30.00339508 75.99604797 38.64549637 -0.061452
-30.93954468 76.37284088 38.56905365 -0.039043
-27.50036049 80.16294861 38.86555099 -0.303337
-33.87056351 65.37578583 44.19429398 0.615242
-30.49005127 75.19287109 38.55205154 -0.070623
-31.02735519 74.67784119 38.38986588 -0.151962
-25.69731522 78.65017700 41.16087341 -0.264229
-27.84182930 76.42417145 38.84611130 -0.152942
-27.56558037 77.71344757 38.80738068 -0.270834
-29.80446053 77.24156189 38.73258972 -0.039058
-28.40527725 79.23391724 38.82765198 -0.183177
-25.89467239 78.78803253 39.29553986 -0.252110
-31.96674728 66.68595123 44.90902710 0.321607
-25.26188469 76.93819427 40.20439911 -0.312038
-38.60904694 66.42247772 43.70154572 0.273612
-25.76143456 78.96123505 40.05213547 -0.244312
-25.68613052 76.79421234 43.33622360 -0.281561
-25.50662994 78.00128174 40.39284515 -0.239555
-26.00163841 79.60056305 41.34379959 -0.335209
-25.50814247 77.58791351 41.52976990 -0.262221
-28.53442192 77.17834473 38.71536255 -0.212168
-28.75228310 78.38219452 38.76224518 -0.176254
-28.17850113 71.38152313 38.88580322 -0.071393
-28.65554428 71.87377930 38.81563187 -0.011614
-27.14238548 71.83173370 42.48067474 -0.072718
-37.35561752 65.90678406 43.41937256 0.365497
-36.74166870 65.91096497 42.73399353 0.383515
-36.57782745 65.70299530 43.43490982 0.537610
-37.92370224 66.97482300 44.32025528 0.454128
-26.79132080 73.34389496 39.10834122 -0.078569
-30.53431320 68.54588318 41.65724945 -0.269672
-26.03996468 76.07614899 39.08259964 -0.250753
-30.26570892 68.63283539 45.02442551 0.184018
-25.61151314 75.45161438 42.15876770 -0.227942
-25.41739655 76.45198822 41.48363113 -0.268144
-25.89186478 74.40168762 42.52857971 -0.188167
-26.17082977 72.87159729 39.67834091 -0.160583
-29.93496704 69.44472504 38.82741547 0.034994
-28.06123161 70.58336639 39.38021088 0.063992
-26.00466537 75.19135284 39.26052094 -0.096098
-28.37808990 72.92679596 38.87485504 0.016854
-36.95865250 66.44593811 44.23522186 0.277344
-37.03164291 66.01659393 43.89196014 0.319249
-25.64686394 74.36727142 40.98236084 -0.231165
-25.98113441 73.29189301 40.54766083 -0.209747
-26.20923805 73.80914307 43.85768127 -0.188972
-32.15903854 72.04965210 38.39392090 0.034231
-34.11808777 65.68869019 44.58433533 0.480459
-25.72183228 76.96025848 39.14590454 -0.298860
-29.78272629 71.60490417 38.71178818 0.063506
-26.32880211 73.17263031 42.11458206 -0.135252
-34.25316238 66.97686768 44.74570847 0.402488
-32.91444016 67.38174438 44.92883301 0.404325
-33.69592667 67.45965576 44.75479889 0.324721
-35.07630157 66.75652313 44.69529343 0.464575
-34.66944122 67.54988861 44.72977066 0.416002
-35.55051422 66.21492004 44.57358932 0.432164
-34.44371033 67.80296326 44.06858826 -0.064204
-32.07037735 68.04637146 41.88134384 -0.253407
-36.15085220 67.15805054 44.59931183 0.485524
-35.38781738 67.33747864 44.67670822 0.460104
-33.18542480 68.88207245 38.37968063 0.140991
-33.44781876 68.19234467 38.63425064 -0.057657
-32.65854263 68.29721069 38.71557617 -0.028519
-34.00108337 67.78430176 41.38354492 -0.289928
-34.16400146 67.73957062 42.89859772 -0.273967
-35.36162949 67.81594849 44.26303482 0.061868
-33.08871078 67.85189056 42.38373566 -0.251128
-36.14189911 67.85942078 43.69560623 -0.226114
-37.21501160 67.81839752 44.49111938 0.492778
-36.27135468 67.88635254 44.49742889 0.380362
-34.07764053 68.05229187 38.91508865 -0.156181
-38.28863144 68.42710114 44.33683395 0.459721
-35.37782288 69.73880768 38.04993820 0.113408
-35.18575287 68.11764526 38.64953232 -0.173932
-36.25958252 65.83487701 44.01698303 0.257121
-35.85032272 65.45322418 43.58771515 0.604909
-38.63110733 67.35074615 44.29616547 0.511756
-34.51444626 65.45852661 43.97214508 0.510471
-34.44331360 67.83520508 39.84957886 -0.300730
-33.06146622 67.87530518 40.84315109 -0.272293
-33.64436340 70.16622162 38.28134537 0.151506
-37.01943588 67.04085541 44.43406296 0.439412
-32.09398651 69.50558472 38.43763351 0.096883
-37.15895081 68.14246368 41.90338516 -0.373145
-32.17397308 68.70096588 38.50318146 0.052879
-36.18827438 67.88331604 41.81483841 -0.368386
-35.41809082 67.73235321 42.99854279 -0.340583
-36.38806915 67.89521027 42.84802246 -0.345933
-35.27933121 67.77501678 41.12607193 -0.364092
-33.66404724 67.77292633 44.09855652 -0.121226
-37.21537399 68.18012238 43.56631851 -0.202442
-38.32236099 68.62108612 43.48004532 -0.211670
-31.78334427 68.27717590 39.04982376 -0.159584
-33.04303741 67.99453735 39.40148163 -0.212960
-32.17205048 67.69030762 44.87120438 0.249434
-32.81781387 66.93916321 44.91740799 0.406182
-38.03878021 67.61361694 44.42036819 0.534767
-36.18353271 68.08428192 39.32194138 -0.311526
-36.73797226 68.10748291 40.60881042 -0.350253
-34.28295517 68.54303741 38.38175583 0.174938
-34.86040497 69.05366516 38.17470169 0.139868
-34.22067261 69.23135376 38.26534653 0.185740
-35.42756653 68.79672241 38.16578293 0.137515
-33.17016983 67.78850555 43.65427017 -0.234851
-32.95429993 67.73201752 44.45984268 -0.056123
-29.64879608 86.61631012 25.70727348 0.082241
-41.71432114 80.45941925 26.22270584 -0.116664
-27.29832268 87.12213898 28.08171463 0.051449
-28.44585609 86.66300964 19.81590080 0.042029
-40.88848114 79.95085907 27.77375793 0.041877
-28.72367477 87.21294403 26.25852585 0.008081
-28.07615471 87.28598785 25.24009705 0.038299
-30.92926025 85.03031158 22.02936363 1.025405
-40.69882584 78.75648499 29.12271500 0.048717
-39.87367630 79.80235291 29.30708313 0.024881
-40.10198593 80.41999054 28.07555771 -0.031645
-40.57921219 79.52484131 28.57134247 0.070061
-28.27660370 86.80364990 22.59133720 0.015483
-27.42265892 87.28504181 23.19095802 0.025297
-31.04590607 84.92564392 24.31257439 1.548287
-29.86182404 85.76560211 24.08129311 0.605021
-32.03680801 85.44219208 21.06041145 -0.094630
-30.92639542 85.64400482 20.60722542 0.100553
-28.55933380 87.02104950 18.60143661 -0.104192
-29.66954994 87.07684326 18.08397484 0.081276
-30.46337891 86.37947845 19.76043320 -0.121437
-41.22287750 78.93435669 28.07107353 0.076715
-31.30918884 86.59069824 19.48066902 -0.218676
-30.23223495 86.86711884 18.81237793 -0.078154
-31.83250809 86.75693512 18.72336960 0.034188
-32.12094116 86.45081329 17.55615234 -0.024731
-30.67835617 86.94232941 17.76599693 0.089907
-30.79285431 86.50998688 16.41786575 0.167159
-32.38479233 85.82659149 16.43890190 0.472703
-40.37328720 79.28857422 29.24245071 0.069078
-40.65558243 78.42881775 29.84136963 0.144286
-41.18622971 77.97505188 28.69269562 0.059279
-31.02630234 84.78701782 22.98930931 1.613555
-38.48678589 81.50803375 27.80238914 -0.014485
-38.63098526 82.18639374 27.21303940 -0.212424
-32.65428925 85.73469543 21.11138535 -0.255621
-34.21147537 83.33212280 25.08184624 0.767957
-35.30709839 86.23009491 22.15388489 0.026002
-35.86909103 86.24651337 21.33510780 0.144132
-34.09933853 86.48447418 19.88643837 0.102999
-33.16556168 86.61236572 19.40020370 0.080751
-40.91061020 76.90364838 30.12837982 0.134142
-40.87812424 77.81986237 30.06583405 0.224599
-39.30954742 81.29759216 27.60573006 -0.152370
-36.42834473 86.06616974 22.58011818 0.059963
-36.01145172 84.76617432 24.46974373 -0.220691
-35.15475845 84.67872620 24.00386047 -0.092796
-35.04406738 83.95263672 24.60572243 0.134253
-36.99443436 82.77506256 26.58341789 0.184559
-31.66957092 84.99336243 26.91693497 1.126919
-35.68571091 84.22241974 24.68882751 -0.084472
-35.90193176 83.60747528 24.99053001 -0.207798
-36.70734787 81.77069092 28.44802094 0.185192
-39.77719879 81.37770081 27.40020370 -0.222578
-31.64692307 85.05932617 21.78725433 0.489058
-40.89794159 78.02983856 29.44899559 0.104370
-32.49094391 84.19089508 26.90563583 1.988723
-40.24655533 81.20568085 27.35393524 -0.129313
-39.50366592 83.20227051 26.91819191 -0.429191
-35.01374817 82.85995483 25.74918556 0.645111
-33.99327087 83.91918945 24.22556877 0.468313
-32.26082611 84.09948730 25.21833420 2.267406
-38.66504288 84.04394531 26.51879883 -0.420584
-40.26328659 82.66271210 26.85631561 -0.352301
-40.26688004 83.41311646 26.68064690 -0.335815
-31.73129654 84.61566925 22.80755424 1.004715
-33.38264847 83.66617584 24.44376373 0.890500
-32.98937607 86.23399353 20.80706406 -0.232203
-36.40694427 83.05117035 25.66294098 -0.160800
-33.39120865 83.49512482 26.56886482 1.722378
-34.86937714 82.80445862 27.25292015 0.922007
-35.83518219 82.34529877 27.28340912 0.369125
-29.38429832 87.17988586 27.26192856 0.031049
-29.25624847 87.25975037 28.58255768 0.055515
-29.81551361 85.47100830 21.72732162 1.167683
-28.83238029 87.02295685 24.93746185 0.022601
-28.21386909 87.11022186 24.00434494 -0.023291
-29.02681541 86.50579834 23.86301422 0.134548
-29.17178154 85.98254395 22.56134033 0.547543
-31.78685379 86.07065582 20.27476120 -0.311738
-35.94929504 82.56556702 26.55694962 0.414420
-29.39390945 86.61697388 19.44495392 -0.077217
-29.59900665 86.02185059 20.40362167 0.268090
-30.08633995 86.20798492 15.36605930 0.784603
-30.52804184 85.47892761 21.19062805 0.640553
-33.74746323 83.47824860 27.88946152 1.816241
-30.13628578 85.27584839 22.95609856 1.239697
-35.92695999 82.17064667 27.92890358 0.388064
-34.20596313 84.72024536 23.51363754 0.143121
-33.89983749 85.63501740 22.24370956 -0.176752
-33.47714615 84.53425598 23.36904335 0.388294
-33.09056473 85.16151428 22.25929832 0.082357
-34.02116776 85.24570465 22.72317123 -0.089052
-36.65924454 82.14723206 27.43158150 0.205390
-37.81898499 82.31584167 27.21315765 0.164622
-32.79932785 84.39176178 23.33183861 0.682408
-37.86938095 83.22647095 26.55433083 -0.232245
-39.25136566 84.53443909 26.23801422 -0.374301
-38.19660187 85.68287659 22.81443787 0.091282
-39.02171326 85.45773315 23.38229179 0.149987
-36.38947678 84.01441193 25.17306328 -0.219980
-37.15702057 83.55209351 25.97274780 -0.222090
-35.35334396 85.35702515 14.35981464 0.112679
-38.70299911 85.05959320 25.67891884 -0.217455
-37.64624405 85.16709900 25.22290611 -0.208094
-39.86110306 84.73133850 25.96998215 -0.188942
-37.73019409 84.07785034 26.13056374 -0.258536
-37.06473923 84.60665131 25.33901787 -0.260950
-39.66331863 85.22432709 25.17137909 -0.028458
-35.54870224 83.08250427 25.17161179 -0.027974
-35.77531052 82.65793610 25.73429871 0.155672
-34.08438492 86.16540527 21.63583374 -0.196854
-39.05891800 84.49263763 19.65756798 0.011201
-36.46714401 85.20561981 19.20131493 0.433676
-40.40623093 84.77130890 24.38672066 0.175959
-36.66658401 85.38366699 24.22033310 -0.299616
-40.67873001 81.91819763 26.87972260 -0.162055
-31.66847229 84.42560577 24.09482193 1.863694
-38.82505417 85.46414948 24.83148193 0.008383
-38.33198166 85.74946594 23.89043236 0.139826
-32.37598419 84.07008362 24.06689835 1.330758
-34.75588608 83.36493683 24.97621536 0.381647
-34.70391846 82.87773132 28.72627640 1.286057
-39.71298218 84.75048065 23.12182617 0.192764
-37.86781693 85.54277802 24.59969139 -0.083979
-33.11922073 84.24092102 28.65602684 1.845840
-34.13767242 83.43069458 29.40926361 1.284548
-38.70124054 84.58963013 20.88715172 0.273079
-38.92753220 85.22074890 22.59732056 0.215969
-32.19375610 84.80307007 27.97960281 1.169338
-32.33237839 85.08370209 12.70086765 0.059998
-37.96539688 84.67698669 25.87063789 -0.291193
-39.13070679 84.61286926 21.89175034 0.478432
-39.60617828 84.18061829 20.94449615 0.050804
-37.79563522 84.95079041 20.23461914 0.427573
-37.38140106 85.90383911 23.00776482 0.084823
-38.10729599 85.30974579 21.62909126 0.234046
-37.10640335 85.90879822 22.04635239 0.043846
-36.38197708 85.21833801 15.61913967 0.088495
-36.97790527 85.19853210 15.02169514 0.111889
-36.78322601 85.72337341 20.77048683 0.146108
-34.52818680 85.34694672 12.54843807 0.071902
-37.93133163 84.82244110 18.86986923 0.087584
-35.10655975 86.10400391 19.67962074 0.071212
-35.08039093 85.41426849 18.42889977 0.338271
-36.91125488 84.95491028 17.90263939 0.042417
-37.14216232 85.10392761 16.55076027 0.094913
-34.40853882 85.31478119 16.77820206 0.188076
-33.78833771 85.27768707 13.32688046 0.062343
-40.61351395 83.71913147 21.39456749 0.029986
-40.60348129 83.76893616 22.98018837 0.383816
-39.90176392 84.09668732 22.06129646 0.256151
-31.61782455 84.75645447 25.78323746 1.539762
-33.58179474 83.36219788 25.50851059 1.340394
-41.16448593 83.72285461 24.23038864 0.376689
-39.77124405 81.04135132 27.72237015 -0.059876
-36.03270721 85.88528442 23.13479805 -0.139596
-31.43168259 85.75767517 28.32699966 0.326414
-30.86853027 85.64981842 25.92565346 0.787302
-35.00060654 85.49527740 23.13388824 -0.237614
-33.01013947 85.22378540 14.01953411 0.067908
-33.33410645 85.84265900 21.59642220 -0.223441
-38.03684235 84.96546173 17.60496521 0.119100
-32.94089508 85.38365936 15.34965038 0.177718
-32.40838623 86.59989166 19.83861351 -0.063444
-33.56782913 86.54137421 20.42315674 0.053934
-40.87662125 80.80175018 27.06005478 -0.075896
-34.69657516 86.42900085 20.89022827 0.124264
-39.26527786 81.80043030 27.15880394 -0.411181
-40.01634979 81.90309906 27.07673073 -0.343073
-39.70629120 84.05503845 26.58045197 -0.352672
-38.61116028 82.88569641 26.92873383 -0.336198
-32.95892715 86.51355743 18.45295334 0.002644
-33.82987595 86.34844208 19.04490662 -0.019911
-35.80686188 85.13877106 16.40140533 0.032736
-39.41956329 85.37641144 24.19345284 0.081809
-33.42693329 85.58531189 16.59980392 0.449477
-33.72370911 85.92062378 17.88095093 0.200584
-35.75433350 85.08902740 17.85766602 0.105779
-34.24814224 85.31092834 15.06106091 0.083004
-37.11773682 85.77662659 23.61243057 -0.077262
-37.73947906 81.22528076 28.78943253 -0.052210
-38.58275986 80.52017212 30.37630463 0.068610
-40.27131271 78.98065948 29.97855377 0.089483
-40.54076004 78.26735687 30.41256905 0.170921
-40.28731918 78.44351959 31.08181763 0.164608
-39.59985352 79.67138672 30.59318924 0.116172
-39.28715515 80.92629242 28.12191963 -0.057523
-39.64959717 82.35740662 26.91859055 -0.533880
-39.17288208 82.50453949 27.04550934 -0.444628
-38.60809326 80.97980499 28.57582664 -0.047012
-38.52568817 80.73535919 29.38035393 -0.029948
-37.45565414 81.74732208 27.94946480 0.060276
-40.63302231 77.57354736 30.77173042 0.151440
-41.52283859 82.92207336 24.42084694 0.269219
-41.45273209 83.46478271 25.24387360 0.124218
-40.22788239 84.85857391 25.35981560 -0.041006
-41.02076340 83.11683655 26.27070045 -0.220193
-40.89991379 84.28406525 25.49000168 0.017618
-35.71071243 82.14030457 28.96901131 0.631210
-39.15378952 80.28912354 29.72058678 0.019889
-40.42753601 84.01034546 26.32181168 -0.259190
-39.24133682 80.51403809 28.86037254 -0.051088
-23.90406418 73.33360291 45.58360291 0.686679
-24.08343697 72.84009552 45.38016510 0.584447
-25.70477486 69.62625885 44.28289032 0.395254
-23.44405937 76.39133453 44.97469330 0.523180
-23.47154045 76.81531525 44.31328964 0.369293
-24.48125267 70.84467316 41.79961395 0.393695
-23.39283180 75.42655182 44.97844696 0.622638
-24.06386757 71.79286957 41.50692749 0.280522
-23.74180412 72.92869568 43.19660187 0.375102
-22.94654083 75.35341644 40.82711411 0.421730
-23.17565727 75.01291656 42.04224014 0.355501
-23.49291420 73.83560944 43.24642944 0.382147
-23.10730362 76.14838409 41.87863159 0.347814
-23.38889885 73.90793610 42.42317200 0.345682
-23.59992981 74.35243225 44.91669464 0.548526
-23.85667610 73.90569305 45.50640869 0.597339
-25.35653305 71.82940674 45.73374176 0.330772
-24.54302406 72.67291260 45.85710907 0.528096
-23.79542923 74.98795319 45.72792816 0.557986
-24.35407639 71.79620361 45.44690323 0.699199
-23.44852448 77.93574524 44.08331680 0.443358
-24.28157997 73.65567017 45.76650238 0.409692
-23.54024696 76.20605469 45.69637299 0.647349
-23.60049248 76.93817139 45.56626511 0.536851
-24.58080482 75.27317047 45.93066406 0.332718
-23.70259666 77.65721893 45.77594376 0.564858
-24.30455399 78.26221466 45.87467194 0.357247
-24.19452667 76.97498322 46.00901413 0.395422
-24.13525772 75.88317108 45.95549393 0.452234
-25.15250969 74.78696442 45.89541626 0.343803
-25.22556686 76.11611938 45.88779449 0.296219
-26.36084366 70.58161926 45.57995987 0.304727
-31.40129852 65.87869263 44.58688354 0.362763
-28.89727974 67.34343719 45.07607269 0.269115
-29.38576698 66.81908417 45.04883575 0.400498
-23.15415192 73.96820831 39.81349564 0.305139
-22.95663834 75.02155304 40.00659180 0.362545
-26.89459801 69.60072327 45.50051498 0.317965
-29.34676933 66.76725769 44.07616806 0.239828
-23.13497925 74.10668945 40.93426514 0.399250
-30.60008240 66.14984894 44.63593292 0.260104
-29.43488312 67.11444092 44.98397827 0.183842
-30.30664825 65.64105225 43.44936371 0.615137
-27.54714966 69.49697113 45.52719116 0.391636
-28.22205925 67.09172058 43.00144577 0.489556
-27.24784851 67.97987366 44.02651978 0.410436
-27.45817947 67.67303467 43.31559753 0.458965
-26.73791504 68.42440796 44.29079437 0.453400
-27.23825645 67.91709900 44.85322189 0.579894
-26.63545036 68.44457245 43.28254318 0.395510
-28.05137444 67.38049316 44.88354492 0.508929
-27.56214142 68.76524353 45.36408997 0.282007
-29.39495087 67.43243408 45.13001633 0.272879
-28.69396782 67.10058594 43.87068176 0.271855
-32.13532257 65.40658569 44.19387817 0.740488
-27.44046211 67.73141479 41.88818741 0.360858
-23.30148506 74.67897797 43.52080154 0.493290
-25.79678917 69.43693542 43.13410950 0.287227
-30.05076408 66.14946747 44.23479462 0.440529
-33.12119293 65.51656342 44.55938721 0.555013
-32.24332047 66.12832642 44.68350601 0.200200
-30.00881386 66.83054352 44.99752045 0.240178
-29.88474846 66.42001343 44.81977844 0.417765
-28.72293472 67.15892029 44.51424789 0.261804
-28.66184998 67.01943970 45.03919983 0.539935
-29.28837013 66.63929749 44.67786407 0.421476
-26.22562408 71.85700989 45.73453140 0.377676
-30.14846611 67.22584534 45.20736694 0.428138
-28.00988388 67.54984283 44.12538528 0.305269
-28.31602478 68.84145355 45.45557785 0.416146
-29.42644501 68.03827667 45.33905411 0.440884
-28.45021629 68.00200653 45.30398941 0.334420
-27.64291382 67.50431061 45.27103043 0.764815
-28.20288467 67.51910400 45.20756531 0.475705
-26.28095055 68.88517761 44.10083389 0.422554
-27.60352898 68.02369690 45.41888809 0.555807
-26.19563675 68.85594940 44.88892365 0.632935
-25.95851517 69.24808502 43.67784500 0.353084
-24.78943825 70.98551178 43.56978607 0.289302
-23.62844658 75.59217072 45.70882797 0.640918
-26.84241867 68.68359375 45.52830124 0.617754
-25.66543198 69.59934235 43.62781143 0.347991
-26.15481758 69.60486603 45.59521484 0.502549
-25.27582550 69.77882385 41.21197891 0.297892
-25.47038078 70.00486755 45.28477097 0.578587
-25.83987999 70.26899719 45.64103317 0.430217
-25.56193733 70.87532806 45.70552063 0.462402
-25.12068367 70.71571350 45.45316315 0.626118
-24.99253845 71.21132660 45.65781784 0.539331
-24.79260063 71.04023743 45.37218094 0.620550
-24.46879578 70.95625305 40.76315308 0.253356
-31.60008621 67.15606689 45.06566238 0.409070
-31.06966019 66.66410828 44.96253967 0.284050
-23.14044189 78.23315430 41.26572418 0.405960
-24.05976295 81.27145386 40.66115570 0.439174
-24.98310089 82.63192749 39.75522995 0.347112
-23.90273476 73.44851685 44.91603470 0.443769
-24.32505608 74.33586121 45.87880325 0.453949
-25.03933907 73.54977417 45.87971497 0.374346
-25.34520912 70.22187805 43.68156815 0.242186
-24.39526749 71.84481049 44.04684830 0.325628
-23.79420090 74.37776184 45.62856674 0.707657
-23.98247337 80.75194550 41.45330811 0.358977
-24.39358521 81.52287292 41.40132904 0.336470
-23.27133560 76.59157562 43.25849533 0.382352
-26.46646118 84.16414642 42.39274597 0.417048
-27.15324020 84.71421814 42.02723694 0.357413
-23.49491310 79.56113434 41.48310089 0.388734
-25.76693344 83.40558624 42.99783325 0.445999
-25.12152481 82.46485901 43.33683395 0.423938
-23.34382629 75.95378876 44.07193375 0.449170
-23.15076447 75.64855957 42.92670059 0.463124
-24.34611511 81.42678833 42.53438568 0.437400
-24.12627220 80.66838074 43.57862854 0.435866
-25.91418648 78.67204285 42.97984695 -0.271798
-25.92782402 77.89062500 44.50334930 -0.228846
-26.46650314 80.11168671 42.90594482 -0.290162
-24.23648453 71.68121338 42.68511581 0.318012
-25.86328316 77.05905914 45.86396027 0.302129
-25.95016670 76.92751312 45.05816650 -0.116026
-24.14371490 72.79942322 44.44283676 0.285409
-26.07905579 77.52973175 45.44993210 0.009398
-23.57831192 77.37476349 45.03237152 0.444769
-23.80077744 78.43923187 45.27214050 0.603277
-24.25496483 73.13149261 45.87278366 0.624750
-24.14079475 79.26630402 45.73118591 0.491955
-25.34323692 82.53644562 44.77959061 0.472501
-26.30633545 78.95140839 44.89197159 -0.143551
-26.13397789 78.26703644 45.49885941 -0.014361
-23.89765358 79.86139679 44.62403107 0.514160
-23.78876686 79.85512543 43.02323151 0.385403
-24.67514038 81.56709290 43.91713333 0.395675
-25.71948433 83.21811676 44.07476044 0.480787
-25.85604858 82.46238708 45.76698303 0.381667
-24.61278343 82.04694366 40.63903046 0.366315
-26.17692375 83.61476135 45.04719543 0.556112
-24.94368172 82.41290283 41.94404984 0.397692
-24.36528587 80.89569855 44.29867935 0.401460
-25.04924393 80.48535156 45.89275742 0.205147
-23.74694633 80.53778839 40.56289291 0.406418
-25.80172539 82.97838593 45.48598862 0.501144
-22.93284416 76.62751007 40.03564072 0.328406
-23.88805199 80.40133667 42.41326141 0.406581
-23.43524933 78.71901703 42.87887955 0.404462
-25.90965843 73.40365601 45.81807709 0.371551
-25.47311020 73.04992676 45.77574539 0.314267
-25.90475655 75.24957275 45.78186035 0.278219
-23.64718628 73.65608978 44.01715469 0.424323
-27.52169418 71.28656006 44.86923599 -0.135987
-27.69887543 71.01043701 43.86906815 -0.193021
-24.39291763 80.09369659 45.83340073 0.452660
-26.13759804 74.61488342 45.53755188 0.099489
-26.01872635 75.06842041 45.11674118 -0.143555
-25.17665863 82.00064850 45.55637360 0.461605
-29.35808372 69.22649384 44.64818954 -0.243431
-28.11868858 69.82325745 45.44408798 0.332523
-27.16382217 81.21109009 43.37315750 -0.303296
-27.28075981 70.37052917 45.60997772 0.405626
-25.75073051 80.51390076 45.86595154 0.207593
-26.13710213 74.38043213 44.93122482 -0.155142
-23.57470131 72.82695007 41.84670258 0.372680
-25.55494308 82.54381561 45.44857025 0.513861
-27.02214432 80.28550720 45.51209641 0.114205
-27.16291809 80.99678040 45.65034485 0.124793
-25.07805061 70.25002289 42.60853195 0.295743
-24.69619179 81.14273071 45.66418457 0.478711
-25.06937218 81.62239838 45.89688873 0.502226
-25.52269363 81.53379822 45.86712265 0.216338
-23.18498230 77.35363007 42.22362137 0.365830
-24.96675682 70.78998566 44.63460159 0.423973
-25.74168777 72.58860016 45.81341934 0.386660
-25.08728027 72.58361053 45.66398239 0.209710
-28.67254639 69.74639893 45.01649094 -0.038278
-26.37430954 79.68349457 43.99051285 -0.318912
-26.74728203 79.79373169 45.11716843 -0.019650
-26.71931267 80.39035797 44.13888550 -0.306402
-27.61864090 81.30056763 44.86716843 -0.040733
-25.96589088 75.96356964 45.04592514 -0.108574
-26.50222588 83.19062805 45.79749680 0.308822
-26.48091316 82.20057678 45.82435608 0.192318
-26.04057884 76.42165375 45.67254639 0.182477
-25.73859024 74.29080963 45.85416794 0.358360
-26.25737762 74.05133820 45.59851837 0.176373
-26.58830261 79.30864716 45.57067490 0.142414
-27.12333679 80.67327118 44.89938736 -0.100078
-28.08842087 70.46442413 44.85204315 -0.181998
-26.52002335 73.40937042 45.14186859 -0.033157
-25.80818939 77.76673126 45.82807922 0.241922
-26.46211815 80.15741730 45.75697327 0.176628
-25.98225975 79.15625763 45.77471542 0.172301
-26.51312828 81.20908356 45.73941803 0.134123
-25.58022118 78.42366791 45.81676865 0.195229
-25.02213669 79.23197174 45.86513519 0.243554
-26.84729195 71.34912109 45.70801926 0.420608
-25.12121201 77.69850159 45.91150665 0.271116
-26.05167198 81.35760498 45.87808990 0.227347
-26.88092995 72.37319183 44.13278198 -0.149964
-26.78882408 72.48698425 45.44918823 0.123375
-27.37692642 71.14994812 45.49137497 0.258132
-26.32726860 72.80957794 45.80831146 0.416313
-29.18358994 68.95076752 45.29164886 0.319861
-27.76107788 70.66679382 45.42578506 0.246037
-24.66002274 81.37264252 44.89469528 0.464474
-27.14905548 71.85196686 45.29406357 0.031561
-26.77741432 71.93659973 45.68083191 0.362326
-25.63281441 81.69620514 21.08519936 -0.000077
-27.60562134 84.40375519 9.04751205 -0.196557
-24.47547722 85.27062988 27.02680969 -0.039960
-23.46542549 84.80225372 25.26264000 0.056001
-21.23423958 83.18369293 19.80488777 0.120238
-23.89744186 85.12417603 26.00191689 0.007488
-21.50040817 84.39564514 20.95925713 0.019760
-27.57174683 83.52331543 9.98856449 -0.091025
-27.34786606 81.41888428 11.55496120 0.017497
-27.73332405 82.73011017 10.93896866 0.320937
-26.72669220 80.81328583 10.17010498 0.013973
-27.11845970 80.47162628 11.34286880 -0.080173
-27.26040649 82.34419250 10.56172371 0.127243
-26.90651131 82.43708038 10.21683311 -0.002418
-27.66669464 82.28070068 11.47842884 0.261067
-25.68283653 81.67981720 9.82319927 -0.145751
-26.36987305 82.09581757 9.97763348 -0.093282
-27.46207619 82.95464325 10.36707115 0.036825
-28.34148788 83.12134552 11.59422302 0.301713
-28.27940369 83.53098297 10.58831024 0.100481
-27.38813019 81.90095520 10.92617702 0.275568
-27.28497696 81.04589844 10.77135754 0.192788
-26.90874672 81.68884277 10.36936474 0.034195
-26.29231071 81.39775085 10.01524925 -0.087718
-26.71905136 82.99556732 9.83585358 -0.112693
-25.64114189 82.49966431 9.63474274 -0.153759
-26.44565010 84.11341858 8.87033749 -0.213556
-27.07072449 83.84208679 9.50908184 -0.129268
-27.20076942 84.95565796 5.09268379 0.008736
-26.18884277 84.52874756 5.71044540 0.118669
-26.30246925 84.45631409 6.87867022 -0.250862
-26.87261391 85.59509277 4.32994938 -0.193251
-22.26791573 83.20352173 21.73706818 -0.020899
-24.12141037 84.89907074 26.56151199 0.042423
-24.59604645 81.37319183 18.04699707 0.009630
-24.19844246 82.61061096 16.11949730 0.097252
-21.80097771 82.46490479 19.79555130 0.134969
-27.71348953 81.50798798 20.92380142 0.290518
-23.39840317 81.60961914 19.01481247 0.121787
-23.25856400 81.71879578 17.90122604 0.148446
-22.15993690 82.05915833 18.56135178 0.185649
-20.95567513 83.50410461 18.87399483 0.190815
-24.97884750 82.83417511 24.69126701 0.013139
-26.86587715 81.11446381 18.92564583 0.053251
-22.54075050 82.00904083 19.61319351 0.110134
-28.91845322 84.28409576 10.12825584 -0.092529
-28.00687408 84.02165985 9.90387630 -0.050188
-23.45358658 81.86918640 20.23301888 0.087407
-25.74355888 81.19228363 17.66294098 -0.012260
-25.58555603 81.32901764 18.52168083 -0.033465
-30.06595230 84.66027832 7.05278397 -0.079152
-29.64367104 84.87165833 7.97983837 -0.047339
-23.94162560 83.11887360 24.18727684 -0.047230
-27.48382568 80.99195862 19.29231834 -0.022745
-26.49884033 80.71311188 17.09171486 0.155469
-25.31145477 81.43605804 16.81489944 0.028909
-23.55253792 84.12162781 25.10443497 0.020762
-23.41110229 83.50744629 24.12491417 -0.019600
-26.64399910 79.43546295 17.09109879 -0.133350
-26.23482323 81.09022522 16.18144226 0.104874
-23.71858025 83.55035400 24.83678436 0.043973
-26.76664543 81.60016632 20.51252556 -0.039921
-26.03345490 81.51772308 20.04674339 -0.033506
-26.12624741 81.37909698 19.11397171 -0.032542
-24.73901176 82.26379395 23.20610237 0.141575
-25.07785988 85.14991760 15.26778126 0.499804
-26.41985130 80.23907471 13.81064034 -0.064780
-26.80156898 80.67505646 12.31957054 -0.070307
-26.91440582 81.32328033 13.03671932 -0.052383
-26.69742203 85.14031982 14.69125080 0.703521
-27.77166176 85.97085571 15.20757771 0.507786
-25.73332977 86.30821228 15.79940319 0.455435
-28.38157654 85.17124939 14.35201740 0.850520
-33.08272552 85.23473358 11.60647583 0.031931
-23.73376083 84.35751343 15.75891018 0.487349
-28.73018837 84.70079041 7.44448853 -0.145795
-28.94757271 84.50975037 6.31492758 -0.073667
-27.57741737 82.21449280 12.35338020 -0.000651
-22.08829498 85.95799255 17.47119331 0.121576
-25.75516129 83.27484131 14.84668255 0.466616
-23.56232834 85.93603516 16.40187645 0.310168
-22.52976608 83.72596741 16.59978104 0.407166
-32.23169327 85.14216614 9.71115875 0.029013
-31.20526505 85.65097046 14.98022175 0.626180
-25.57788849 81.84899902 15.71610737 0.133813
-28.99807358 84.50172424 13.50666714 0.538403
-28.16351318 83.35768127 12.93033981 0.240293
-27.63483238 83.98912048 13.91424561 0.687886
-28.78916740 85.67446136 14.88482857 0.634221
-27.08617973 82.22000122 13.72584724 0.151006
-22.89890862 84.67864990 24.02704239 0.014718
-22.39121628 85.10973358 22.79108620 0.015905
-29.64964104 85.48021698 14.51722717 0.833850
-26.74715614 81.79138184 21.38311958 -0.097904
-27.26783752 81.64010620 22.01589203 0.197927
-24.53958130 82.68367004 23.79848671 -0.005460
-23.99846077 81.82923126 17.17394638 0.085735
-26.42832375 81.18993378 15.09121037 0.249426
-25.09851837 84.35741425 28.09202957 -0.027234
-24.95264053 85.00782013 28.17968941 0.005460
-22.94430161 86.72349548 17.60191727 0.047868
-28.35606766 83.20393372 12.25650978 0.182189
-30.35483932 84.86978149 13.53431988 0.355096
-28.90305328 86.18444061 15.37375355 0.504889
-24.48853493 86.88677216 16.94386864 0.146425
-23.53906059 87.08404541 19.26032448 0.041073
-23.17327309 86.91915894 20.03131104 -0.026810
-23.80717278 87.12476349 18.23425484 0.061550
-23.43400764 86.93058014 21.20365715 0.006912
-22.62874413 86.54598236 20.61315155 -0.075635
-27.61486626 87.06838226 19.46046257 -0.101340
-26.93904305 87.24170685 18.74246407 0.007015
-25.66299820 87.27297974 17.79506111 0.053877
-24.60779190 87.25177765 19.13227081 0.065496
-25.72577286 87.30397797 19.21195984 0.047585
-26.64292526 87.24333954 20.26522255 -0.027187
-25.25564575 87.26688385 20.84808731 0.028562
-23.14721489 86.57746124 22.09643745 -0.005422
-27.45238686 87.04412079 21.57500648 -0.114110
-23.86206436 86.90342712 22.46940613 0.005921
-26.42029381 87.31497192 22.11456871 0.030826
-26.02812195 87.11773682 25.77453232 0.030807
-25.00875473 85.63536835 28.11384201 0.006758
-25.20730019 86.78929901 26.02835464 0.010140
-25.41354179 86.48345184 27.25709343 -0.061384
-25.52833939 86.24346161 28.55681610 0.058744
-26.72201920 87.02880859 27.10871506 -0.042786
-25.51433372 87.16387177 24.23354912 0.026488
-22.67146683 82.52909088 17.26875687 0.099350
-26.64653397 87.27658081 24.36879730 0.025587
-27.40480423 87.32129669 25.14909554 0.060962
-24.41638756 86.54951477 24.99049377 -0.043350
-24.37077332 87.14720917 21.78573418 0.047058
-23.92819977 87.12354279 20.40121651 0.035843
-24.65601540 87.00999451 23.33093071 -0.025844
-29.29890442 83.91654205 12.44008732 0.164128
-29.34802246 86.66656494 16.09551811 0.224513
-29.17246056 87.06082153 17.23526001 0.054979
-27.61857414 86.89979553 20.38619995 -0.096336
-24.56482697 86.30638123 26.04771614 0.007147
-24.10813141 85.70356750 26.01584625 0.004159
-26.06179047 86.81886292 27.10266495 -0.083528
-28.50269127 86.32439423 21.17453575 0.233463
-27.49742508 86.85260773 16.39265823 0.073958
-26.57272148 86.96691895 27.74637413 0.005169
-27.41673088 87.24420929 26.29789162 0.029357
-24.96458626 86.89617920 24.72224998 -0.038781
-25.75535011 86.93656921 16.70234299 0.108494
-24.83623886 85.98233795 27.20886421 -0.018950
-27.57199097 87.19703674 17.64783669 0.029812
-27.54094505 87.25846863 24.36116791 -0.013346
-25.43538475 87.24382782 22.85459709 0.041401
-24.38940048 81.80294037 20.98202896 0.097700
-23.89800644 82.44376373 22.91750526 0.149742
-26.55128670 81.06753540 18.14794159 -0.072906
-23.19526291 83.08817291 23.11342049 -0.013866
-21.67758560 82.99489594 20.58360672 0.081891
-21.52218819 83.65921783 20.87418365 0.027094
-30.58979416 84.80043030 10.19727039 -0.067201
-30.79226303 84.63459015 12.19340706 0.093322
-21.15138626 83.95991516 17.99641609 0.318342
-21.77775192 85.13388824 21.08195686 -0.064440
-21.74621773 83.48188019 17.33246803 0.341452
-21.33626556 85.04828644 17.94414139 0.198160
-20.92816544 84.44312286 18.86091614 0.198725
-22.71174812 86.86711884 18.99976730 0.033869
-23.85434532 86.63686371 23.56039619 -0.028347
-23.01779938 85.44393921 23.87039375 -0.024821
-21.88404274 84.56716919 21.79639244 -0.003451
-21.61783028 84.30746460 17.22818184 0.431509
-22.29913712 84.99863434 16.74779129 0.388496
-21.20180130 85.22438049 18.97177315 0.078248
-21.14515495 84.80358124 19.61053085 0.097092
-21.50904274 85.86820984 18.51281166 0.057101
-22.01511955 86.50500488 18.34619331 0.085445
-21.83266068 86.23406982 19.42281151 0.008987
-21.43684578 85.74370575 19.19165993 0.043954
-21.13014984 84.07597351 19.88392258 0.064212
-21.37226486 84.76500702 20.28024292 0.014346
-21.43940353 85.45800781 19.93378639 0.033689
-22.03756142 85.90725708 20.79104805 -0.054348
-22.04235649 85.13806915 21.97530746 0.028361
-22.21491623 85.61360931 21.90491486 0.014104
-22.50582695 86.18391418 21.66378403 0.014063
-22.96212578 85.96414948 22.94511986 -0.045089
-26.52539444 80.12110138 16.14430046 -0.051021
-23.72675514 86.05786133 24.66661263 -0.031999
-23.43881607 85.32694244 24.99405861 0.022950
-29.45872879 84.82627869 9.10282612 -0.089774
-23.55160713 82.10508728 21.53512383 0.176967
-24.73354721 81.93873596 22.24161339 0.182430
-31.82587433 85.17275238 13.77172756 0.223294
-26.82177734 81.33969116 19.68285942 0.098405
-30.92541885 84.95982361 9.74194050 -0.059565
-22.02203178 82.72945404 20.66112900 0.059699
-31.51390839 85.05557251 11.09183216 0.129757
-26.07864761 81.89769745 22.17588806 -0.020393
-25.48320580 82.08911133 22.97383308 0.084397
-23.03353691 82.60917664 21.98434448 0.062636
-22.62047577 82.40866089 20.79312515 0.041139
-27.59453583 84.62297058 7.80172634 -0.187138
-22.27163124 84.19878387 22.69568634 0.034633
-27.59486961 84.50827026 6.29361773 -0.099914
-29.48285675 83.93702698 11.27461433 0.104545
-30.20652008 84.54965973 10.70220566 -0.015324
-21.47798157 82.95526886 18.03351402 0.188059
-21.31159973 82.68885803 18.94474983 0.128659
-22.86786652 83.77954102 23.45995522 -0.034191
-23.85194016 84.67386627 25.95190430 0.024550
-24.77766418 81.50466919 19.60612869 0.046037
-21.67676735 84.14303589 21.37206459 0.005298
-21.91987801 83.93061829 21.73504829 -0.026158
-42.55136871 77.75337219 34.05316925 0.925652
-44.57687759 73.76988983 42.74511719 0.148698
-44.65704727 75.45792389 43.23110580 0.405542
-44.15341949 73.80205536 43.30278397 0.365895
-32.98763275 78.46659088 38.40281296 -0.043190
-43.40665817 74.02083588 43.52917480 0.368182
-34.72335815 73.02212524 38.18940353 0.090430
-33.59847260 71.80646515 38.30901337 0.122657
-35.54526520 78.06273651 38.05189133 -0.075586
-44.87492371 73.92513275 42.04434586 0.420963
-44.83198166 75.69281006 38.74525452 0.518469
-44.61942291 76.23891449 37.21252441 0.521487
-44.53072357 73.20516205 42.31235886 0.240546
-44.88961029 74.60250092 39.48726273 0.579241
-45.15810013 75.35826874 40.44699097 0.650345
-44.59536362 73.26760864 41.70893478 0.329379
-44.92045593 74.04911804 40.94575500 0.540083
-44.29901123 72.36549377 42.06605530 0.307518
-44.31399155 72.93745422 41.03365707 0.220397
-43.99117661 72.55638885 40.02392197 0.157272
-43.75650024 72.19509888 39.00350189 0.231749
-44.31939697 73.26055145 38.70212173 0.427603
-44.52841187 73.60080719 39.84140015 0.376657
-44.68957520 74.05312347 38.94238281 0.556913
-43.45857620 71.36923981 39.96627045 0.199822
-44.82199478 76.79508209 38.21836853 0.566772
-43.25323105 72.60363770 35.94536209 0.163686
-42.67291641 74.02499390 34.39882660 0.622052
-43.91942596 74.30173492 35.93846130 0.271337
-44.49074173 74.68659210 37.68774033 0.444738
-44.85355377 77.79000854 38.86348343 0.587719
-44.05842972 77.15458679 35.68219376 0.213203
-44.56143570 77.66603088 37.17376328 0.514356
-44.03130341 73.45760345 37.13673019 0.361688
-43.58232117 72.20140839 37.86053085 0.261153
-44.22312927 75.62858582 36.10958481 0.343692
-44.04396057 78.75634003 36.05230713 0.352560
-43.33295441 75.71685028 34.78327560 0.319450
-45.06962204 77.27507782 40.22446060 0.598641
-45.09019089 76.55094910 39.54596329 0.653373
-36.51864243 75.73422241 37.96800232 -0.011233
-33.18170929 77.19805145 38.35027695 -0.037707
-34.92705154 75.56781769 38.16865158 0.012989
-45.03085327 76.05162048 42.94626999 0.391069
-44.63057709 74.55490112 43.09817123 0.314269
-44.97358322 74.37249756 42.56179810 0.411889
-45.15002823 75.11879730 42.74581146 0.504226
-45.22031403 74.83548737 41.87338638 0.636557
-45.37233734 76.59039307 42.35193634 0.666519
-44.92116165 76.83574677 42.91959000 0.281814
-36.02515030 79.45230103 38.01908875 -0.072981
-45.15725327 77.54840851 42.53825760 0.562029
-45.22078705 75.61043549 41.43417358 0.607051
-45.37936020 75.72075653 42.18381882 0.701771
-45.34227371 77.14522552 41.84571457 0.717739
-41.34799576 68.07975769 42.68302917 0.387975
-42.05979156 69.41708374 39.91306305 0.248043
-42.30001831 78.73182678 40.66365814 -0.209271
-42.60871887 69.23401642 42.72278214 0.457550
-42.70159531 70.58121490 38.49614334 0.221194
-43.09585953 71.34437561 38.04043961 0.210305
-43.32139587 71.34305573 38.80743027 0.265624
-43.18383408 74.91174316 43.64898682 0.411301
-42.86795044 75.11140442 43.29232025 0.133315
-42.96522141 75.75788116 43.37652206 0.131507
-44.79367065 77.49085999 43.08891296 0.385028
-41.06260681 68.82605743 38.81346130 0.202636
-44.85455322 78.18586731 42.86554337 0.347524
-42.53841019 75.88458252 38.92668152 -0.198526
-45.11716843 77.95705414 41.68408966 0.636770
-43.04583359 70.36894989 40.80527496 0.274391
-43.81003571 71.54840088 41.21184158 0.274767
-45.09071732 77.40031433 41.11684036 0.610546
-43.23606873 70.36579132 42.46211624 0.271780
-42.43021393 69.33627319 41.74394608 0.340762
-41.83347702 69.73110199 43.74707794 0.425438
-41.94786835 76.82166290 37.56739807 0.023346
-42.72887039 76.88618469 41.08982849 -0.211400
-42.74886322 77.07002258 42.69824219 -0.015475
-45.01028442 78.57843781 42.34097290 0.541431
-42.11566162 75.85795593 37.68897629 -0.023183
-41.09272766 67.79737091 43.08272552 0.406559
-42.53444672 69.50944519 43.40536499 0.363421
-42.03107834 68.56078339 42.63711166 0.509912
-41.52124405 68.25263214 43.21309662 0.331590
-40.09211731 67.56909943 43.69620132 0.216523
-39.25428772 67.44696808 44.04103088 0.353181
-42.87692642 70.57632446 39.56903458 0.191189
-40.53129959 68.26316833 43.82546997 0.299010
-43.03332901 70.17130280 43.26734543 0.349536
-42.14005661 68.75257874 43.22373962 0.412968
-44.90002823 79.09435272 41.39757538 0.631866
-40.90176392 67.87621307 43.44697952 0.232258
-41.45358276 68.75834656 43.62772751 0.269026
-44.41486740 78.21836090 43.25639343 0.278021
-42.47896194 78.15653992 42.05442810 -0.075776
-42.66828537 70.28270721 43.65846634 0.495319
-42.23166275 77.64857483 38.24233627 -0.086839
-42.27339935 77.07689667 38.04452515 -0.082193
-39.84978104 75.07880402 37.65906525 0.100651
-38.80989456 75.15795898 37.83759308 0.151526
-42.15640640 70.50474548 43.68131256 0.391181
-41.49232483 68.44182587 41.73612976 0.325171
-42.87738419 76.55033875 43.37536621 0.148846
-43.01060486 77.47888947 43.44119644 0.092482
-43.44250107 71.84274292 43.48180389 0.422726
-42.48228455 76.93972778 38.97262192 -0.138509
-40.85050201 75.56816101 37.58434677 0.105606
-44.73081589 79.44116974 42.16608429 0.483896
-43.34111404 70.87197876 43.35537338 0.347331
-42.87485886 71.28382874 37.20363617 0.216180
-43.85763168 71.64627838 42.85564041 0.148956
-43.92385101 72.30783844 43.32511520 0.387928
-44.25938034 72.82979584 42.95729446 0.175812
-43.84471130 71.42012024 42.18330765 0.272956
-41.61462784 75.47290039 37.60321808 0.110025
-41.17477798 78.60805511 37.57159424 -0.018228
-44.94017792 78.35929871 40.35689926 0.592618
-44.23069763 79.05087280 43.37184143 0.313156
-41.98754120 71.02867889 43.79094315 0.436766
-42.20193481 78.20812988 38.79133606 -0.092062
-42.70626450 71.17684174 43.64136505 0.432038
-42.38719559 71.28927612 43.64467621 0.363002
-42.80273056 74.68537140 42.41181946 -0.163199
-44.55362320 79.13796234 42.87518311 0.216136
-34.34783936 78.96575165 38.20061874 -0.089531
-34.09040070 77.82198334 38.23309326 -0.071541
-45.27430725 76.39308167 41.25910187 0.661715
-41.95988464 77.49591064 37.59924698 -0.025256
-43.97964478 75.05101776 43.38443756 0.344596
-42.44984055 78.42873383 43.35662842 0.118629
-42.05087662 79.37217712 39.36258316 -0.249641
-42.45341492 78.06592560 40.15506744 -0.198289
-41.13538742 76.77880096 37.52007294 0.027355
-42.88591385 76.22984314 42.61364746 -0.092991
-41.29440308 77.68799591 37.49990463 -0.036985
-38.58607864 76.13500214 37.81358337 0.060275
-32.78255844 75.12729645 38.27399063 -0.088156
-33.08133316 73.51416779 38.31411362 0.026709
-37.70989990 75.53575134 37.85976028 0.030784
-42.67287445 76.05651093 40.00650406 -0.212889
-41.40986633 80.40139008 38.70434189 -0.123995
-42.83499146 75.47089386 42.73216248 -0.036713
-39.78033066 76.17531586 37.73035431 0.114429
-42.34939575 75.94379425 38.24598312 -0.105349
-38.27427292 78.99103546 37.76687241 -0.067935
-42.15776825 79.30550385 42.77750397 -0.075405
-41.71332550 76.17036438 37.50028992 0.012294
-42.52768326 75.01805878 39.36594009 -0.246054
-41.55466843 79.72604370 37.96800995 -0.134970
-41.75239182 78.10342407 37.53264618 -0.080879
-35.65470505 76.59969330 38.04663849 -0.049084
-41.07449341 71.32319641 40.54105759 -0.223994
-40.98568726 71.10835266 41.86423492 -0.146363
-41.38389969 72.01499176 38.68862534 -0.295164
-40.83261490 71.16296387 39.39352798 -0.261005
-39.90850067 72.28531647 37.61412048 0.079031
-40.16830826 71.29311371 37.77296829 0.032025
-40.96517944 72.06293488 37.80743790 -0.104425
-42.16931152 74.37451935 38.17011261 -0.218870
-42.22864914 73.94812012 39.04237366 -0.246297
-42.47221756 74.18186188 40.67551041 -0.216931
-40.90080261 73.20089722 37.63072205 0.119416
-37.25916290 78.86789703 37.96825409 0.024449
-42.09880447 73.04933167 41.20159149 -0.194208
-41.56658173 72.02962494 41.42854309 -0.157821
-41.98266220 72.60003662 42.68406677 -0.089903
-40.29286957 70.34038544 40.61182785 -0.286525
-42.37992096 73.33616638 42.79406738 -0.105164
-41.20328522 74.50177002 37.52230453 0.040160
-41.56798172 73.77400970 37.72416306 0.039203
-41.95323563 73.00934601 39.47397995 -0.266467
-33.91542435 74.81490326 38.25799942 0.017648
-40.60320282 71.13893890 38.37003326 -0.221701
-39.96901321 70.30924225 39.14772034 -0.231889
-36.86925507 77.32521820 37.96790695 0.008785
-42.67633057 74.16986847 43.25961304 0.054166
-39.81225586 68.14135742 43.98750687 0.350077
-38.93955994 69.27266693 40.01945496 -0.278982
-38.79194260 72.53049469 37.71530151 0.104198
-35.20151901 74.23451996 38.11329269 0.020964
-38.86183167 71.22574615 37.74535751 0.099223
-39.01465607 70.09333801 37.99569702 0.025386
-42.81901169 73.50440979 43.67247391 0.400373
-41.53822708 71.77708435 42.78963470 -0.085176
-36.27055359 72.88885498 38.05064011 0.125317
-31.55282974 77.66519165 38.51632309 -0.062907
-41.08195496 70.97545624 43.34207153 -0.074278
-38.17193604 73.24742126 37.86949921 0.168027
-39.40052795 69.46809387 41.51918030 -0.268444
-40.18140411 70.11895752 42.59167862 -0.178716
-33.83587265 75.59757233 38.24391937 -0.028856
-34.43336868 76.64112854 38.22658920 -0.012687
-33.23164368 76.17710876 38.29370499 -0.057208
-32.15676880 76.31435394 38.37851334 -0.086646
-38.00186920 72.71794891 37.90796661 0.196987
-41.50084686 72.10160828 39.94753265 -0.221210
-37.55120087 73.08541870 37.91489410 0.138790
-41.73297501 73.12393951 38.16638565 -0.206636
-41.65641022 71.56513214 43.77262115 0.354668
-37.99950790 70.15291595 37.93519974 0.182524
-36.75988007 71.12509918 37.92806244 0.119497
-37.42685318 74.22472382 37.96710205 0.135248
-39.20278549 69.74326324 38.65843582 -0.221243
-42.32266617 76.48483276 37.89803314 -0.130418
-39.79800415 70.46340179 38.13268280 -0.144186
-42.87867737 72.11580658 43.59637451 0.384077
-42.49332428 72.82339478 43.65932846 0.349921
-41.96049881 72.22546387 43.60645294 0.248267
-41.46660995 71.13037872 43.87743378 0.430627
-40.90062332 70.67205811 43.89217758 0.388663
-37.66747665 72.22230530 37.87308884 0.133254
-38.37971878 69.10456085 38.87471008 -0.230590
-42.34858704 71.64494324 43.72889328 0.424118
-42.53146362 72.15657043 43.82565689 0.536124
-37.87004471 68.41693115 41.69029236 -0.389566
-38.55521011 68.77368927 41.50886917 -0.386080
-38.01516342 68.49155426 42.56090546 -0.324680
-40.61032104 70.42735291 43.53134918 0.021598
-38.41924667 69.43102264 38.18314362 -0.109444
-37.38515472 68.81359100 38.40904999 -0.081997
-36.93251419 69.89087677 37.92314148 0.121218
-39.44559479 69.22080994 44.15450287 0.419410
-38.98958206 69.03189087 43.89797211 0.146906
-39.04348755 69.12092590 42.82699203 -0.241647
-43.50360489 72.87324524 43.48554611 0.390546
-38.82118607 79.01709747 37.72736740 -0.043047
-38.33036423 79.67031097 37.77697372 -0.069457
-40.16074753 69.75322723 44.11404419 0.463192
-40.24367905 70.04548645 43.66963577 0.054451
-36.67586899 69.13201904 38.01363754 0.113001
-41.34692764 70.80995941 43.94084167 0.479706
-37.79260254 68.46860504 40.77003860 -0.367114
-34.97366714 71.03543091 38.15295792 0.152179
-39.87984467 69.29009247 44.19476318 0.515059
-39.67494583 69.54199982 43.67335129 -0.004039
-40.68253708 70.15274048 44.04215240 0.460616
-41.15237808 70.45238495 44.03411102 0.547060
-37.65703583 68.56526947 39.50559998 -0.304998
-36.22802734 68.47370911 38.35790634 -0.059146
-35.23025894 72.03134918 38.09155273 0.080761
-37.54203415 69.39007568 38.00668716 0.141996
-37.24435806 69.07024384 38.09167862 0.083667
-41.42848206 70.23877716 43.87247086 0.447478
-39.42562866 68.71649170 44.22327042 0.496338
-40.60037613 69.19007874 43.97029114 0.408725
-38.93338013 67.94558716 44.20040894 0.429258
-43.47176743 76.10282898 43.52205658 0.307752
-41.98241425 78.99582672 38.17600250 -0.206822
-39.55039215 73.86086273 37.71869659 0.175543
-42.36880493 75.30887604 38.44792557 -0.172197
-37.83001709 76.64874268 37.80291748 -0.044092
-42.83178329 74.69888306 43.25439072 0.037451
-40.36356354 77.50191498 37.60633087 0.013706
-39.04027939 77.14449310 37.78903961 0.043352
-39.79137421 78.45217133 37.78900528 0.118991
-43.06523514 78.36904907 43.56298447 0.201947
-42.05361557 75.23413849 37.81985092 -0.002322
-42.80440903 75.51918030 41.36016846 -0.221419
-42.01091003 78.25601196 37.85882568 -0.089028
-38.36568451 78.17447662 37.91352844 0.081520
-40.29425049 79.71804047 37.60938263 -0.050608
-39.33172226 79.43685150 37.77526093 0.037207
-39.15616226 78.80603027 37.83791351 0.116618
-40.40962601 74.73883057 37.68298340 0.184887
-44.27741623 76.79454041 43.34894180 0.344084
-38.90925598 80.79017639 37.76433182 -0.073034
-42.52376938 73.85800171 42.09992981 -0.165386
-32.10569763 69.03599548 6.29788780 0.594111
-32.59043503 69.52688599 6.50972939 0.316641
-32.03325272 68.52143097 5.70642185 0.403162
-40.31569672 68.87933350 4.10607958 -0.265588
-34.74197388 69.07740021 6.17466450 0.577952
-33.38295746 68.61850739 5.69278240 0.328804
-31.30100250 67.86042786 4.94252920 0.054749
-34.46097183 68.06684875 4.47115898 -0.447515
-32.48100662 67.99975586 5.09253311 0.115265
-32.74809647 69.11259460 6.06588650 0.373751
-37.11719131 68.37813568 4.23301172 -0.367847
-39.29576492 68.59309387 3.74672747 -0.080281
-34.47929001 68.28524780 5.35564756 0.192580
-35.38414764 68.20658112 4.88997459 -0.209264
-31.91817093 67.69041443 4.40491009 -0.196896
-33.56017685 67.96641541 4.95849371 -0.015308
-32.74717331 67.79132843 4.53980827 -0.196455
-31.34864044 69.48179626 7.77912426 -0.194796
-31.08474731 67.49771118 4.18295050 -0.200139
-36.18581772 68.26548004 4.58400106 -0.308910
-35.36027527 68.19396973 4.05631638 -0.440766
-31.05462646 68.27838135 5.55363941 0.400106
-36.18734360 68.20841980 3.89294052 -0.319954
-36.73998260 68.01052094 3.51788950 0.003257
-31.24948120 68.89147949 6.11327267 0.517397
-33.52035904 67.84592438 4.14431000 -0.255985
-38.65151596 71.67881012 10.45025635 -0.631126
-38.12801743 71.82691956 7.29378223 0.112198
-42.55187225 69.85479736 4.52047539 -0.195452
-40.39295578 73.12971497 9.58257389 -0.105589
-39.76336288 72.34762573 10.35019207 -0.388240
-38.84675980 72.10249329 9.15021420 -0.289795
-42.89031601 70.30246735 4.98942280 -0.100527
-43.45108032 70.84383392 4.67694378 -0.010522
-39.59965134 73.14363861 8.17736721 -0.103172
-41.68624878 73.92144775 10.69070911 -0.088018
-42.36214066 70.61206055 5.59187365 0.197429
-40.50326538 72.87515259 6.10813379 -0.028037
-43.99436951 71.76858521 3.88561535 0.144145
-40.10308075 73.73912048 8.36476040 -0.083933
-40.92374802 74.29164886 9.16362858 -0.011459
-40.67099762 73.56106567 6.34854937 0.045772
-43.16953278 71.23078918 5.33722496 0.045125
-41.38393402 71.14974213 5.87103462 0.234926
-43.31798172 72.22550964 5.58451796 0.140155
-43.57385635 71.76615906 5.26222038 0.018425
-43.51768494 71.51709747 4.90008640 -0.139462
-40.74483871 72.03404236 5.97802210 0.101573
-44.42781448 72.05509186 3.68330765 0.474147
-43.98217392 72.45104980 4.09470749 -0.106260
-41.01865768 73.30545807 6.09971571 0.022436
-42.15225983 69.85643768 5.11944294 -0.077513
-43.82574844 72.25541687 4.92230415 -0.049177
-44.38140869 72.64072418 3.77186728 0.264837
-44.85530853 72.86291504 3.57430649 0.653833
-40.00649643 74.07394409 7.42191887 -0.128794
-42.54504776 71.50442505 5.78277111 0.257205
-44.06894684 73.16381073 4.15868664 -0.261678
-39.99570847 73.26714325 6.77559900 0.095539
-41.68801880 74.10407257 6.06441307 0.040504
-41.18296051 73.97087097 6.17155123 0.004677
-44.09483337 73.12413025 4.61728001 -0.236445
-42.21535110 72.65284729 5.94680309 0.216752
-44.30390167 73.86540985 4.18973160 -0.266440
-43.12541199 70.19874573 4.28592968 -0.078498
-41.35615540 76.28380585 6.89130211 0.278915
-40.72534561 74.57164764 6.75693464 0.064696
-40.50417328 74.78049469 8.05223465 -0.096360
-41.67283249 74.82415771 6.33778811 0.181105
-43.67333984 71.52795410 4.28239918 -0.121619
-43.30510712 73.10944366 5.70341301 0.114741
-43.82573700 73.91898346 5.73506737 0.155586
-43.92619324 73.17311859 5.28092909 -0.052465
-44.38924408 73.76116180 4.87687302 -0.163416
-41.30252457 75.44605255 6.69439030 0.195787
-42.39667130 74.18183899 6.06249714 0.193918
-39.07115936 72.49144745 7.10723114 0.055232
-39.57399750 73.28035736 7.62072563 -0.079597
-43.43030930 74.63181305 5.92109442 0.191389
-43.06664658 73.64017487 5.89793730 0.192796
-44.37944412 74.07720947 5.33760929 -0.034616
-42.89743042 74.94550323 6.00336266 0.162461
-41.61064148 73.47488403 6.04457903 0.096963
-41.22335815 72.78684235 6.10049438 0.178284
-43.25390625 75.69221497 5.93967485 0.122239
-38.91493225 72.47560883 8.00311756 -0.091613
-39.66347122 72.95697021 8.65646362 -0.133239
-41.45929337 75.45837402 9.30469227 0.107366
-44.33948135 73.21377563 3.79960251 0.022253
-42.44561005 75.39321899 6.10467911 0.146588
-40.88605881 75.58801270 7.52976894 0.142619
-44.07499313 71.10649872 3.68710947 0.493977
-44.53795624 74.65821838 3.98782444 -0.169348
-43.65657806 70.64010620 4.13600779 0.224726
-37.10392380 70.71813965 6.55142450 0.288964
-33.66416168 69.73087311 6.44987059 0.320508
-36.21321487 70.80104828 8.13316059 -0.090131
-35.39993668 70.41072845 9.06737804 -0.335599
-36.22266006 69.19572449 6.05164576 0.496361
-32.91580963 69.95471191 7.51044846 -0.188219
-34.07191467 70.03017426 8.76947975 -0.249610
-37.59894943 71.29789734 9.70221615 -0.547151
-35.90567780 70.73145294 7.53088284 0.016404
-34.74565125 69.90333557 6.80668640 0.497856
-34.54251862 70.33344269 7.67799950 -0.135215
-37.62104034 71.57898712 7.97551346 -0.088895
-35.39172745 70.48175049 7.32246590 0.097951
-35.47219849 69.87242126 6.73674250 0.668430
-38.64796066 71.27902222 11.59896469 -0.821405
-41.29332352 69.37827301 5.11184311 -0.135923
-37.40244675 71.27674103 8.80622387 -0.234278
-36.59945679 70.90525818 9.15471268 -0.410364
-38.89795685 70.97817993 6.25585651 0.288887
-37.98823547 70.88273621 6.57916403 0.422971
-36.30373001 70.56450653 10.22542191 -0.544449
-40.82118988 72.58536530 11.58027649 -0.487975
-36.27036285 70.17932129 6.67875671 0.553542
-35.39840698 68.58221436 5.62121248 0.320808
-36.49380493 70.92644501 7.30321503 0.126528
-35.86705780 70.44662476 7.13622284 0.333557
-41.88926315 69.39846039 4.41853809 -0.251577
-41.29884720 69.05419922 3.99012327 -0.098146
-41.06784821 69.16037750 4.53945589 -0.250839
-39.63016891 72.12941742 6.33836412 0.141376
-38.66062546 69.23629761 5.78427649 0.295191
-37.83022690 68.76427460 5.48704100 0.281040
-37.25621414 71.34209442 7.17647266 0.115212
-41.37390137 70.06089020 5.66669464 0.222109
-36.16796112 68.49513245 5.33673906 0.092382
-36.94447708 69.85544586 6.26453972 0.463206
-36.98629761 68.83758545 5.58682156 0.199614
-37.41269684 69.29081726 5.94233847 0.390011
-39.64238739 69.57791901 5.82393312 0.307333
-37.19562149 68.51300812 5.02632952 0.050819
-38.02802277 70.06653595 6.23440123 0.451149
-38.74334717 68.56069946 4.82577562 -0.263772
-39.89820862 71.39652252 6.00055790 0.121517
-40.30975723 69.00692749 4.98980284 -0.125183
-40.57998657 71.29039764 5.90081453 0.140690
-38.52090073 71.53826904 6.74788141 0.357067
-40.16794586 70.95336151 6.04684114 0.298550
-39.65034866 70.75615692 5.94042110 0.164724
-39.12847900 70.15813446 5.95841503 0.261538
-37.73543549 71.24875641 6.85633850 0.298078
-40.59588242 70.93147278 5.93103647 0.242622
-40.46751785 69.48498535 5.60079193 0.183367
-39.60471725 69.00849152 5.52119064 0.158287
-40.33414078 70.33681488 5.91016626 0.296811
-41.97763062 69.01298523 3.68801308 0.212818
-34.37163162 69.93548584 10.46662998 -0.350270
-43.73693848 80.26101685 36.53573227 0.447651
-43.21466064 81.59981537 37.21377945 0.481974
-42.70244598 82.56742859 37.98840714 0.492411
-42.84590149 81.32643890 35.82736206 0.254393
-42.15801239 82.72885895 36.50849533 0.401618
-41.32908630 83.37946320 36.38001633 0.249669
-41.28750610 83.13739014 35.73043442 0.167126
-41.48473740 81.93408966 34.80922318 0.526257
-32.86799622 86.40081787 32.30606461 0.134942
-33.21221542 86.51653290 33.65708542 0.004984
-32.05212021 87.12261200 33.37529373 0.023514
-31.42644119 86.83195496 30.60152817 -0.062031
-32.09254837 86.28974915 30.44903946 0.172019
-32.56477356 85.10222626 29.49949455 0.873657
-31.98098755 87.06435394 35.87433624 -0.003084
-34.63650131 86.58760834 35.51451111 0.258167
-33.25335693 86.75529480 34.66286087 0.002124
-31.28116989 87.08296967 35.07387161 -0.048998
-31.21292114 87.15428162 34.15809250 -0.003948
-33.65166473 84.37882996 30.27894592 1.661627
-29.92491913 87.26703644 29.33992767 0.084862
-30.30689621 86.76143646 27.85738564 -0.018941
-33.61053467 85.71303558 32.20149231 0.680478
-33.22175217 85.53162384 31.17057800 0.764426
-30.98235321 87.07330322 30.81704712 -0.047843
-33.78109741 85.82894135 33.14891434 0.423309
-35.06665039 85.26741028 33.78307343 1.228207
-31.70840454 87.06790924 31.64987183 0.038898
-30.96109390 86.84497833 29.60470009 -0.053071
-31.19301605 87.21906281 32.46449280 0.049680
-35.18765640 85.90394592 34.86246109 0.809634
-34.11356354 86.11798859 34.37648392 0.315022
-32.24720383 87.03488159 34.93278122 -0.072627
-31.12814713 87.00492096 38.20272064 -0.001911
-36.65565109 86.53838348 38.47612762 0.595667
-31.62351608 87.15264130 36.93204498 0.076578
-33.52907562 86.99589539 36.04931641 0.044857
-26.28066826 86.11177826 30.84935188 0.119080
-26.66326714 85.96065521 31.86825180 0.057334
-32.37215042 87.16577148 39.75179672 0.092322
-28.99711800 86.38131714 40.02721405 0.056287
-30.33126831 86.25489044 44.00872040 0.038864
-29.85821915 85.99877930 44.86518478 0.273897
-28.81844330 86.45814514 36.89421463 0.161314
-32.42317581 85.58533478 44.87847519 0.022174
-31.28347778 85.29697418 45.31115341 0.098809
-27.04894066 86.36750031 32.14830017 0.053779
-27.67788696 85.09500122 38.12345886 0.428733
-34.01755524 87.22747040 39.52952194 0.075202
-34.19215393 87.20984650 37.82681274 0.120203
-30.46675491 87.00414276 36.83691406 0.065264
-29.77075005 86.76981354 37.55712128 0.023539
-25.99210739 86.14034271 29.97167015 0.094551
-30.81608200 87.06422424 35.80825424 0.017410
-32.36131668 86.22649384 44.62099075 -0.073429
-29.93385506 86.79553223 39.45882797 0.087305
-35.37510300 86.49727631 43.72828293 0.054233
-34.83000565 86.56970978 43.55565262 0.135762
-31.33152771 86.94319916 40.56980133 0.015536
-32.39148712 87.02844238 41.56394196 0.050196
-32.69766998 87.14069366 38.05603790 0.018037
-33.50911713 87.02307892 40.73954010 -0.073669
-28.12219620 86.00363159 37.71602249 0.046042
-35.31237793 86.81351471 36.99847412 0.146694
-33.81027603 85.50870514 44.43475342 0.090733
-28.30050087 85.74822235 35.96116638 -0.029790
-35.26091003 87.30022430 40.05810547 0.159825
-31.34029388 86.91429901 41.57559586 0.054428
-35.89508438 87.20370483 40.92817307 0.093292
-28.26927376 86.01256561 36.61434937 0.376858
-28.32070160 86.73965454 34.04469299 0.071388
-32.34575653 86.92920685 43.06614685 0.080764
-30.34954453 87.16739655 33.13504028 0.034593
-29.46846199 86.29795837 41.77465820 0.018140
-30.34355164 86.75856018 41.56731415 0.096871
-29.47020340 86.47516632 40.84465408 0.028974
-35.59281540 87.02114105 38.35452652 0.050510
-36.21829224 87.12678528 39.65665817 0.113907
-35.07433319 87.22058105 39.03014374 0.104253
-30.10498238 87.19893646 30.51410103 0.018657
-30.58780289 87.19078064 31.59759903 0.018791
-29.24489784 87.12166595 31.62556458 0.028028
-28.15207291 85.40979767 40.17570114 0.358283
-28.46230316 85.88642120 39.68314362 0.052134
-27.86706543 85.21111298 36.71384811 0.385880
-36.74433136 86.08721161 37.30081940 0.288245
-34.37765884 87.17080688 42.35937119 0.122410
-33.22866440 87.00523376 42.46854401 0.023521
-28.23373222 86.93419647 31.87322998 0.020667
-37.76239014 86.23229218 43.00182724 0.084601
-37.90248871 86.25991821 42.42303848 0.175717
-37.36102295 86.72562408 41.96010590 0.068491
-37.83514786 86.48166656 41.37908554 0.448699
-31.38308716 86.85344696 42.49053192 0.072242
-30.58791351 86.60646057 42.96536255 0.059362
-36.32490921 86.27479553 44.47032547 -0.105809
-34.56378555 86.94143677 43.17868805 0.011472
-27.65860558 85.11510468 41.09427643 0.334838
-31.19872284 87.01092529 39.41094971 0.042823
-27.89182663 86.32549286 34.61170197 0.082752
-26.49398994 85.24524689 31.78852081 0.013847
-35.36313248 86.00034332 44.43898392 -0.000386
-27.66637611 86.65797424 32.43038177 0.009909
-33.46712494 86.87993622 43.23492432 -0.041290
-28.07734108 85.98584747 35.33328247 -0.007081
-27.98078156 85.28296661 35.46930313 -0.054722
-29.27724838 86.96262360 33.90512085 -0.004676
-28.76552773 87.02187347 32.83798981 0.074551
-26.74498940 86.54221344 30.99171829 0.103320
-32.71865463 86.80101013 43.63557434 -0.004203
-28.44372368 87.27101898 27.69985390 0.062220
-29.18176651 86.02222443 42.49276733 0.386202
-29.88599396 86.31313324 42.74557877 0.015658
-28.72305489 85.80046844 41.12459946 0.326266
-25.44737244 85.51795959 29.35729790 0.082751
-25.46419334 84.71723938 29.25162315 0.012798
-28.15724754 85.41534424 39.56431198 0.346995
-37.59758759 86.10964203 39.06351471 0.241457
-28.84792328 86.58266449 38.19261932 0.200394
-33.65456772 87.11360931 41.79088974 0.060197
-36.34646606 87.19550323 41.83406830 0.132506
-37.08200455 86.86161041 40.88599777 0.146479
-28.08616257 85.58233643 38.85065460 0.175341
-31.29411697 86.66565704 43.53505325 0.042145
-27.39966965 86.96544647 29.81704712 0.038235
-30.18964958 87.06648254 34.72196960 0.006360
-34.61233139 87.13906860 41.09021378 0.018752
-28.87076759 87.14478302 29.98999596 0.005618
-38.41429901 86.11959839 42.19443512 0.204581
-38.43915939 86.06781769 41.57794952 0.202617
-35.35173798 87.16190338 41.82722855 0.066487
-29.14920425 86.81961060 34.83224869 -0.015356
-32.53507614 86.49405670 44.10775375 0.053699
-28.54173851 86.38888550 35.59925842 0.007135
-35.46505356 87.08894348 42.59933472 0.039065
-33.18179703 86.61179352 43.79780197 -0.030894
-37.28316116 86.43031311 42.64758301 0.186759
-28.19648933 87.03335571 30.98443031 0.048297
-36.31818771 86.71347046 43.28494263 0.325767
-35.59925079 86.74465179 43.24873734 0.226708
-36.50927353 86.86141205 42.70691299 0.118621
-26.33662796 86.57221222 29.53856468 0.036603
-31.57431030 86.36683655 44.49548721 0.146006
-31.22877121 85.92056274 45.13997269 -0.075042
-27.27776527 84.61777496 33.61272049 0.009684
-26.83868408 84.85441589 32.64788818 0.027893
-38.14111328 86.22633362 40.70772171 0.323620
-26.98929405 85.44239044 33.22668839 0.092159
-27.49497604 85.81735992 34.52898407 0.150916
-27.37590027 85.08701324 34.44683456 0.114852
-27.54570770 86.85114288 31.26676178 0.055729
-33.97881699 86.58232117 43.74782562 0.093477
-29.58990288 86.80406952 36.01954651 0.059741
-28.22299767 87.12387848 28.98052406 0.003805
-29.03183174 85.63587189 45.22483444 0.387703
-26.03222466 85.67666626 30.68993378 0.106077
-29.18630219 85.92838287 44.28522491 0.369243
-30.69548416 85.52758026 45.29792023 0.022977
-31.81657028 85.95431519 45.05369186 -0.054262
-38.03609467 86.44775391 41.87002945 0.421062
-34.73720932 86.21910095 43.96239471 -0.069847
-34.46535110 85.84771729 44.32616806 0.138620
-33.85894012 85.99407196 44.12088394 -0.051830
-37.85182190 86.30964661 43.66614151 0.134354
-26.31967354 86.83306122 28.35002327 0.043738
-29.98954773 85.48337555 45.28409576 -0.036525
-30.57865906 85.98347473 44.94504929 0.049199
-32.07302475 86.63798523 43.84640121 -0.052225
-37.44067001 86.40903473 39.75580978 0.447390
-33.10126877 86.20603180 44.23453522 -0.107371
-29.39686966 85.99148560 43.35456085 0.274532
-37.47143173 82.07031250 32.09587097 0.532549
-39.07825089 80.77189636 31.74431992 0.745998
-29.11452484 84.78904724 45.52429199 0.099550
-37.03243637 86.50861359 43.33982086 0.186889
-33.21464157 85.74909210 44.48344803 0.055024
-36.21853638 86.63253021 43.82123566 0.171825
-37.17955780 86.42195892 44.07671738 0.075298
-35.60272598 86.40504456 44.14100647 -0.060877
-28.33016205 86.21262360 38.66497421 0.140650
-27.35996628 86.26171112 33.31434250 0.072339
-37.78820038 86.22496033 44.21600723 0.008345
-32.77454758 87.12451935 36.90589142 0.027128
-28.81633186 86.49505615 39.20322418 0.186356
-30.17507744 84.93106842 45.34386826 0.020257
-31.63265228 84.68927765 45.18564606 0.034915
-29.56972122 84.12034607 45.49852753 0.127221
-28.63382339 83.97351837 45.50718689 0.037725
-27.68196297 83.23313904 45.59240341 0.050101
-28.81226730 83.37487030 45.53601074 0.109920
-30.61101151 84.25112915 45.34963226 0.092137
-32.81113052 84.82777405 44.54944229 -0.032587
-32.35190201 84.54221344 44.54203415 -0.043291
-32.31641769 84.90451050 44.75610733 -0.006789
-29.72444916 83.32917023 45.17758560 0.022211
-33.60152817 84.58045959 43.81283569 0.082677
-27.95367432 81.72544098 45.47868347 0.090911
-31.14470291 84.05549622 44.14654922 -0.007564
-32.05385971 84.32289124 43.94371796 0.044618
-33.98048019 84.67844391 43.04004669 0.034172
-30.69750595 84.13223267 41.45959854 -0.093963
-32.33943939 84.63052368 41.72948074 -0.085857
-35.12020493 84.58969116 42.72721863 0.122672
-29.81635284 83.72696686 41.80091858 -0.168375
-30.31600189 84.17057800 40.55706406 -0.220516
-30.40803146 83.70912170 44.62759399 -0.027491
-27.23468018 81.69725037 41.34239197 -0.362660
-29.10408211 82.93372345 44.52659607 -0.098628
-34.08361816 84.75834656 40.14296722 0.117023
-28.17954636 84.23625183 45.61837769 0.114720
-26.63632011 84.15209198 43.53689194 0.391502
-26.31480980 83.80912781 44.11186218 0.438580
-27.76951408 85.02905273 44.96769333 0.534087
-28.39552498 85.50738525 42.83499146 0.304015
-27.37458801 84.74288940 43.47689056 0.344587
-26.96114349 84.62125397 41.01862717 0.376248
-28.00973511 84.97023773 45.43056107 0.458312
-28.59579086 81.71510315 38.84743500 -0.247563
-29.14888763 82.29538727 38.69330978 -0.364178
-29.93768501 83.64372253 38.86694336 -0.293464
-27.18947983 84.56366730 44.71168900 0.487111
-27.16205978 84.09817505 45.63103485 0.377710
-31.24633789 84.49476624 39.74555588 -0.132970
-30.69325256 84.04039001 38.90974045 -0.206991
-29.64399529 83.37182617 44.29558563 -0.128176
-27.67603111 85.02252960 39.49542999 0.274715
-32.46351624 84.67328644 39.20998383 0.018003
-26.95438576 84.46736908 38.69717789 0.263849
-26.87022591 84.49678040 40.07022476 0.305983
-31.58352280 84.42741394 38.95479202 -0.127471
-31.40715790 83.97521210 38.56460571 -0.357773
-27.20902634 84.41741943 37.42609787 0.253543
-33.05567551 84.08869171 38.42824173 -0.287549
-33.59035492 84.70201111 39.15398788 0.156100
-29.06168938 83.26847839 38.94048309 -0.400867
-33.61900711 84.80790710 41.44510651 -0.038512
-32.39212799 84.77121735 40.49539948 -0.094232
-28.01856422 81.65422821 38.86609650 -0.345468
-28.13137627 85.29711151 44.51072311 0.453457
-34.07754517 83.64283752 38.24858093 -0.267695
-31.95899200 83.28031158 38.46195984 -0.289068
-30.90768814 82.25107574 38.64064789 -0.165415
-34.82780075 80.73131561 38.13600922 -0.138176
-34.99267578 82.72972107 38.23220062 -0.125694
-31.59654617 79.29445648 38.54991150 -0.068042
-29.95794106 82.95082855 38.70595932 -0.294205
-30.29428101 83.55603790 38.71652222 -0.325340
-32.89375687 84.52603149 44.15537262 0.045472
-28.21098900 80.91914368 38.87654877 -0.221775
-30.81209946 83.38331604 38.62655258 -0.296104
-29.21014595 83.53342438 40.14421082 -0.253461
-28.26562309 82.73496246 41.17783737 -0.301182
-33.03229523 79.93692780 38.36365891 -0.050753
-33.38606644 82.58152008 38.35567093 -0.181275
-28.30870247 82.16214752 44.46113586 -0.068142
-28.33837891 79.92271423 38.81433487 -0.224147
-32.93815994 81.22373962 38.32032776 -0.196612
-30.01312256 84.01148224 39.48741913 -0.223252
-27.94510078 82.22397614 42.69757843 -0.258390
-33.20780182 84.82582855 39.98124313 0.007472
-27.22566414 81.15196991 39.03108597 -0.345141
-27.73735237 82.01205444 39.15185547 -0.317123
-28.96852875 82.71396637 45.22034836 0.048468
-28.37595177 82.33397675 38.85779953 -0.391356
-32.08945465 82.09717560 38.53061676 -0.129173
-29.22723579 80.46260834 38.69717789 -0.240211
-30.12527466 81.14913940 38.71389389 -0.135412
-29.11208534 79.44436646 38.79399872 -0.130033
-27.28979874 82.03219604 45.68303680 0.133147
-29.85146713 81.96484375 38.78899002 -0.134350
-32.09329224 84.24124146 38.54511261 -0.332507
-28.29784775 82.74975586 39.62656021 -0.251277
-30.33071136 79.99578094 38.64280701 -0.142985
-31.52205658 80.85369110 38.50864792 -0.161131
-31.28038406 84.17413330 42.62062073 -0.011816
-31.80838013 84.33171844 44.72635269 0.006046
-31.17734528 84.07185364 44.94498825 0.056465
-30.19389725 78.73268890 38.61797714 -0.150010
-35.19001389 79.25136566 38.15443039 -0.033265
-30.13954353 83.71739197 43.46495056 -0.125557
-31.37547302 84.47399902 41.02851105 -0.126535
-29.19177437 81.41885376 38.76488495 -0.215421
-28.23716736 82.51420593 45.54523087 0.082834
-28.90976524 83.08919525 43.18576813 -0.259264
-27.41116905 81.93673706 39.95341873 -0.317220
-32.81611633 84.55500031 43.01752853 0.017457
-34.71663284 84.81909180 44.67795944 0.140834
-36.08050537 85.62869263 44.61832428 0.004825
-35.95600128 84.48417664 43.80660629 0.115490
-35.72736740 84.53955078 44.37596512 0.164315
-34.63745880 84.72031403 39.47248840 0.154221
-35.91952133 84.77361298 39.75783157 -0.067672
-37.34896088 84.15261841 39.26977158 0.042238
-34.18895721 84.54261017 38.45536423 -0.212175
-35.34293365 84.72078705 38.66495514 -0.059003
-35.90442657 84.45539856 42.24344635 0.163935
-36.35161591 84.45406342 40.85553360 0.130220
-38.00310135 83.77935791 38.69681931 0.016808
-37.36380005 83.90581512 38.36438751 -0.027114
-35.60973358 84.92194366 44.65383148 0.019170
-39.71966171 84.12678528 44.15240860 0.092581
-37.43636703 84.12225342 43.62052155 0.094813
-36.62144470 84.62671661 44.41717148 -0.035185
-37.94915771 83.70373535 38.20701599 -0.152904
-36.92358017 84.15612793 38.68068695 0.120893
-36.18315506 83.35256958 38.06692505 -0.195104
-35.04521179 83.92816925 38.14955902 -0.287117
-38.77658081 83.85446167 43.71162415 -0.194447
-38.67165375 83.36351776 38.18555450 -0.162598
-34.76976395 85.37065125 44.56471252 0.153209
-36.61756897 83.99660492 38.27932739 -0.108271
-39.81535721 83.28093719 43.69541550 -0.275273
-40.06878662 83.32003021 43.90198517 -0.087527
-36.40033722 84.55375671 38.82510757 -0.046168
-39.39575577 83.60075378 43.75790787 -0.285807
-37.78316498 83.34992218 37.94668198 -0.277884
-35.86259460 84.23216248 38.19338608 -0.249638
-37.80579376 83.90621948 40.48063660 0.152342
-36.97843170 83.54454803 38.06138611 -0.197047
-38.58740997 83.53098297 39.40970993 0.066093
-38.78294373 83.27908325 40.88055420 0.191673
-39.01899338 83.09502411 42.16835403 0.199894
-39.67333221 82.64778900 42.90335083 0.169165
-37.21342087 82.89183807 38.05550003 -0.078095
-41.46336746 81.48122406 43.85382843 0.115280
-41.26549530 82.19065094 43.84599304 0.063773
-37.13309860 84.16132355 41.14633179 0.174812
-39.60589600 82.63488770 41.05900955 0.136868
-39.95243835 82.36554718 38.68479156 -0.056263
-40.31007385 82.09425354 38.20006180 -0.257066
-42.39797592 80.99336243 43.77133179 0.224485
-41.08297729 81.09928131 43.48715973 0.107273
-40.74208069 82.00225830 43.71546555 -0.006998
-40.16506958 81.99348450 41.87644958 0.143660
-40.37644577 81.97718811 40.14715195 -0.019956
-40.85673523 81.42661285 38.41803741 -0.220967
-40.53399658 81.89334106 38.95222092 -0.137109
-41.22454071 80.74214935 42.49319077 0.067562
-40.40529633 81.87387848 43.05081177 0.114370
-42.35104370 79.97551727 43.64907455 0.105943
-38.39072037 82.40399170 37.91845322 -0.112006
-39.87363434 81.69398499 37.76556778 -0.163152
-36.63913727 84.54178619 39.50509644 -0.041089
-41.06340790 80.86582184 38.37264633 -0.104018
-41.56050491 80.37503815 39.97110367 -0.155422
-40.98440170 81.32333374 39.49466705 -0.148969
-36.55341721 84.30931854 43.08531189 0.129230
-39.92754745 82.79747009 43.59377289 0.037925
-41.54521942 80.29405975 41.42447281 -0.036379
-42.22250748 79.31935883 43.59053040 0.087250
-41.88598251 80.06812286 42.85766602 -0.135605
-41.72397614 80.11412811 43.35522842 0.064136
-42.06011200 79.42176056 41.26702881 -0.165231
-40.13832855 82.24263000 39.32985306 -0.021583
-37.90763474 83.75270844 41.71372986 0.231812
-36.73460770 85.22244263 44.55921555 0.036705
-39.65591431 82.75377655 39.64336014 0.000046
-40.70579529 80.78694153 37.81130219 -0.045064
-38.61738968 84.38696289 44.05801392 -0.176388
-34.75904465 84.59772491 44.00271225 0.121866
-33.72196579 84.83106232 44.55513000 0.079969
-32.99985123 85.23918915 44.61418152 0.035626
-40.68571472 82.72927094 43.87625885 -0.006228
-36.84914398 84.31600952 43.89813614 0.109277
-39.55994415 82.55982971 38.01525879 -0.168240
-39.37459946 83.01707458 38.75170517 -0.096549
-36.96529007 81.83039093 37.98109818 -0.122248
-37.44801331 81.22552490 30.81631660 0.342456
-36.85705566 81.42052460 29.60947609 0.212118
-35.85855103 82.90094757 31.59993362 0.702157
-36.11550522 82.10380554 30.48337173 0.134628
-36.69052887 82.05908966 31.27719116 0.131525
-42.94247818 79.79624176 34.99742126 0.231661
-40.29233932 79.31651306 31.76285553 0.673233
-34.62594604 83.38313293 30.77058792 1.184785
-43.92595291 81.78624725 42.72034073 0.577771
-37.62600327 84.93907166 44.41408920 0.021191
-41.15243530 80.86642456 38.96052170 -0.083689
-44.14701843 80.13103485 42.97253036 0.117182
-43.08164597 79.84386444 43.56416321 0.182341
-43.82121658 79.80712891 43.44413376 0.251217
-37.63175201 81.11582184 37.92020416 -0.088349
-37.19798279 80.40463257 37.89424515 -0.112898
-34.51850510 84.58366394 32.12668610 1.612147
-43.33855438 80.76737976 43.53726959 0.209970
-35.35853958 82.67818451 30.81957054 0.620337
-35.00783920 82.63251495 29.95834160 0.613687
-44.59606552 79.13722229 39.00533295 0.571216
-42.49185562 83.38889313 43.37316132 0.283711
-43.84249115 80.56584167 43.28203583 0.114003
-41.77558517 84.05561066 40.43481445 0.450102
-41.86363220 84.00791168 41.38182068 0.374252
-36.63265991 85.33786774 34.77917099 0.796216
-36.61619949 83.86579132 33.18642426 1.324948
-43.84334946 80.92397308 42.93448639 0.200533
-43.55760193 81.02519226 43.15661621 0.061577
-42.61919785 82.95681000 39.61006165 0.444392
-43.34210587 81.43146515 43.35438538 0.129814
-42.01100159 83.39793396 38.15629196 0.462800
-41.80592728 83.70220184 39.27231598 0.365189
-36.87066269 84.37308502 40.23846817 0.061779
-40.16560745 83.48187256 35.08038330 0.430121
-43.61994171 81.42625427 43.10338211 0.266804
-39.42341232 85.68376923 43.79231644 0.134191
-40.04821014 85.16510773 43.97104645 0.057523
-41.93063736 82.00297546 43.82520676 0.170153
-42.78943634 81.67995453 43.65936279 0.194950
-40.70513535 83.89566803 36.27535248 0.216611
-39.60628128 84.71754456 36.12723541 0.221424
-43.19623947 82.18740082 43.36483002 0.168592
-39.10083771 84.67963409 44.27398300 0.107702
-44.42108536 79.07057190 37.58980942 0.569293
-44.04616165 81.44112396 41.57537842 0.597723
-35.99792480 85.97912598 36.03049469 0.314415
-38.58014297 85.21701813 44.30842209 0.057808
-41.10764694 79.99060059 33.21349335 1.837157
-43.28818512 82.69628143 42.81577301 0.509990
-43.39294052 82.48259735 41.82535934 0.542615
-39.39959717 85.18672943 37.31488800 0.283898
-39.04124451 85.49473572 44.18991852 0.017626
-43.45812988 82.07013702 40.52555466 0.500000
-41.01217651 81.09159088 40.99354935 0.002626
-41.83932114 79.90751648 42.30249405 -0.078806
-42.08941269 82.81916809 43.81096649 0.193536
-41.26071548 83.78845215 37.23180389 0.345828
-44.28448868 79.54975128 43.23366928 0.225434
-38.90197754 83.34849548 43.34517670 0.129223
-40.88302612 83.43769836 43.98473358 0.118317
-38.45350266 84.39675903 34.74420547 0.758661
-39.93610764 85.27056885 39.92518997 0.290712
-37.76501465 80.92990875 29.79351044 -0.024888
-40.36193466 84.58226776 37.33444214 0.338028
-37.60332108 84.40147400 44.04745102 -0.164661
-38.99739075 85.62122345 38.18800735 0.341767
-40.66075516 84.96642303 40.88426971 0.360531
-39.30883789 85.69364166 41.02089310 0.240431
-37.40939713 85.78424835 44.52074814 0.093668
-38.52505493 86.00193787 44.09186935 0.026548
-42.51003265 83.42117310 41.29555893 0.458773
-43.03765869 82.72171021 40.82424545 0.487228
-39.91020203 85.08146667 38.19593430 0.330978
-42.69888306 83.43578339 42.47188950 0.511490
-41.77416229 84.12312317 42.21399689 0.318708
-39.72711182 85.20970917 39.01320267 0.231473
-38.64057541 85.82703400 39.54036331 0.223609
-42.03113937 84.04546356 42.96211624 0.398045
-41.83719635 84.13850403 43.41815186 0.316346
-41.78897858 80.74442291 43.71833038 0.054827
-44.01586151 81.01368713 40.16522980 0.533257
-41.32290268 84.35729980 41.47346115 0.253624
-40.64561462 84.92719269 43.67020416 0.130471
-39.52830505 85.01095581 44.18186569 0.085939
-41.31248093 84.59761810 43.11215973 0.302996
-41.44296646 84.11614227 43.84748077 0.161282
-40.39698029 84.48477173 44.05310822 0.099558
-37.72353363 85.93126678 38.23311615 0.184221
-37.90570450 85.57818604 36.51223373 0.154069
-40.07381439 85.38072968 43.53805923 0.197675
-40.86860657 84.43081665 38.94372940 0.293343
-44.48952484 79.98261261 42.47747040 0.398078
-43.37256622 81.78663635 38.86014557 0.482000
-38.18021393 83.94016266 43.69351196 -0.018653
-37.81573486 83.80986023 42.91326141 0.203530
-38.63421631 86.12852478 43.09634018 0.233956
-39.11675644 85.95937347 42.14952850 0.322916
-39.33648682 82.37211609 33.41392517 1.750203
-44.53587723 80.25370789 41.55988312 0.584941
-44.29631805 80.79184723 42.46549225 0.494140
-40.42283249 85.28703308 42.99675751 0.320808
-39.65115738 85.73850250 42.98360443 0.313139
-41.39467621 82.63919830 43.94284821 0.177550
-43.63269424 78.54088593 43.46113586 0.233323
-42.82822800 79.07488251 43.56479645 0.139129
-44.04588318 80.44038391 38.42212677 0.534734
-44.52373123 79.74382019 40.13717270 0.538175
-40.07024765 85.53401184 42.08847046 0.397471
-40.91962051 84.86346436 42.18306351 0.325867
-35.24703598 84.64421844 41.03870392 0.132211
-36.70148087 84.23833466 41.95026779 0.207614
-43.50129700 78.36791992 35.18897629 0.086316
-22.47062492 67.91085052 4.19161510 0.057829
-21.64211273 68.22779083 3.87598610 -0.026177
-21.03454971 69.31655121 4.11631870 0.006382
-21.06183243 69.67958832 4.90164566 0.408247
-35.30701447 85.83760071 4.70242453 -0.002603
-41.87950134 83.08315277 5.43022776 -0.070186
-40.98097610 84.81547546 4.82517338 -0.161392
-36.31682587 85.82662964 4.67996407 -0.061073
-39.70894241 83.75569153 5.55887747 0.056478
-38.63203430 85.77935028 4.14811707 0.087022
-40.58633423 85.28332520 4.24602318 0.041640
-41.70975113 81.98188019 5.62059307 -0.092259
-32.79917526 86.24497986 3.81614971 0.004330
-41.29715347 84.85315704 4.11056614 -0.043386
-38.82225418 82.61100006 6.85792160 0.072099
-31.37392807 86.36299133 3.47631359 0.140565
-30.73601151 86.17216492 3.85866690 -0.114312
-40.16939163 85.21437836 4.82469940 -0.076756
-39.41869354 82.08432770 6.82316208 0.074002
-37.18954086 85.89453125 4.32875633 -0.029275
-42.09370041 84.00272369 4.92188120 0.005955
-31.81898880 85.89179993 4.54495716 -0.182527
-41.82414627 84.41159821 4.58621407 -0.133779
-32.12624359 86.23345947 3.73314476 -0.034688
-42.66938400 82.02183533 5.59680748 0.005098
-28.58625603 85.04002380 5.18782330 0.019837
-27.88562775 85.58114624 4.40953779 -0.205623
-28.15265846 85.92637634 3.79629946 -0.204555
-28.96082306 85.98995209 3.95628452 -0.278562
-39.44552231 83.17966461 5.93277216 0.146219
-26.95351410 86.03362274 3.55543137 -0.061274
-33.18398285 85.50748444 4.96621847 -0.101955
-40.20676041 84.46852875 5.27276707 0.001570
-27.62660980 85.85232544 3.80348492 -0.180411
-38.65952301 83.90470123 5.69908857 0.081749
-30.00877762 85.69805145 4.61931562 -0.202809
-30.96802902 85.88468170 4.61349726 -0.181312
-36.07189560 84.98284149 10.66294193 0.135711
-34.93980408 84.80231476 9.10164165 0.045188
-29.98177528 86.26191711 3.70372105 -0.048450
-38.87912369 82.95156860 6.35487175 0.236234
-32.31035995 85.23838806 5.13755322 -0.074200
-32.75562286 86.06627655 4.47270012 -0.063528
-34.57734680 85.62904358 5.04146576 0.086867
-34.48769760 86.03075409 4.10613918 -0.004256
-42.28610992 81.37470245 5.70183134 -0.028998
-42.52891922 80.41186523 5.73727942 -0.074529
-37.05272675 85.63680267 4.79123783 -0.161003
-41.39423752 84.08518982 5.22443676 -0.064976
-36.89915466 84.96334076 5.25758600 -0.018471
-41.93187332 83.71566010 5.21228027 -0.062632
-38.74876022 85.53809357 4.69759846 -0.040695
-38.27511215 84.88569641 5.10914469 -0.120243
-37.85898590 85.59079742 4.60341120 -0.120620
-37.60675430 84.28424835 5.64950657 0.080257
-33.72695923 85.83978271 4.66833830 -0.146576
-38.25058746 82.95921326 6.81299782 0.053266
-37.86545563 83.59835052 6.21114922 0.217627
-34.75617218 84.87610626 5.53563786 0.117637
-32.82815933 84.60503387 5.52228403 -0.072731
-33.97457123 84.56545258 5.64947891 0.043555
-33.88010788 85.24327850 5.19364977 -0.018346
-36.00063705 83.99370575 6.42012835 0.172743
-37.44749832 83.40671539 7.09048176 0.086972
-33.87123108 84.28041077 6.56018400 0.052047
-42.50528336 83.50973511 5.07717085 -0.166548
-43.76773453 77.49538422 5.84978485 0.086720
-44.57614136 78.99760437 5.40573883 -0.099559
-44.88409042 77.50576782 4.63695049 -0.169256
-44.77893829 78.34375763 4.19396067 -0.285781
-44.39772797 78.29081726 5.65506887 0.041018
-30.06439400 84.74150848 5.61266088 0.126127
-43.89455795 76.28560638 5.83502293 0.108400
-39.02227402 85.73562622 3.47813511 -0.028755
-41.97428131 77.90006256 6.26159811 0.073245
-44.76858902 77.48622894 3.79776621 -0.251658
-44.61375046 75.29160309 5.21998310 -0.144703
-44.39840698 76.75514984 5.61889172 0.015588
-44.56747818 75.71527863 3.83842707 -0.272848
-43.39813232 76.59097290 5.90693092 0.084989
-45.48186493 76.87484741 3.34893131 0.563730
-44.90961075 79.21591949 3.63579559 -0.124131
-44.74309540 76.80014801 4.15747881 -0.249976
-44.52650452 75.83294678 5.51612091 0.002806
-45.10552979 74.14608002 3.52904558 0.522826
-44.67664719 76.05559540 4.25191545 -0.254845
-44.52767181 75.33768463 4.20295238 -0.309683
-43.92012405 75.48002625 5.80534744 0.125939
-44.80830765 76.86892700 3.56991673 -0.123897
-44.28493500 74.81916809 5.57867527 0.053018
-42.61722565 76.86204529 6.05270767 0.073630
-41.87829590 76.00736237 6.37027645 0.162736
-31.29515457 84.89159393 5.46660900 0.007930
-41.42781448 77.84275055 6.61884499 0.041754
-44.88481522 76.17592621 3.64619923 0.011418
-36.76118088 83.97261810 6.15242338 0.256750
-44.88261795 75.26667786 3.70710564 0.150360
-44.50668716 74.68003845 4.77807951 -0.270001
-44.70475006 75.64170074 4.83127499 -0.214729
-32.92336655 84.30564117 6.06028080 0.079973
-33.39875793 84.39079285 5.73749924 0.013314
-44.80137634 76.57894135 4.97047997 -0.118355
-44.66704941 77.48231506 5.43785000 -0.039318
-44.78954697 78.35031128 5.03594017 -0.221488
-41.53331757 78.67201996 9.16092968 0.180610
-41.17850494 77.14295959 7.00510454 0.133953
-40.93700027 78.69388580 7.99477100 -0.059829
-41.71160507 76.96917725 6.48879242 0.128804
-32.52725601 84.48219299 6.69558191 0.057245
-35.26084137 84.10869598 6.63756847 0.083881
-41.04981232 76.41918945 7.89927101 0.146792
-31.18917465 84.48258972 6.33591032 0.043330
-32.14986038 84.51072693 5.76717806 0.087769
-41.10474396 77.65578461 8.05788136 0.070365
-41.01467896 78.11998749 7.04723930 0.005135
-40.85475159 78.37763214 7.46835709 -0.071280
-41.37538528 79.03816223 6.48977661 0.064449
-39.34407425 85.14094543 4.99827576 -0.005838
-35.66722107 84.44605255 5.84140968 0.203136
-33.25492859 84.86376190 5.31464767 -0.099863
-40.29148865 82.84143066 5.77143574 0.050737
-41.07958221 82.63429260 5.59021616 -0.066924
-31.42858505 85.48941040 5.01612854 -0.033074
-30.68812561 85.34135437 5.11299419 0.010358
-36.22782516 84.34763336 8.93729401 -0.008559
-36.27967072 83.87549591 7.34381866 0.003785
-34.99295044 84.38253021 7.75614262 0.012837
-31.91479874 85.06140900 8.38101578 0.117660
-32.81798553 86.51523590 3.39013577 0.358800
-37.92152405 85.89141083 3.79600906 -0.024547
-35.52453995 86.10713959 3.93242550 -0.020194
-39.55739594 85.55028534 4.28845882 -0.044359
-33.39760208 86.60370636 3.35686398 0.453257
-33.45435333 86.14879608 3.78260946 -0.054111
-30.69145966 85.04937744 8.49108410 0.072764
-33.24296570 84.86537170 8.23772430 0.036631
-42.79071808 81.29014587 5.67023945 0.001703
-39.19222641 84.48200989 5.30624723 0.001957
-43.42909622 83.32756805 3.62505341 0.133204
-41.08872604 80.49237823 6.31373215 0.080398
-44.67349243 80.21618652 3.86655998 -0.280322
-44.64628220 80.48017883 4.74676371 -0.234249
-44.74737167 79.36614227 4.64436245 -0.271105
-43.68498993 81.78996277 5.38078117 -0.081859
-34.27876663 85.23773193 10.54168510 0.112321
-44.17090607 80.77190399 5.40383530 -0.069882
-44.46297836 79.82510376 5.38321686 -0.098698
-43.89618301 79.10381317 5.79154491 0.095813
-43.85297775 80.10247040 5.62240982 -0.003467
-40.92003632 79.66091919 8.42610359 0.017957
-40.68113708 80.66187286 8.82094669 0.011642
-44.49457169 82.15970612 3.80783987 0.231736
-40.73044968 83.48848724 5.48554516 -0.015700
-44.04776382 82.92224121 3.60845852 0.321935
-31.54277802 84.90978241 7.42826176 0.139406
-42.60174561 78.85433197 5.94658613 0.005166
-34.70840454 84.27584076 5.95991468 0.159024
-41.67992783 81.01269531 5.89521313 -0.015856
-41.82682800 79.94879913 6.00817537 -0.028903
-43.13059616 81.51563263 5.54958344 -0.048739
-43.39918137 80.86803436 5.63713646 0.009975
-43.25175858 79.87520599 5.75890684 0.020380
-44.48951721 81.19179535 4.20711231 -0.216641
-44.95645523 81.23152161 3.52128077 0.239365
-40.86326981 81.75558472 5.98971081 0.031920
-39.84732437 82.33901978 6.24746418 0.207357
-37.63518524 84.46212769 10.76604557 0.061195
-45.50237274 80.28447723 3.23189068 0.581255
-44.40990448 81.29687500 4.92032003 -0.249975
-39.05474854 82.34783173 7.39417171 -0.023611
-40.75909424 79.21571350 7.28630924 -0.071586
-37.65930557 83.70844269 8.67965603 0.023951
-40.71020126 80.08367920 6.80186558 0.052282
-40.41588974 80.42103577 7.54438782 -0.043551
-38.63336563 82.69203186 7.14307880 0.023319
-35.54484177 85.28352356 5.23562717 0.060411
-40.85979462 81.63048553 10.16669559 0.124780
-40.23534775 81.20673370 6.70644999 0.133761
-38.40307236 82.94954681 7.69626331 0.011745
-38.79872513 83.13445282 9.00109673 -0.012342
-44.14035797 82.01393127 4.61327076 -0.169500
-39.89522552 82.77821350 10.19992733 0.067896
-42.67918015 83.71244812 4.25217533 -0.134059
-43.67552948 82.81502533 4.24929905 -0.053037
-39.91079330 81.51977539 7.91406441 -0.002421
-39.42425156 82.38068390 8.59350204 -0.040578
-43.62736130 82.56976318 4.92030048 -0.211170
-43.15353775 83.17153931 4.81367588 -0.176111
-41.96603394 84.43814850 3.54526663 -0.032343
-42.94411469 82.80586243 5.32746840 -0.073928
-31.41109085 86.06853485 3.99704599 -0.132403
-39.97063446 85.44435120 3.58142138 -0.063996
-19.74545288 79.20546722 5.42741489 0.053008
-19.40989876 80.69516754 6.16363764 -0.177154
-19.98248100 78.42855835 5.05696011 -0.061087
-20.29562569 77.92584991 5.38393688 -0.000832
-20.32947922 77.22152710 5.24000454 0.084932
-19.75378799 78.93125916 6.25324440 -0.156420
-19.47823906 79.63735199 6.44366884 -0.243890
-19.49254608 80.08083344 5.53697348 0.107873
-19.83233070 78.95083618 6.94991970 -0.217046
-20.65618324 78.12899017 6.23275518 -0.115697
-21.85857773 78.57083893 7.13640308 0.041797
-21.31309891 79.10410309 7.65844154 0.078903
-22.16355515 77.95342255 6.44355011 0.147118
-21.42769814 78.07763672 6.54170418 0.040214
-22.68316650 78.43198395 6.91922474 0.109199
-22.51103592 78.94145966 7.37130737 0.024406
-23.43286514 78.92834473 7.29515362 0.011078
-23.34545135 76.97752380 5.89442873 0.071754
-23.22608757 77.92574310 6.38966084 0.216056
-23.97833061 77.61251831 6.30419302 0.190196
-22.52616119 80.44866943 7.66292667 -0.006861
-22.89454460 82.77016449 7.80947781 0.158724
-23.40482521 82.58802795 8.47104836 -0.167161
-20.36421204 78.56252289 6.88822031 -0.179791
-22.90702438 81.95423126 8.19433975 0.105056
-22.86705589 81.11030579 8.07238197 0.152866
-22.21855736 81.49189758 7.60674763 0.080197
-25.41941452 84.47967529 7.11409950 -0.166413
-25.30559921 84.39955139 6.21112585 -0.150864
-23.65146255 85.37210083 3.59216499 -0.063272
-20.64765930 83.69657898 5.10906410 -0.075536
-20.79498482 81.15972900 7.67335224 -0.009218
-21.00599480 81.96343231 7.49856186 -0.027954
-25.32840919 85.97233582 3.57133245 -0.091846
-26.00073433 85.74739075 4.02336884 -0.283977
-26.21717453 84.43360138 8.01574612 -0.201242
-22.17049026 84.56916809 4.90576649 0.207935
-24.92492294 85.27747345 4.24282265 -0.229686
-22.55565262 85.21073914 3.99056911 -0.259147
-24.00034142 85.17577362 4.00529718 -0.005146
-24.60800743 83.70371246 8.56745338 -0.155517
-23.34154129 85.14314270 4.09558010 -0.170300
-24.60388565 84.35994720 6.79333448 -0.195760
-24.94031334 84.33335114 7.79631710 -0.168501
-26.01302147 85.13609314 4.79111242 -0.020663
-24.31355286 84.40858459 5.77221966 0.045386
-23.02615547 84.81012726 4.63624382 0.033956
-23.90289307 84.02294922 7.43071842 -0.184719
-25.08609772 84.72267151 5.19028854 0.247281
-23.98259735 84.75418854 4.71052313 -0.038016
-22.18723106 84.22993469 5.66480112 -0.121343
-23.80363464 84.24475861 6.39723015 -0.036209
-21.54852295 84.22695923 5.55711365 -0.124541
-21.23390579 84.27655792 4.88844490 0.016573
-21.68197823 84.87693787 4.13523912 -0.136189
-23.10792542 84.33984375 5.57610941 -0.001240
-20.77812576 79.98655701 7.76895523 -0.015260
-23.08748817 83.93450928 6.61014271 -0.030359
-20.00363922 80.75193787 7.62429619 -0.124322
-21.39745903 81.50621796 7.49435043 -0.043347
-21.04976082 84.50360870 4.15217733 -0.141953
-22.39907837 84.00015259 6.16164637 -0.213246
-21.64653778 84.01635742 6.22427034 -0.245565
-21.60941505 80.77360535 7.53147411 -0.080624
-20.87816811 83.91503143 5.90543985 -0.301505
-20.74035072 83.97799683 4.46667576 -0.023817
-22.08745193 83.55370331 6.79563713 -0.049603
-20.50648117 84.17093658 3.82886982 -0.162750
-20.20450783 83.20182800 4.50257254 0.126970
-21.16869545 83.65648651 6.71683788 -0.288545
-25.57552528 84.04335022 8.52433109 -0.230722
-22.97379112 83.38535309 7.27839851 0.149983
-23.60967064 83.28554535 8.14049911 -0.251663
-20.45186234 83.41001129 6.67935801 -0.477596
-25.81813431 83.49166107 9.18045521 -0.167831
-22.19799042 82.85859680 7.32861519 0.185975
-22.37510490 82.27612305 7.63821888 0.254719
-21.68004608 82.23366547 7.45614529 0.108911
-22.56991386 79.56285858 7.53861904 0.005257
-25.65335083 78.91902161 8.13433647 0.220430
-19.82883453 79.71722412 7.45023918 -0.130734
-20.44485092 79.03361511 7.52948475 -0.070076
-24.67820930 78.78965759 7.45497799 0.129321
-23.37956429 81.16863251 8.69392204 -0.174144
-27.06165314 77.71762848 8.17879105 1.048013
-26.17728043 77.95507050 7.09637547 0.336049
-25.20171928 81.97487640 9.73604584 -0.058918
-24.90424919 79.52106476 8.56588078 -0.024438
-25.23728180 79.69255066 8.98961926 0.080727
-21.00020790 78.50660706 7.04518414 -0.087903
-23.49801826 80.35645294 8.37193775 -0.071326
-24.42147255 79.88209534 8.74646950 -0.065820
-24.22863197 79.42566681 8.11653614 -0.013279
-21.55579758 76.85424042 5.48087025 0.061861
-22.32586479 77.24154663 5.82475424 0.124518
-26.31472015 79.40258789 9.07699680 0.170894
-19.46840668 78.75637054 4.31139708 -0.235340
-23.80222321 81.85958862 9.09957790 -0.187023
-24.43917847 80.65403748 9.23536110 -0.066242
-27.30574226 78.77759552 9.38164711 0.196224
-25.67558098 80.04884338 9.52703094 0.180559
-20.07805061 78.56171417 6.46626234 -0.274485
-25.77801704 80.80397034 9.83197975 0.012659
-27.00583649 78.36267090 8.58235455 0.688400
-26.72839737 78.81426239 8.67305279 0.375026
-26.62068558 78.34568024 8.16917324 0.628002
-23.25489044 79.77333832 7.82038784 0.094009
-24.98134995 82.97101593 9.21342659 -0.097376
-21.77649498 79.88909149 7.56039619 -0.059443
-19.50525665 80.37751770 7.01611137 -0.291257
-24.73688316 82.29032135 9.43016434 -0.103752
-27.21977997 79.91171265 10.45572376 -0.021417
-26.56521988 79.98550415 9.73147774 0.125494
-21.98692322 79.19908142 7.52563477 0.032006
-24.30535126 78.16719055 6.73407412 0.271526
-25.27011490 78.43122101 7.03366947 0.165794
-24.76955414 77.45040894 6.31405449 0.116384
-20.88894272 76.91168976 5.40634966 0.137762
-20.70868683 77.52764893 5.61826515 0.158824
-21.37296295 77.47999573 5.90768957 0.262231
-24.11900330 82.83281708 8.84170818 -0.172058
-20.10879326 78.53108978 5.82424402 -0.229235
-24.90972710 81.53457642 9.63839054 -0.087305
-20.52783585 70.24010468 4.44163752 0.238051
-20.45648384 70.91880035 4.73769617 0.351122
-19.96636009 71.14061737 4.06500578 -0.068820
-20.82191467 70.44384003 5.56049633 0.014180
-20.80745697 70.29589081 4.88755894 0.347467
-20.08190155 82.75239563 7.07649994 -0.292342
-21.02175522 82.86741638 7.27551556 -0.049567
-20.20605278 81.91244507 7.52525806 -0.087036
-19.70343781 82.13774872 7.02773285 -0.246590
-19.57791901 81.96940613 6.60191202 -0.317163
-19.54007912 81.34902954 6.95543957 -0.298689
-20.03213120 83.04847717 6.50490046 -0.379668
-20.13282776 83.26483154 5.84073687 -0.233526
-27.12946510 78.91351318 10.52575779 -0.112157
-19.74469757 82.12953186 4.52650070 0.250223
-19.82664108 82.49971771 5.32388830 0.089162
-19.04844475 80.84174347 3.59702921 -0.096277
-26.44002533 77.05345917 7.23629665 0.588253
-19.18498611 80.21492767 3.83411789 -0.221618
-19.45935059 81.53901672 3.84567642 -0.114705
-26.78315353 76.67965698 7.90527630 1.163844
-26.44202232 75.48844147 8.02497387 1.241617
-25.50250244 76.78123474 6.53634691 0.305614
-24.11672211 76.25109863 5.93129253 0.045911
-19.10660362 77.78888702 3.64850616 -0.180050
-19.76206398 77.50498199 4.66619158 -0.164590
-20.45545959 71.61563873 6.24674463 -0.130294
-23.91548347 75.57092285 6.00734711 0.158117
-23.03759384 75.51947784 5.90014172 0.194829
-19.39697838 80.71708679 4.12671709 -0.042744
-21.13907242 73.18410492 7.80077934 0.025524
-23.55174065 74.98467255 6.33889818 0.074806
-22.28274918 74.94657898 6.14207315 0.122428
-19.66194344 81.86363220 5.17142439 0.188772
-22.85796165 76.08963013 5.75488377 0.102090
-21.17105484 76.20388794 5.33990431 0.035244
-22.87854195 74.11363220 7.37307930 -0.039942
-22.38818741 74.55815125 6.85282278 -0.060287
-19.40276718 76.95765686 3.88851452 -0.140107
-22.14674377 76.39655304 5.56379700 0.046310
-21.74981880 75.44561768 5.57529068 0.144515
-19.42136955 72.58500671 3.86491251 -0.117433
-23.44172668 74.46714783 6.99744034 -0.034971
-20.61064339 72.46280670 7.70638943 -0.062343
-19.75080299 76.40005493 4.36317062 -0.121288
-19.40342712 75.89640045 3.69044924 -0.144871
-19.57662010 74.80764008 3.92858458 -0.191096
-20.48162079 72.96508026 6.91659641 -0.275264
-20.88402748 73.74648285 7.14261436 -0.233013
-20.64751816 73.16097260 7.47230053 -0.125435
-20.32908249 73.00239563 5.08545160 0.216017
-21.25356865 72.38772583 8.01469994 0.187336
-19.92665672 73.87573242 4.65905523 -0.048155
-20.74327278 74.54399872 5.33254242 0.097796
-19.51654625 71.91983032 3.79429913 -0.088919
-21.46197128 74.33712006 6.92989635 0.001551
-21.12815285 74.10850525 6.31729412 -0.242153
-20.79682922 73.56362915 6.42344379 -0.295585
-20.73385048 73.10946655 6.05665874 -0.147261
-21.87023163 73.88284302 7.57058716 -0.045484
-21.04805946 74.25360107 5.77327442 -0.056417
-19.73138618 82.54714966 6.38863182 -0.362673
-20.53251648 71.28126526 5.95046377 -0.023955
-19.54531288 81.08606720 4.95017290 0.379295
-20.25314713 76.43943787 5.05527306 -0.004214
-19.12935638 73.16864014 3.72300863 0.027336
-19.56174088 73.05475616 4.18423271 -0.026551
-20.62354851 72.68640900 5.61289310 0.081317
-20.54249001 71.96543884 5.78707790 0.057796
-21.68491554 74.54829407 6.44111919 -0.062958
-25.96377373 76.16070557 7.13370037 0.780322
-25.50955200 75.28223419 7.19454002 0.691472
-19.93319702 71.98122406 4.35114765 -0.003103
-20.57052803 73.50122070 5.34768248 0.141000
-20.93355560 73.78964233 5.79056549 -0.125960
-21.39835358 74.62379456 5.88654137 0.065088
-20.04487038 72.65289307 4.80574179 0.232698
-20.01521492 75.35692596 4.63504553 -0.123208
-20.71008873 75.56529236 5.21680927 0.077426
-20.41347694 71.66677856 5.20896149 0.448814
-20.38289070 72.01538849 7.12379074 -0.193459
-20.41060829 72.36974335 5.27844858 0.384196
-19.53697586 81.71392822 5.98260546 -0.139001
-24.79774666 75.62436676 6.35852623 0.359001
-24.50585365 74.66252899 6.93089819 0.087599
-23.94550705 73.60882568 7.59810925 -0.056297
-19.49283218 79.93128967 4.54975462 0.078326
-20.47609138 72.20922089 6.37017488 -0.212179
-34.89957047 67.64412689 3.49723577 0.118191
-31.67508698 66.82647705 3.56108809 0.554362
-22.09937286 67.45827484 3.68723536 0.031899
-35.80124283 67.75469971 3.48183012 0.111825
-36.66411209 67.83443451 3.46762753 0.172877
-31.74227905 68.91857910 3.51671362 -0.365577
-37.75860596 86.43495941 3.06587124 0.567580
-24.78847885 86.37800598 3.25566816 0.440539
-29.99236107 67.98339081 3.56156063 -0.410424
-32.02548981 81.15908051 3.25868416 -0.107547
-32.45077133 74.96002197 3.38108969 -0.229953
-33.30271149 67.46125031 3.52425194 0.105924
-32.16156006 71.81967163 3.45043755 -0.299301
-31.96905518 71.40309906 3.46187830 -0.310741
-32.24218750 82.36888885 3.23043728 -0.079300
-22.39595413 67.19694519 3.68834352 0.093813
-21.35811234 67.93035126 3.68822241 0.105639
-45.82456207 79.99839020 3.08209085 0.881365
-32.18392944 80.01190186 3.28017664 -0.129040
-23.46006012 85.84427643 3.28605795 0.049911
-39.83348465 86.21894073 3.04017925 0.672022
-19.62010193 83.57679749 3.38893509 -0.074499
-32.18600464 79.98675537 3.28066826 -0.129531
-44.42679596 70.69428253 3.29541683 1.059132
-32.48728943 75.78511047 3.36344337 -0.212306
-32.55842209 76.49703217 3.34764099 -0.196504
-32.04379272 80.48759460 3.27234697 -0.121210
-18.66454315 80.83462524 3.45971346 0.269406
-44.27075958 70.45185852 3.30271482 1.040168
-19.05488396 74.52341461 3.58495378 0.072319
-32.07611465 70.14520264 3.48641443 -0.335278
-32.15412903 70.26641083 3.48276567 -0.331629
-26.46685982 66.50604248 3.64347506 0.355666
-27.13249207 66.20052338 3.64013195 0.622583
-31.99370193 70.61457825 3.47787619 -0.326739
-19.88146782 69.83853149 3.67011404 0.199630
-32.15171814 82.97792053 3.21911955 -0.067983
-40.07112885 86.20631409 3.03698444 0.753041
-31.16812134 68.15835571 3.54083252 -0.389696
-44.83829880 82.95397186 3.03512478 1.056019
-43.93762589 83.84476471 3.02974415 0.907158
-32.16522217 71.83998108 3.44996309 -0.298826
-32.06076813 72.37069702 3.44047260 -0.289336
-19.16575623 71.37363434 3.64867878 0.356830
-31.84474564 69.83750916 3.49616194 -0.345025
-31.98226547 83.93196106 3.20179367 -0.050657
-46.00131989 77.91634369 3.12270927 1.024181
-22.42395020 86.04583740 3.29694414 0.259586
-31.91437149 83.60188293 3.20962811 -0.058491
-19.46513748 83.00186920 3.40311480 -0.019286
-31.90352631 83.20093536 3.21810246 -0.066966
-39.90754700 86.23571777 3.03875399 0.711089
-41.96155167 85.38999939 3.02642727 0.808026
-32.76937103 85.60777283 3.15558529 -0.004448
-32.32616425 85.92358398 3.15547943 -0.004343
-32.43981934 85.93208313 3.15364981 -0.002513
-30.72962952 86.87075806 3.15904856 0.682619
-29.59457207 86.91777039 3.17457962 0.691841
-31.66107941 85.47450256 3.17446661 -0.023330
-45.15780258 82.35685730 3.04286480 1.028779
-32.27820587 81.80603027 3.24158955 -0.090453
-32.20515060 82.08811188 3.23680019 -0.085663
-44.34192657 83.40000153 3.03309059 0.935786
-32.43677521 77.85040283 3.32133675 -0.170200
-45.86417770 75.70408630 3.17059374 1.105457
-45.99253845 78.09609222 3.11910820 1.006453
-45.16469193 72.30633545 3.25124741 1.145738
-32.51586151 77.63006592 3.32475758 -0.173621
-19.02273369 77.45537567 3.52460194 0.054560
-32.14959335 80.27924347 3.27513027 -0.123993
-45.96443176 78.79769135 3.10496330 0.971907
-32.49095917 75.48046112 3.36970997 -0.218573
-32.47986984 75.18067169 3.37608957 -0.224953
-45.84201813 75.10450745 3.18335342 1.177279
-28.14459991 86.51818085 3.20395470 0.357747
-32.46160889 77.12645721 3.33599281 -0.184856
-29.60902023 66.58235168 3.59619761 0.506943
-45.75745010 74.65771484 3.19385099 1.130880
-32.30211639 74.18845367 3.39925671 -0.248120
-25.42813492 66.43336487 3.66008759 0.350373
-32.49406052 76.82617188 3.34174967 -0.190613
-26.28974342 66.52620697 3.64563274 0.292169
-24.43974495 66.57612610 3.67149973 0.164967
-30.80085754 66.63523865 3.57776833 0.696238
-24.83619881 66.57343292 3.66579008 0.118836
-31.74019623 68.91719818 3.51677227 -0.365635
-31.31881714 68.67596436 3.52790403 -0.376767
-37.49843979 67.74756622 3.45729637 0.307698
-38.37429810 67.91468811 3.44109297 0.420972
-30.27619171 68.03422546 3.55637836 -0.405241
-35.68556213 86.70094299 3.09050083 0.703031
-36.76604843 86.76822662 3.07339239 0.876044
-25.81707954 86.46628571 3.23887873 0.371237
-32.24887085 86.92190552 3.13589478 0.764322
-31.63481140 84.75900269 3.18969059 -0.038554
-31.28316498 85.06455231 3.18846655 -0.037330
-31.71312714 84.16518402 3.20086956 -0.049733
-34.17795563 87.29305267 3.10014248 1.245205
-33.65146637 87.15798950 3.11060047 1.068999
-30.54087067 68.05661774 3.55206490 -0.400928
-28.05096436 86.50952911 3.20549631 0.352932
-41.07514954 86.02160645 3.02621555 0.955583
-31.83689117 83.31439972 3.21671820 -0.065581
-18.56599236 80.07218933 3.47696209 0.375175
-32.23489761 79.70255280 3.28585243 -0.134716
-32.20026398 79.95589447 3.28110123 -0.129964
-18.64523125 79.40671539 3.48961401 0.314976
-31.39454651 84.45331573 3.19952583 -0.048389
-32.35969543 79.01043701 3.29839468 -0.147258
-32.43811417 78.27792358 3.31244898 -0.161312
-35.73165512 86.70132446 3.08982277 0.701751
-32.51202774 77.68585205 3.32365561 -0.172519
-32.39742661 78.77645111 3.30269957 -0.151563
-26.76918030 86.58296204 3.22261286 0.462932
-32.52192307 76.24327087 3.35343599 -0.202299
-32.46894073 76.07806396 3.35763359 -0.206497
-32.17125320 82.16116333 3.23577833 -0.084641
-19.39436913 82.23482513 3.42005491 -0.163796
-32.42405701 78.62873077 3.30537701 -0.154240
-32.16498184 71.82697296 3.45023632 -0.299099
-32.15034866 81.64511871 3.24678612 -0.095649
-23.17936516 85.92744446 3.28841448 0.160900
-31.40078735 68.59416199 3.52840900 -0.377272
-31.62782288 68.26370239 3.53196239 -0.380826
-31.38501740 84.46186829 3.19948673 -0.048350
-31.77886581 83.71079254 3.20933962 -0.058203
-23.57717514 85.82554626 3.28474331 0.032478
-20.97094536 85.31195068 3.33329725 -0.182160
-45.40199661 73.51744843 3.22267342 1.014848
-31.98165894 71.29922485 3.46384907 -0.312712
-32.16648102 70.98370361 3.46770668 -0.316570
-31.86922455 69.79254150 3.49673843 -0.345602
-43.80802536 69.83648682 3.32220936 0.952463
-43.51593399 69.59686279 3.33142757 0.825219
-32.27406693 69.29567719 3.50115776 -0.350021
-32.12801361 69.17587280 3.50576687 -0.354630
-31.74189758 84.23062897 3.19909382 -0.047957
-31.27279282 85.06715393 3.18856335 -0.037426
-43.39935684 84.31121063 3.02789593 0.857434
-32.19161224 81.49054718 3.24939251 -0.098256
-32.18147659 82.48101807 3.22899437 -0.077857
-32.05561829 82.70653534 3.22614670 -0.075010
-44.20864105 83.62694550 3.03032112 0.959424
-32.10731506 70.87694550 3.47078228 -0.319645
-44.77235413 71.43254852 3.27507782 1.076093
-30.83287048 68.10146332 3.54688835 -0.395751
-31.42050552 68.22852325 3.53570747 -0.384571
-41.48290253 68.52667999 3.38319159 0.560475
-42.74445724 69.08226776 3.35332108 0.668457
-31.74594116 68.92137909 3.51660204 -0.365465
-39.72363281 68.18285370 3.41590786 0.419419
-20.58403778 84.74428558 3.35069942 -0.199563
-20.48878670 84.65460968 3.35394478 -0.202808
-31.58718872 84.71415710 3.19131327 -0.040176
-42.74029541 69.07950592 3.35343885 0.667092
-31.46624756 85.35096741 3.17986250 -0.028726
-45.90047455 76.79753876 3.14738369 1.013776
-18.88369370 78.45973969 3.50578976 -0.000435
-18.85818863 78.92586517 3.49649191 0.046408
-45.59073257 74.08745575 3.20810461 1.068171
-32.21876144 73.90332031 3.40638351 -0.255247
-32.09306717 80.86880493 3.26372290 -0.112586
-19.08764458 76.85482788 3.53611565 0.002300
-32.40616608 74.59056854 3.38940239 -0.238266
-32.40848541 74.73663330 3.38633823 -0.235201
-32.25321579 79.25086975 3.29495573 -0.143819
-32.34581375 78.92510986 3.30036640 -0.149230
-18.54329300 80.02542877 3.47826242 0.389440
-18.54743576 79.97512054 3.47924566 0.379925
-32.43238449 77.94027710 3.31953621 -0.168399
-18.87223625 77.78445435 3.51996422 0.022610
-32.19527817 80.03529358 3.27952671 -0.128390
-45.73319626 80.48629761 3.07329845 0.854391
-18.96270561 81.28619385 3.44601011 0.079836
-32.17457199 81.38488007 3.25183296 -0.100696
-32.12802887 73.42735291 3.41757631 -0.266439
-32.17752075 73.02194977 3.42526579 -0.274129
-32.14534760 72.84402466 3.42942429 -0.278287
-32.05887604 72.41638184 3.43955326 -0.288416
-32.12439346 73.61832428 3.41366768 -0.262531
-29.83439827 66.60048676 3.59254360 0.501363
-29.69707108 66.56329346 3.59531260 0.532276
-29.46216965 66.55372620 3.59892702 0.525225
-28.52426910 66.77632904 3.82301760 0.167363
-27.40549088 66.74359131 3.89998579 0.124193
-28.30522537 66.19941711 3.62310123 0.739910
-28.03221893 66.15396118 3.62801361 0.788968
-23.72919273 66.98535919 3.76637411 0.006510
-24.45862961 66.99144745 3.97871113 -0.002164
-24.08525467 66.71760559 3.67372036 0.053985
-23.59942245 66.85659790 3.67790174 0.090287
-32.42158508 67.25436401 3.54135656 0.222815
-32.10129547 67.18759918 3.54739904 0.254110
-35.74649429 67.85772705 3.51550055 -0.001198
-40.30763626 68.27256775 3.40555429 0.385535
-40.20132065 68.42203522 3.50503206 0.213804
-34.07455063 67.61329651 3.50987339 0.057236
-33.42019653 67.46652222 3.52243376 0.114855
-39.43912888 68.12905884 3.42116117 0.413789
-39.19427490 68.13807678 3.42453480 0.300767
-34.54977036 67.49893188 3.50533485 0.219217
-34.66129684 67.77406311 3.55002260 -0.044817
-37.14179611 67.81607819 3.46106195 0.209980
-32.53597260 67.67126465 3.94217682 -0.229418
-40.97813416 68.38636017 3.39344311 0.512739
-41.14831543 68.63484955 3.51885653 0.331000
-41.89754105 68.59706116 3.37570238 0.638690
-31.57151794 67.26525116 3.74955606 0.119705
-30.64393616 67.07787323 3.80494404 0.251670
-30.93530655 66.67459869 3.57499695 0.678658
-38.81757355 68.25846863 3.50454044 0.085193
-38.08271027 68.31180573 3.75619841 -0.089434
-38.62661743 68.03642273 3.43489885 0.311449
-43.57872391 69.94170380 3.55343533 0.621311
-42.67415237 69.53306580 3.95518827 0.175692
-42.75178528 69.08786011 3.35309839 0.670402
-45.15737152 72.26568604 3.25219631 1.149186
-45.15300751 72.27603912 3.25604630 1.141979
-44.65401459 71.21901703 3.28122807 1.057886
-44.71178818 71.43559265 3.30290413 1.015606
-45.16421127 72.28031921 3.25179386 1.151995
-45.33764648 73.16162872 3.23098993 1.045442
-22.52064514 67.36459351 3.75507545 0.022947
-20.90403748 68.59127045 3.68111610 0.087188
-20.74009895 68.75488281 3.68010616 0.143102
-22.67812157 67.17475891 3.68470001 0.031616
-38.44747543 86.32639313 3.05810595 0.546970
-33.14346695 87.08394623 3.11952400 0.949977
-33.25507355 87.09156799 3.11774302 0.967290
-34.23793411 87.07903290 3.18373489 1.017982
-33.35081863 87.10210419 3.11613178 0.986267
-36.80711746 86.11440277 3.47848368 0.150759
-30.74924469 86.84379578 3.16832590 0.655790
-25.68382645 86.44788361 3.24119854 0.370602
-26.18015099 86.19033813 3.48140097 0.048145
-28.12730789 86.49427795 3.21170425 0.334606
-26.52914429 86.58871460 3.22598410 0.485089
-30.76862335 86.86952209 3.15850735 0.685027
-31.95148849 86.83118439 3.16010666 0.649349
-31.92923355 86.88414001 3.14132595 0.701458
-45.52159500 80.90299225 3.06773233 0.737765
-34.71615982 87.31728363 3.09181309 1.288813
-34.89880753 86.52621460 3.36064863 0.461628
-38.14176178 86.44505310 3.06009007 0.634707
-35.77801132 86.68864441 3.08941174 0.688607
-39.94970322 86.23730469 3.03810787 0.728308
-39.91968155 86.20019531 3.04931736 0.681117
-41.98229599 85.38480377 3.02623320 0.811879
-45.50483322 75.52947235 3.41551685 0.735269
-46.00897980 77.80474091 3.12491322 1.037493
-45.13843155 78.15708923 3.41035366 0.121453
-45.82747650 76.29000092 3.15897322 0.990235
-45.69710541 78.91996765 3.19034147 0.697300
-45.86119843 79.09501648 3.10029697 0.873792
-45.09000778 82.50293732 3.04082012 1.062244
-44.99158478 82.07862091 3.26712227 0.729918
-45.30390930 81.79270172 3.05244207 0.892082
-45.38643646 81.48353577 3.05765533 0.817112
-33.99992371 86.54440308 3.40735388 0.436022
-44.05729675 83.51729584 3.11982346 0.759175
-44.66861343 82.73526001 3.26920128 0.772084
-42.99386597 83.95172119 3.31133652 0.271266
-42.70464325 84.75659180 3.02875996 0.741624
-42.68558502 84.77370453 3.02868176 0.743913
-28.11470985 86.52088928 3.20433331 0.363385
-29.50306320 86.81558990 3.21204090 0.587564
-29.45227623 86.89889526 3.17704105 0.677905
-40.92314148 85.17925262 3.28397655 0.109899
-34.91827011 87.31371307 3.08894777 1.294499
-23.80449104 85.84256744 3.28108454 0.077111
-24.58493614 86.23345184 3.26162672 0.334709
-22.76423264 86.09443665 3.29098749 0.314792
-22.69381523 85.88663483 3.41035891 0.092255
-23.12365913 85.43965149 3.61044312 -0.248339
-21.84955215 85.49365234 3.53582191 -0.228679
-21.08459091 84.92367554 3.60778522 -0.309203
-21.36060524 85.55899811 3.32250643 -0.099368
-21.90546417 85.92834473 3.30692148 0.168306
-24.35520935 85.58389282 3.47350454 -0.242394
-20.08444405 84.15003967 3.37029171 -0.203918
-20.02690697 84.01914978 3.37384367 -0.198930
-19.19096947 71.16590118 3.65262127 0.380669
-19.56061745 70.53486633 3.66033554 0.203306
-19.99072838 83.51102448 3.59497738 -0.203295
-19.93042564 69.74859619 3.67126751 0.217657
-20.14028549 70.31015778 3.92465305 -0.053962
-18.57596779 79.91339874 3.48011112 0.349573
-19.11000633 79.51862335 3.68259859 -0.143319
-18.58402634 80.01729584 3.48784161 0.347919
-18.83043098 78.75520325 3.50043535 0.068346
-19.21637344 76.19652557 3.54789877 -0.004744
-19.11773109 75.25685120 3.56882572 0.137198
-19.11040306 75.86612701 3.55629396 0.061939
-18.84678268 73.71920013 3.60466242 0.234821
-19.05952072 74.81555176 3.57882595 0.127920
-19.33560753 73.90180206 3.79483032 -0.146600
-19.27294540 82.45909119 3.41716862 -0.002323
-18.95685959 72.43508911 3.62969828 0.375670
-18.99678993 81.49755096 3.44113064 0.041079
-18.95305061 72.52642822 3.62785912 0.346826
-18.85405350 73.33723450 3.61247969 0.249821
-19.60783386 82.55515289 3.55335188 -0.208838
-19.25250053 81.81936646 3.43073606 -0.148355
-19.28811264 71.24614716 3.68155432 0.271064
-18.98527718 72.45673370 3.63984013 0.341081
